
clang/bios.clang.elf:	file format elf32-z80

Disassembly of section .boot_code:

00000280 <_relocate_bios>:
; {
     280: 11 cb ec     	ld	de,$eccb
;     _bss_compiler_head = 0;
     283: af           	xor	a
     284: 21 ca ec     	ld	hl,$ecca
     287: 77           	ld	(hl),a
;     memcpy(&_bss_compiler_head + 1,
     288: 01 f6 06     	ld	bc,$6f6
     28b: 78           	ld	a,b
     28c: b1           	or	c
     28d: 28 02        	jr	z,$291
     28f: ed b0        	ldir
;     memcpy((void *)BIOS_BASE,
     291: 21 54 04     	ld	hl,$454
     294: 11 00 da     	ld	de,$da00
     297: 01 ca 12     	ld	bc,$12ca
     29a: 78           	ld	a,b
     29b: b1           	or	c
     29c: 28 02        	jr	z,$2a0
     29e: ed b0        	ldir
;     memcpy((void *)CFG_ADDR, confi_on_disk, 128);
     2a0: 21 80 00     	ld	hl,$80
     2a3: 11 00 d5     	ld	de,$d500
     2a6: 01 80 00     	ld	bc,$80
     2a9: ed b0        	ldir
;     memcpy((void *)CONV_ADDR, conv_tables, 384);
     2ab: 21 00 01     	ld	hl,$100
     2ae: 11 80 f6     	ld	de,$f680
     2b1: 01 80 01     	ld	bc,$180
     2b4: ed b0        	ldir
; }
     2b6: c9           	ret

000002b7 <_verify_relocation>:
;     if (_sentinel_addr != SENTINEL_VALUE)
     2b7: 2a c8 ec     	ld	hl,($ecc8)              ; 0xecc8 <__sentinel_addr>
     2ba: 7c           	ld	a,h
     2bb: ee 18        	xor	$18
     2bd: 57           	ld	d,a
     2be: 7d           	ld	a,l
     2bf: ee 42        	xor	$42
     2c1: b2           	or	d
     2c2: 20 01        	jr	nz,$2c5
; }
     2c4: c9           	ret
; static __inline__ void intrinsic_halt(void) { __builtin_z80_halt(); }
     2c5: 76           	halt
;         for (;;) hal_halt();  /* hang — display will show nothing */
     2c6: 18 fd        	jr	$2c5

000002c8 <_bios_hw_init>:
;     setup_ivt();
     2c8: cd 0b 04     	call	$40b
; DEFPORT(pio_a_ctrl,   PORT_PIO_A_CTRL)
     2cb: 3e 20        	ld	a,$20
     2cd: d3 12        	out	($12),a
; DEFPORT(pio_b_ctrl,   PORT_PIO_B_CTRL)
     2cf: 3e 22        	ld	a,$22
     2d1: d3 13        	out	($13),a
; DEFPORT(pio_a_ctrl,   PORT_PIO_A_CTRL)
     2d3: 3e 4f        	ld	a,$4f
     2d5: d3 12        	out	($12),a
; DEFPORT(pio_b_ctrl,   PORT_PIO_B_CTRL)
     2d7: 3e 0f        	ld	a,$f
     2d9: d3 13        	out	($13),a
; DEFPORT(pio_a_ctrl,   PORT_PIO_A_CTRL)
     2db: 3e 83        	ld	a,$83
     2dd: d3 12        	out	($12),a
; DEFPORT(pio_b_ctrl,   PORT_PIO_B_CTRL)
     2df: d3 13        	out	($13),a
; DEFPORT(ctc0,         PORT_CTC0)
     2e1: af           	xor	a
     2e2: d3 0c        	out	($c),a
;     port_out(ctc0, CFG.ctc_mode0);
     2e4: 3a 00 d5     	ld	a,($d500)               ; 0xd500 <__boot_end+0xd0ac>
; DEFPORT(ctc0,         PORT_CTC0)
     2e7: d3 0c        	out	($c),a
;     port_out(ctc0, CFG.ctc_count0);
     2e9: 3a 01 d5     	ld	a,($d501)               ; 0xd501 <__boot_end+0xd0ad>
; DEFPORT(ctc0,         PORT_CTC0)
     2ec: d3 0c        	out	($c),a
;     port_out(ctc1, CFG.ctc_mode1);
     2ee: 3a 02 d5     	ld	a,($d502)               ; 0xd502 <__boot_end+0xd0ae>
; DEFPORT(ctc1,         PORT_CTC1)
     2f1: d3 0d        	out	($d),a
;     port_out(ctc1, CFG.ctc_count1);
     2f3: 3a 03 d5     	ld	a,($d503)               ; 0xd503 <__boot_end+0xd0af>
; DEFPORT(ctc1,         PORT_CTC1)
     2f6: d3 0d        	out	($d),a
;     port_out(ctc2, CFG.ctc_mode2);
     2f8: 3a 04 d5     	ld	a,($d504)               ; 0xd504 <__boot_end+0xd0b0>
; DEFPORT(ctc2,         PORT_CTC2)
     2fb: d3 0e        	out	($e),a
;     port_out(ctc2, CFG.ctc_count2);
     2fd: 3a 05 d5     	ld	a,($d505)               ; 0xd505 <__boot_end+0xd0b1>
; DEFPORT(ctc2,         PORT_CTC2)
     300: d3 0e        	out	($e),a
;     port_out(ctc3, CFG.ctc_mode3);
     302: 3a 06 d5     	ld	a,($d506)               ; 0xd506 <__boot_end+0xd0b2>
; DEFPORT(ctc3,         PORT_CTC3)
     305: d3 0f        	out	($f),a
;     port_out(ctc3, CFG.ctc_count3);
     307: 3a 07 d5     	ld	a,($d507)               ; 0xd507 <__boot_end+0xd0b3>
; DEFPORT(ctc3,         PORT_CTC3)
     30a: d3 0f        	out	($f),a
;     ASM_VOLATILE(
     30c: 21 08 d5     	ld	hl,$d508
     30f: 0e 0a        	ld	c,$a
     311: 06 09        	ld	b,$9
     313: ed b3        	otir
     315: 0e 0b        	ld	c,$b
     317: 06 0b        	ld	b,$b
     319: ed b3        	otir
; DEFPORT(sio_a_ctrl,   PORT_SIO_A_CTRL)
     31b: db 0a        	in	a,($a)
     31d: 3e 01        	ld	a,$1
     31f: d3 0a        	out	($a),a
     321: db 0a        	in	a,($a)
; DEFPORT(sio_b_ctrl,   PORT_SIO_B_CTRL)
     323: db 0b        	in	a,($b)
     325: 3e 01        	ld	a,$1
     327: d3 0b        	out	($b),a
     329: db 0b        	in	a,($b)
; DEFPORT(dma_cmd,      PORT_DMA_CMD)
     32b: 3e 20        	ld	a,$20
     32d: d3 f8        	out	($f8),a
; DEFPORT(dma_mode,     PORT_DMA_MODE)
     32f: 3e 48        	ld	a,$48
     331: d3 fb        	out	($fb),a
     333: 3e 4a        	ld	a,$4a
     335: d3 fb        	out	($fb),a
     337: 3e 4b        	ld	a,$4b
     339: d3 fb        	out	($fb),a
; DEFPORT(fdc_status,   PORT_FDC_STATUS)
     33b: db 04        	in	a,($4)
;     while (port_in(fdc_status) & (FDC_MSR_CB | FDC_MSR_DRIVE_SEEKING))
     33d: e6 1f        	and	$1f
     33f: 20 fa        	jr	nz,$33b
;     fdc_write(0x03);            /* SPECIFY command */
     341: 3e 03        	ld	a,$3
     343: cd 90 db     	call	$db90
;     fdc_write(0xDF);            /* step rate 3ms, head unload 240ms */
     346: 3e df        	ld	a,$df
     348: cd 90 db     	call	$db90
;     fdc_write(0x28);            /* head load 40ms, DMA mode */
     34b: 3e 28        	ld	a,$28
     34d: cd 90 db     	call	$db90
;     memset(DISPLAY_ROW(0), ' ', sizeof(Display));
     350: 21 d0 07     	ld	hl,$7d0
     353: e5           	push	hl
     354: 21 00 f8     	ld	hl,$f800
     357: 11 20 00     	ld	de,$20
     35a: cd 69 db     	call	$db69
;     memset((void *)(WORK_ADDR + 1), 0, 0xFFFF - WORK_ADDR);
     35d: 21 2f 00     	ld	hl,$2f
     360: e5           	push	hl
     361: 21 d1 ff     	ld	hl,$ffd1
     364: 11 00 00     	ld	de,$0
     367: cd 69 db     	call	$db69
; DEFPORT(crt_cmd,      PORT_CRT_CMD)
     36a: af           	xor	a
     36b: d3 01        	out	($1),a
;     port_out(crt_param, CFG.par[0]);   /* chars/row */
     36d: 3a 20 d5     	ld	a,($d520)               ; 0xd520 <__boot_end+0xd0cc>
; DEFPORT(crt_param,    PORT_CRT_PARAM)
     370: d3 00        	out	($0),a
;     port_out(crt_param, CFG.par[1]);   /* rows/frame */
     372: 3a 21 d5     	ld	a,($d521)               ; 0xd521 <__boot_end+0xd0cd>
; DEFPORT(crt_param,    PORT_CRT_PARAM)
     375: d3 00        	out	($0),a
;     port_out(crt_param, CFG.par[2]);   /* lines/char + underline */
     377: 3a 22 d5     	ld	a,($d522)               ; 0xd522 <__boot_end+0xd0ce>
; DEFPORT(crt_param,    PORT_CRT_PARAM)
     37a: d3 00        	out	($0),a
;     port_out(crt_param, CFG.par[3]);   /* cursor format */
     37c: 3a 23 d5     	ld	a,($d523)               ; 0xd523 <__boot_end+0xd0cf>
; DEFPORT(crt_param,    PORT_CRT_PARAM)
     37f: d3 00        	out	($0),a
; DEFPORT(crt_cmd,      PORT_CRT_CMD)
     381: 3e 80        	ld	a,$80
     383: d3 01        	out	($1),a
; DEFPORT(crt_param,    PORT_CRT_PARAM)
     385: af           	xor	a
     386: d3 00        	out	($0),a
     388: d3 00        	out	($0),a
; DEFPORT(crt_cmd,      PORT_CRT_CMD)
     38a: 3e e0        	ld	a,$e0
     38c: d3 01        	out	($1),a
     38e: 3e 23        	ld	a,$23
     390: d3 01        	out	($1),a
;     wr5a = CFG.sioa[6] & 0x60;  /* SIO-A bits/char from WR5 */
     392: 3a 0e d5     	ld	a,($d50e)               ; 0xd50e <__boot_end+0xd0ba>
     395: e6 60        	and	$60
     397: 32 34 da     	ld	($da34),a               ; 0xda34 <_bios_jump_vector_table+0x34>
;     wr5b = CFG.siob[6] & 0x60;  /* SIO-B bits/char from WR5 (test console order) */
     39a: 3a 17 d5     	ld	a,($d517)               ; 0xd517 <__boot_end+0xd0c3>
     39d: e6 60        	and	$60
     39f: 32 35 da     	ld	($da35),a               ; 0xda35 <_bios_jump_vector_table+0x35>
;     adrmod = xyflg;              /* copy addressing mode (via CFG macro) */
     3a2: 3a 2c d5     	ld	a,($d52c)               ; 0xd52c <__boot_end+0xd0d8>
     3a5: 32 33 da     	ld	($da33),a               ; 0xda33 <_bios_jump_vector_table+0x33>
;     stptim_var = CFG.stptim;
     3a8: 2a 2d d5     	ld	hl,($d52d)              ; 0xd52d <__boot_end+0xd0d9>
     3ab: 22 ea ff     	ld	($ffea),hl              ; 0xffea <__sfrend_isr_sio_b_tx+0xc29>
;         memcpy((void *)fd0, (const void *)CFG.infd, sizeof(fd0));
     3ae: 21 10 00     	ld	hl,$10
     3b1: e5           	push	hl
     3b2: 21 37 da     	ld	hl,$da37
     3b5: 11 2f d5     	ld	de,$d52f
     3b8: cd 5b db     	call	$db5b
     3bb: 0e 00        	ld	c,$0
;     memset((void *)(WORK_ADDR + 1), 0, 0xFFFF - WORK_ADDR);
     3bd: 11 00 00     	ld	de,$0
;         max_drive_num = 0;
     3c0: af           	xor	a
     3c1: 32 e2 ee     	ld	($eee2),a               ; 0xeee2 <_max_drive_num>
;         for (d = 0; d < 16; d++) {
     3c4: 7b           	ld	a,e
     3c5: fe 10        	cp	$10
     3c7: 28 12        	jr	z,$3db
;             if (fd0[d] == 0xFF)
     3c9: 21 37 da     	ld	hl,$da37
     3cc: 19           	add	hl,de
     3cd: 7e           	ld	a,(hl)
     3ce: 3c           	inc	a
     3cf: 28 0a        	jr	z,$3db
;             max_drive_num = d;
     3d1: 6b           	ld	l,e
     3d2: 62           	ld	h,d
     3d3: 4d           	ld	c,l
     3d4: 7b           	ld	a,e
     3d5: 32 e2 ee     	ld	($eee2),a               ; 0xeee2 <_max_drive_num>
;         for (d = 0; d < 16; d++) {
     3d8: 13           	inc	de
     3d9: 18 e9        	jr	$3c4
;             dph_table[0] = dph0;
     3db: 21 45 eb     	ld	hl,$eb45
     3de: 11 f5 ee     	ld	de,$eef5
     3e1: 79           	ld	a,c
;             dph_table[0] = dph0;
     3e2: 01 10 00     	ld	bc,$10
     3e5: ed b0        	ldir
;             if (max_drive_num >= 1)
     3e7: b7           	or	a
     3e8: 28 0b        	jr	z,$3f5
;                 dph_table[1] = dph1;
     3ea: 21 55 eb     	ld	hl,$eb55
     3ed: 11 05 ef     	ld	de,$ef05
     3f0: 01 10 00     	ld	bc,$10
     3f3: ed b0        	ldir
;         hostbuf_valid = 0;
     3f5: af           	xor	a
     3f6: 32 d1 ec     	ld	($ecd1),a               ; 0xecd1 <_wb+0x7>
;         hostbuf_dirty = 0;
     3f9: 32 d2 ec     	ld	($ecd2),a               ; 0xecd2 <_wb+0x8>
;         unalloc_count = 0;
     3fc: 32 d4 ec     	ld	($ecd4),a               ; 0xecd4 <_unalloc_count>
;         disk_error = 0;
     3ff: 32 d3 ec     	ld	($ecd3),a               ; 0xecd3 <_wb+0x9>
;         current_format_idx = 0xFF;       /* force format reload on first SELDSK */
     402: 3e ff        	ld	a,$ff
     404: 32 e3 ee     	ld	($eee3),a               ; 0xeee3 <_current_format_idx>
;         last_seek_disk = 0xFF;      /* force seek on first access */
     407: 32 dd ee     	ld	($eedd),a               ; 0xeedd <_last_seek_disk>
; }
     40a: c9           	ret

0000040b <_setup_ivt>:
;     memcpy((void *)IVT_ADDR, ivt_template, sizeof(ivt_template));
     40b: 21 24 00     	ld	hl,$24
     40e: e5           	push	hl
     40f: 21 00 f6     	ld	hl,$f600
     412: 11 20 04     	ld	de,$420
     415: cd 5b db     	call	$db5b
;     set_i_reg(IVT_ADDR >> 8);
     418: 3e f6        	ld	a,$f6
     41a: cd ed da     	call	$daed
; static __inline__ void intrinsic_im_2(void) { __builtin_z80_im2(); }
     41d: ed 5e        	im	2
; }
     41f: c9           	ret

00000420 <_ivt_template>:
     420: 29 ea 29 ea f0 da 09 db         ).).....
     428: 2c ea 29 ea 29 ea 29 ea         ,.).).).
     430: 2f ea 3d ea 4b ea 86 ea         /.=.K...
     438: 9f ea ad ea 3b db eb ea         ....;...
     440: 22 db 04 eb                     "...

00000444 <_coldboot>:
     444: f3           	di
     445: cd 80 02     	call	$280
     448: cd b7 02     	call	$2b7
     44b: cd c8 02     	call	$2c8
     44e: 31 00 f5     	ld	sp,$f500
     451: c3 ae db     	jp	$dbae

Disassembly of section .text:

0000da71 <_bios_boot_shim>:
    da71: 31 00 f5     	ld	sp,$f500
    da74: c3 ae db     	jp	$dbae

0000da77 <_bios_wboot_shim>:
    da77: 31 00 f5     	ld	sp,$f500
    da7a: c3 18 dc     	jp	$dc18

0000da7d <_jump_ccp>:
    da7d: 4f           	ld	c,a
    da7e: c3 00 c4     	jp	$c400

0000da81 <_bios_conout_shim>:
    da81: 79           	ld	a,c
    da82: c3 91 e0     	jp	$e091

0000da85 <_bios_list_shim>:
    da85: 79           	ld	a,c
    da86: c3 76 e4     	jp	$e476

0000da89 <_bios_write_shim>:
    da89: 79           	ld	a,c
    da8a: c3 e1 e7     	jp	$e7e1

0000da8d <_bios_punch_shim>:
    da8d: e5           	push	hl
    da8e: 79           	ld	a,c
    da8f: cd 23 e7     	call	$e723
    da92: e1           	pop	hl
    da93: c9           	ret

0000da94 <_bios_settrk_shim>:
    da94: ed 43 d8 ec  	ld	($ecd8),bc              ; 0xecd8 <_cpm_track>
    da98: c9           	ret

0000da99 <_bios_setsec_shim>:
    da99: ed 43 da ec  	ld	($ecda),bc              ; 0xecda <_cpm_sector>
    da9d: c9           	ret

0000da9e <_bios_setdma_shim>:
    da9e: ed 43 d6 ec  	ld	($ecd6),bc              ; 0xecd6 <_cpm_dma_addr>
    daa2: c9           	ret

0000daa3 <_bios_seldsk_shim>:
    daa3: 79           	ld	a,c
    daa4: cd 83 dc     	call	$dc83
    daa7: eb           	ex	de,hl
    daa8: c9           	ret

0000daa9 <_bios_sectran_shim>:
    daa9: 60           	ld	h,b
    daaa: 69           	ld	l,c
    daab: c9           	ret

0000daac <_bios_reader_shim>:
    daac: e5           	push	hl
    daad: cd 4b e7     	call	$e74b
    dab0: e1           	pop	hl
    dab1: 4f           	ld	c,a
    dab2: c9           	ret

0000dab3 <_bios_reads_shim>:
    dab3: e5           	push	hl
    dab4: cd b5 e7     	call	$e7b5
    dab7: e1           	pop	hl
    dab8: 4f           	ld	c,a
    dab9: c9           	ret

0000daba <_bios_wfitr_shim>:
    daba: cd 9d db     	call	$db9d
    dabd: 3a 7d f0     	ld	a,($f07d)               ; 0xf07d <_fdc_result>
    dac0: 47           	ld	b,a
    dac1: 3a 7e f0     	ld	a,($f07e)               ; 0xf07e <_fdc_result+0x1>
    dac4: 4f           	ld	c,a
    dac5: c9           	ret

0000dac6 <_bios_linsel_shim>:
    dac6: 32 16 ef     	ld	($ef16),a               ; 0xef16 <_ls_port>
    dac9: 78           	ld	a,b
    daca: 32 15 ef     	ld	($ef15),a               ; 0xef15 <_ls_line>
    dacd: c3 b3 e8     	jp	$e8b3

0000dad0 <_bios_exit_shim>:
    dad0: 22 e5 ff     	ld	($ffe5),hl              ; 0xffe5 <__sfrend_isr_sio_b_tx+0xc24>
    dad3: eb           	ex	de,hl
    dad4: 22 df ff     	ld	($ffdf),hl              ; 0xffdf <__sfrend_isr_sio_b_tx+0xc1e>
    dad7: c9           	ret

0000dad8 <_bios_clock_shim>:
    dad8: b7           	or	a
    dad9: 28 0a        	jr	z,$dae5
    dadb: f3           	di
    dadc: ed 5b fc ff  	ld	de,($fffc)              ; 0xfffc <__sfrend_isr_sio_b_tx+0xc3b>
    dae0: 2a fe ff     	ld	hl,($fffe)              ; 0xfffe <__sfrend_isr_sio_b_tx+0xc3d>
    dae3: fb           	ei
    dae4: c9           	ret
    dae5: ed 53 fc ff  	ld	($fffc),de              ; 0xfffc <__sfrend_isr_sio_b_tx+0xc3b>
    dae9: 22 fe ff     	ld	($fffe),hl              ; 0xfffe <__sfrend_isr_sio_b_tx+0xc3d>
    daec: c9           	ret

0000daed <_set_i_reg>:
    daed: ed 47        	ld	i,a
    daef: c9           	ret

0000daf0 <_isr_crt_wrapper>:
    daf0: ed 73 2d ef  	ld	($ef2d),sp              ; 0xef2d <_sp_sav>
    daf4: 31 00 f6     	ld	sp,$f600
    daf7: f5           	push	af
    daf8: c5           	push	bc
    daf9: d5           	push	de
    dafa: e5           	push	hl
    dafb: cd 2f e9     	call	$e92f
    dafe: e1           	pop	hl
    daff: d1           	pop	de
    db00: c1           	pop	bc
    db01: f1           	pop	af
    db02: ed 7b 2d ef  	ld	sp,($ef2d)              ; 0xef2d <_sp_sav>
    db06: fb           	ei
    db07: ed 4d        	reti

0000db09 <_isr_floppy_wrapper>:
    db09: ed 73 2d ef  	ld	($ef2d),sp              ; 0xef2d <_sp_sav>
    db0d: 31 00 f6     	ld	sp,$f600
    db10: f5           	push	af
    db11: c5           	push	bc
    db12: d5           	push	de
    db13: e5           	push	hl
    db14: cd f9 e9     	call	$e9f9
    db17: e1           	pop	hl
    db18: d1           	pop	de
    db19: c1           	pop	bc
    db1a: f1           	pop	af
    db1b: ed 7b 2d ef  	ld	sp,($ef2d)              ; 0xef2d <_sp_sav>
    db1f: fb           	ei
    db20: ed 4d        	reti

0000db22 <_isr_pio_kbd_wrapper>:
    db22: ed 73 2d ef  	ld	($ef2d),sp              ; 0xef2d <_sp_sav>
    db26: 31 00 f6     	ld	sp,$f600
    db29: f5           	push	af
    db2a: c5           	push	bc
    db2b: d5           	push	de
    db2c: e5           	push	hl
    db2d: cd d5 e9     	call	$e9d5
    db30: e1           	pop	hl
    db31: d1           	pop	de
    db32: c1           	pop	bc
    db33: f1           	pop	af
    db34: ed 7b 2d ef  	ld	sp,($ef2d)              ; 0xef2d <_sp_sav>
    db38: fb           	ei
    db39: ed 4d        	reti

0000db3b <_isr_sio_a_rx_wrapper>:
    db3b: ed 73 2d ef  	ld	($ef2d),sp              ; 0xef2d <_sp_sav>
    db3f: 31 00 f6     	ld	sp,$f600
    db42: f5           	push	af
    db43: c5           	push	bc
    db44: d5           	push	de
    db45: e5           	push	hl
    db46: cd bb ea     	call	$eabb
    db49: e1           	pop	hl
    db4a: d1           	pop	de
    db4b: c1           	pop	bc
    db4c: f1           	pop	af
    db4d: ed 7b 2d ef  	ld	sp,($ef2d)              ; 0xef2d <_sp_sav>
    db51: fb           	ei
    db52: ed 4d        	reti

0000db54 <_lddr_copy>:
    db54: fd e1        	pop	iy
    db56: c1           	pop	bc
    db57: ed b8        	lddr
    db59: fd e9        	jp	(iy)

0000db5b <_memcpy>:
    db5b: fd e1        	pop	iy
    db5d: c1           	pop	bc
    db5e: eb           	ex	de,hl
    db5f: d5           	push	de
    db60: 78           	ld	a,b
    db61: b1           	or	c
    db62: 28 02        	jr	z,$db66
    db64: ed b0        	ldir

0000db66 <_memcpy_done>:
    db66: d1           	pop	de
    db67: fd e9        	jp	(iy)

0000db69 <_memset>:
    db69: fd e1        	pop	iy
    db6b: c1           	pop	bc
    db6c: e5           	push	hl
    db6d: 78           	ld	a,b
    db6e: b1           	or	c
    db6f: 28 0b        	jr	z,$db7c
    db71: 73           	ld	(hl),e
    db72: 0b           	dec	bc
    db73: 78           	ld	a,b
    db74: b1           	or	c
    db75: 28 05        	jr	z,$db7c
    db77: 54           	ld	d,h
    db78: 5d           	ld	e,l
    db79: 13           	inc	de
    db7a: ed b0        	ldir

0000db7c <_memset_done>:
    db7c: d1           	pop	de
    db7d: fd e9        	jp	(iy)

0000db7f <___umodqi3>:
    db7f: 57           	ld	d,a
    db80: af           	xor	a
    db81: 06 08        	ld	b,$8

0000db83 <___umodqi3_loop>:
    db83: cb 22        	sla	d
    db85: 17           	rla
    db86: bb           	cp	e
    db87: 38 02        	jr	c,$db8b
    db89: 93           	sub	e
    db8a: 14           	inc	d

0000db8b <___umodqi3_skip>:
    db8b: 10 f6        	djnz	$db83
    db8d: c9           	ret

0000db8e <__call_iy>:
    db8e: fd e9        	jp	(iy)

0000db90 <_fdc_write>:
; {
    db90: 57           	ld	d,a
; DEFPORT(fdc_status,   PORT_FDC_STATUS)
    db91: db 04        	in	a,($4)
;     while ((port_in(fdc_status) & (FDC_MSR_RQM | FDC_MSR_DIO)) != FDC_MSR_RQM)  /* ready for CPU->FDC */
    db93: ee 80        	xor	$80
    db95: fe 40        	cp	$40
    db97: 30 f8        	jr	nc,$db91
; DEFPORT(fdc_data,     PORT_FDC_DATA)
    db99: 7a           	ld	a,d
    db9a: d3 05        	out	($5),a
; }
    db9c: c9           	ret

0000db9d <_fdc_irq_wait_rearm>:
;     fdc_irq_wait();
    db9d: cd a7 db     	call	$dba7
; static __inline__ void intrinsic_di(void) { __builtin_z80_di(); }
    dba0: f3           	di
;     fdc_irq_fired = 0;
    dba1: af           	xor	a
    dba2: 32 2a ef     	ld	($ef2a),a               ; 0xef2a <_fdc_irq_fired>
; static __inline__ void intrinsic_ei(void) { __builtin_z80_ei(); }
    dba5: fb           	ei
; }
    dba6: c9           	ret

0000dba7 <_fdc_irq_wait>:
;     while (!fdc_irq_fired)
    dba7: 3a 2a ef     	ld	a,($ef2a)               ; 0xef2a <_fdc_irq_fired>
    dbaa: b7           	or	a
    dbab: 28 fa        	jr	z,$dba7
; }
    dbad: c9           	ret

0000dbae <_bios_boot_c>:
; DEFPORT(sw1,          PORT_SW1)
    dbae: db 14        	in	a,($14)
;     if ((port_in(sw1) & SW1_CONSOLE_BIT) == 0)
    dbb0: 0f           	rrca
    dbb1: 30 04        	jr	nc,$dbb7
    dbb3: 3e 95        	ld	a,$95
    dbb5: 18 02        	jr	$dbb9
    dbb7: 3e 97        	ld	a,$97
    dbb9: 32 03 00     	ld	($3),a                  ; 0x3 <_boot_header+0x3>
;     cdisk = 0;
    dbbc: af           	xor	a
    dbbd: 32 04 00     	ld	($4),a                  ; 0x4 <_boot_header+0x4>
;     __builtin_memset((void *)&wb, 0, sizeof(wb));
    dbc0: 21 ca ec     	ld	hl,$ecca
    dbc3: 77           	ld	(hl),a
    dbc4: 11 cb ec     	ld	de,$eccb
    dbc7: 01 09 00     	ld	bc,$9
    dbca: ed b0        	ldir
; static __inline__ void intrinsic_di(void) { __builtin_z80_di(); }
    dbcc: f3           	di
; DEFPORT(sio_a_ctrl,   PORT_SIO_A_CTRL)
    dbcd: 3e 05        	ld	a,$5
    dbcf: d3 0a        	out	($a),a
;     port_out(sio_a_ctrl, wr5a + 0x8A);     /* DTR=1, TX enable, RTS=1 */
    dbd1: 3a 34 da     	ld	a,($da34)               ; 0xda34 <_bios_jump_vector_table+0x34>
    dbd4: c6 8a        	add	a,$8a
; DEFPORT(sio_a_ctrl,   PORT_SIO_A_CTRL)
    dbd6: d3 0a        	out	($a),a
    dbd8: 3e 01        	ld	a,$1
    dbda: d3 0a        	out	($a),a
    dbdc: 3e 1b        	ld	a,$1b
    dbde: d3 0a        	out	($a),a
; DEFPORT(sio_b_ctrl,   PORT_SIO_B_CTRL)
    dbe0: 3e 05        	ld	a,$5
    dbe2: d3 0b        	out	($b),a
;     port_out(sio_b_ctrl, wr5b + 0x8A);     /* DTR=1, TX enable, RTS=1 */
    dbe4: 3a 35 da     	ld	a,($da35)               ; 0xda35 <_bios_jump_vector_table+0x35>
    dbe7: c6 8a        	add	a,$8a
; DEFPORT(sio_b_ctrl,   PORT_SIO_B_CTRL)
    dbe9: d3 0b        	out	($b),a
    dbeb: 3e 01        	ld	a,$1
    dbed: d3 0b        	out	($b),a
    dbef: 3e 1f        	ld	a,$1f
    dbf1: d3 0b        	out	($b),a
; static __inline__ void intrinsic_ei(void) { __builtin_z80_ei(); }
    dbf3: fb           	ei
;     puts_p("\x0C"                       /* form feed = clear screen */
    dbf4: 21 60 ec     	ld	hl,$ec60
    dbf7: cd 0c dc     	call	$dc0c
;     if (IOBYTE_CON(iobyte) == IOB_UC1)
    dbfa: 3a 03 00     	ld	a,($3)                  ; 0x3 <_boot_header+0x3>
    dbfd: e6 03        	and	$3
    dbff: fe 03        	cp	$3
    dc01: 20 06        	jr	nz,$dc09
;         puts_p("SIO-B debugging enabled (" SIOB_BAUD_STR " 8N1, SW1 S01=On)\r\n");
    dc03: 21 94 ec     	ld	hl,$ec94
    dc06: cd 0c dc     	call	$dc0c
;     wboot_c();
    dc09: c3 18 dc     	jp	$dc18

0000dc0c <_puts_p>:
;     while (*s)
    dc0c: 7e           	ld	a,(hl)
    dc0d: 57           	ld	d,a
    dc0e: b7           	or	a
    dc0f: c8           	ret	z
;         bios_conout_c(*s++);
    dc10: 23           	inc	hl
    dc11: e5           	push	hl
    dc12: cd 91 e0     	call	$e091
    dc15: e1           	pop	hl
;     while (*s)
    dc16: 18 f4        	jr	$dc0c

0000dc18 <_wboot_c>:
; static __inline__ void intrinsic_ei(void) { __builtin_z80_ei(); }
    dc18: fb           	ei
;     bios_seldsk_c(0);
    dc19: af           	xor	a
    dc1a: cd 83 dc     	call	$dc83
;     unalloc_count = 0;
    dc1d: af           	xor	a
    dc1e: 32 d4 ec     	ld	($ecd4),a               ; 0xecd4 <_unalloc_count>
;     fdc_unit_head = 0;
    dc21: 32 d5 ec     	ld	($ecd5),a               ; 0xecd5 <_fdc_unit_head>
;     bios_home();
    dc24: cd 53 dd     	call	$dd53
;     cpm_dma_addr = CCP_BASE;
    dc27: 21 00 c4     	ld	hl,$c400
    dc2a: 22 d6 ec     	ld	($ecd6),hl              ; 0xecd6 <_cpm_dma_addr>
;     cpm_track = 1;
    dc2d: 21 01 00     	ld	hl,$1
    dc30: 22 d8 ec     	ld	($ecd8),hl              ; 0xecd8 <_cpm_track>
    dc33: 21 00 00     	ld	hl,$0
;     for (sec = 0; sec < NSECTS; sec++) {
    dc36: 7d           	ld	a,l
    dc37: fe 2c        	cp	$2c
    dc39: 28 18        	jr	z,$dc53
    dc3b: e5           	push	hl
;         cpm_sector = sec;
    dc3c: 22 da ec     	ld	($ecda),hl              ; 0xecda <_cpm_sector>
;         if (xread()) {
    dc3f: cd 80 dd     	call	$dd80
    dc42: b7           	or	a
    dc43: 20 34        	jr	nz,$dc79
;         cpm_dma_addr += 128;
    dc45: 2a d6 ec     	ld	hl,($ecd6)              ; 0xecd6 <_cpm_dma_addr>
    dc48: 11 80 00     	ld	de,$80
    dc4b: 19           	add	hl,de
    dc4c: 22 d6 ec     	ld	($ecd6),hl              ; 0xecd6 <_cpm_dma_addr>
    dc4f: e1           	pop	hl
;     for (sec = 0; sec < NSECTS; sec++) {
    dc50: 23           	inc	hl
    dc51: 18 e3        	jr	$dc36
;     cpm_dma_addr = BDOS_DMAADDR;
    dc53: 21 80 00     	ld	hl,$80
    dc56: 22 d6 ec     	ld	($ecd6),hl              ; 0xecd6 <_cpm_dma_addr>
;     wboot_jp  = 0xC3;                        /* JP opcode */
    dc59: 3e c3        	ld	a,$c3
    dc5b: 32 00 00     	ld	($0),a                  ; 0x0 <_boot_header>
;     bdos_jp   = 0xC3;                        /* JP opcode, here for the peep hole optimizer */
    dc5e: 32 05 00     	ld	($5),a                  ; 0x5 <_boot_header+0x5>
;     wboot_vec = BIOS_BASE + 3;              /* WBOOT entry */
    dc61: 21 03 da     	ld	hl,$da03
    dc64: 22 01 00     	ld	($1),hl                 ; 0x1 <_boot_header+0x1>
;     bdos_vec  = BDOS_BASE;
    dc67: 21 06 cc     	ld	hl,$cc06
    dc6a: 22 06 00     	ld	($6),hl                 ; 0x6 <_boot_header+0x6>
;     bios_seldsk_c(0);
    dc6d: af           	xor	a
    dc6e: cd 83 dc     	call	$dc83
;     jump_ccp(cdisk & 0b00001111);
    dc71: 3a 04 00     	ld	a,($4)                  ; 0x4 <_boot_header+0x4>
    dc74: e6 0f        	and	$f
    dc76: c3 7d da     	jp	$da7d
    dc79: f1           	pop	af
;             puts_p("\r\nDisk read error - reset\r\n");
    dc7a: 21 44 ec     	ld	hl,$ec44
    dc7d: cd 0c dc     	call	$dc0c
; static __inline__ void intrinsic_halt(void) { __builtin_z80_halt(); }
    dc80: 76           	halt
;             for (;;)
    dc81: 18 fd        	jr	$dc80

0000dc83 <_bios_seldsk_c>:
; {
    dc83: 57           	ld	d,a
;     drive = drv;
    dc84: 32 e0 ee     	ld	($eee0),a               ; 0xeee0 <_bios_seldsk_c.drive>
;     if (drive > max_drive_num)
    dc87: 3a e2 ee     	ld	a,($eee2)               ; 0xeee2 <_max_drive_num>
    dc8a: 01 00 00     	ld	bc,$0
    dc8d: ba           	cp	d
    dc8e: da 50 dd     	jp	c,$dd50
;     cpm_disk = drive;
    dc91: 7a           	ld	a,d
    dc92: 32 dc ee     	ld	($eedc),a               ; 0xeedc <_cpm_disk>
;     fmt = fd0[drive];
    dc95: 4a           	ld	c,d
    dc96: 06 00        	ld	b,$0
    dc98: 21 37 da     	ld	hl,$da37
    dc9b: 09           	add	hl,bc
    dc9c: 7e           	ld	a,(hl)
    dc9d: 57           	ld	d,a
    dc9e: 32 e1 ee     	ld	($eee1),a               ; 0xeee1 <_bios_seldsk_c.fmt>
;     if (fmt != current_format_idx) {
    dca1: 21 e3 ee     	ld	hl,$eee3
    dca4: be           	cp	(hl)
    dca5: 28 17        	jr	z,$dcbe
;         if (hostbuf_dirty) {
    dca7: 3a d2 ec     	ld	a,($ecd2)               ; 0xecd2 <_wb+0x8>
    dcaa: b7           	or	a
    dcab: 28 11        	jr	z,$dcbe
;             wrthst();
    dcad: cd 9a de     	call	$de9a
;             hostbuf_dirty = 0;
    dcb0: af           	xor	a
    dcb1: 32 d2 ec     	ld	($ecd2),a               ; 0xecd2 <_wb+0x8>
;     current_format_idx = fmt;
    dcb4: 3a e1 ee     	ld	a,($eee1)               ; 0xeee1 <_bios_seldsk_c.fmt>
    dcb7: 57           	ld	d,a
;         entry = &dph_table[drive];
    dcb8: 3a e0 ee     	ld	a,($eee0)               ; 0xeee0 <_bios_seldsk_c.drive>
    dcbb: 4f           	ld	c,a
    dcbc: 06 00        	ld	b,$0
;     current_format_idx = fmt;
    dcbe: ed 43 a8 f3  	ld	($f3a8),bc              ; 0xf3a8 <__sfrend_wboot_c>
    dcc2: 7a           	ld	a,d
    dcc3: 32 e3 ee     	ld	($eee3),a               ; 0xeee3 <_current_format_idx>
;         idx = (fmt >> 3) & 3;
    dcc6: 0f           	rrca
    dcc7: 0f           	rrca
    dcc8: 0f           	rrca
    dcc9: e6 03        	and	$3
;         sp = &fspa[idx];
    dccb: 87           	add	a,a
    dccc: 87           	add	a,a
    dccd: 87           	add	a,a
    dcce: 57           	ld	d,a
    dccf: 87           	add	a,a
    dcd0: 4f           	ld	c,a
    dcd1: 06 00        	ld	b,$0
    dcd3: 21 04 ec     	ld	hl,$ec04
    dcd6: 09           	add	hl,bc
    dcd7: 4d           	ld	c,l
    dcd8: 44           	ld	b,h
    dcd9: 22 e4 ee     	ld	($eee4),hl              ; 0xeee4 <_bios_seldsk_c.sp>
;         current_format = &fdf[idx];
    dcdc: 5a           	ld	e,d
    dcdd: 16 00        	ld	d,$0
    dcdf: 21 e4 eb     	ld	hl,$ebe4
    dce2: 19           	add	hl,de
    dce3: 22 e6 ee     	ld	($eee6),hl              ; 0xeee6 <_current_format>
    dce6: 11 05 00     	ld	de,$5
;         track0_sectors_per_side = current_format->eot;
    dce9: 19           	add	hl,de
    dcea: 7e           	ld	a,(hl)
    dceb: 32 e8 ee     	ld	($eee8),a               ; 0xeee8 <_track0_sectors_per_side>
;         current_dpb = sp->dpb;
    dcee: 69           	ld	l,c
    dcef: 60           	ld	h,b
    dcf0: 5e           	ld	e,(hl)
    dcf1: 23           	inc	hl
    dcf2: 56           	ld	d,(hl)
    dcf3: d5           	push	de
    dcf4: eb           	ex	de,hl
    dcf5: 22 e9 ee     	ld	($eee9),hl              ; 0xeee9 <_current_dpb>
;         records_per_alloc_block = sp->records_per_alloc_block;
    dcf8: 59           	ld	e,c
    dcf9: 50           	ld	d,b
    dcfa: 13           	inc	de
    dcfb: 13           	inc	de
    dcfc: 1a           	ld	a,(de)
    dcfd: 32 eb ee     	ld	($eeeb),a               ; 0xeeeb <_records_per_alloc_block>
;         cpm_sectors_per_track = sp->cpm_sectors_per_track;
    dd00: 69           	ld	l,c
    dd01: 60           	ld	h,b
    dd02: 23           	inc	hl
    dd03: 23           	inc	hl
    dd04: 23           	inc	hl
    dd05: 5e           	ld	e,(hl)
    dd06: 23           	inc	hl
    dd07: 56           	ld	d,(hl)
    dd08: eb           	ex	de,hl
    dd09: 22 ec ee     	ld	($eeec),hl              ; 0xeeec <_cpm_sectors_per_track>
    dd0c: 11 05 00     	ld	de,$5
;         deblock_mask = sp->deblock_mask;
    dd0f: 69           	ld	l,c
    dd10: 60           	ld	h,b
    dd11: 19           	add	hl,de
    dd12: 7e           	ld	a,(hl)
    dd13: 32 ee ee     	ld	($eeee),a               ; 0xeeee <_deblock_mask>
    dd16: 11 06 00     	ld	de,$6
;         deblock_shift = sp->deblock_shift;
    dd19: 69           	ld	l,c
    dd1a: 60           	ld	h,b
    dd1b: 19           	add	hl,de
    dd1c: 7e           	ld	a,(hl)
    dd1d: 32 ef ee     	ld	($eeef),a               ; 0xeeef <_deblock_shift>
    dd20: 11 07 00     	ld	de,$7
;         sector_xlate = sp->sector_xlate;
    dd23: 69           	ld	l,c
    dd24: 60           	ld	h,b
    dd25: 19           	add	hl,de
    dd26: 5e           	ld	e,(hl)
    dd27: 23           	inc	hl
    dd28: 56           	ld	d,(hl)
    dd29: eb           	ex	de,hl
    dd2a: 22 f0 ee     	ld	($eef0),hl              ; 0xeef0 <_sector_xlate>
    dd2d: 11 09 00     	ld	de,$9
;         fdc_data_length = sp->fdc_data_length;
    dd30: 69           	ld	l,c
    dd31: 60           	ld	h,b
    dd32: 19           	add	hl,de
    dd33: 7e           	ld	a,(hl)
    dd34: 32 f2 ee     	ld	($eef2),a               ; 0xeef2 <_fdc_data_length>
;         entry = &dph_table[drive];
    dd37: 2a a8 f3     	ld	hl,($f3a8)              ; 0xf3a8 <__sfrend_wboot_c>
    dd3a: 29           	add	hl,hl
    dd3b: 29           	add	hl,hl
    dd3c: 29           	add	hl,hl
    dd3d: 29           	add	hl,hl
    dd3e: eb           	ex	de,hl
    dd3f: 21 f5 ee     	ld	hl,$eef5
    dd42: 19           	add	hl,de
    dd43: 4d           	ld	c,l
    dd44: 44           	ld	b,h
    dd45: 22 f3 ee     	ld	($eef3),hl              ; 0xeef3 <_bios_seldsk_c.entry>
    dd48: 11 0a 00     	ld	de,$a
;         entry->dpb = current_dpb;
    dd4b: 19           	add	hl,de
    dd4c: d1           	pop	de
    dd4d: 73           	ld	(hl),e
    dd4e: 23           	inc	hl
    dd4f: 72           	ld	(hl),d
; }
    dd50: 59           	ld	e,c
    dd51: 50           	ld	d,b
    dd52: c9           	ret

0000dd53 <_bios_home>:
;     if (hostbuf_dirty) {
    dd53: 3a d2 ec     	ld	a,($ecd2)               ; 0xecd2 <_wb+0x8>
    dd56: b7           	or	a
    dd57: 28 05        	jr	z,$dd5e
;         wrthst();
    dd59: cd 9a de     	call	$de9a
;     } else {
    dd5c: 18 04        	jr	$dd62
;         hostbuf_valid = 0;
    dd5e: af           	xor	a
    dd5f: 32 d1 ec     	ld	($ecd1),a               ; 0xecd1 <_wb+0x7>
;     fdstar();
    dd62: cd 23 e0     	call	$e023
;     fdc_unit_head = cpm_disk;
    dd65: 3a dc ee     	ld	a,($eedc)               ; 0xeedc <_cpm_disk>
    dd68: 32 d5 ec     	ld	($ecd5),a               ; 0xecd5 <_fdc_unit_head>
;     last_seek_disk = cpm_disk;
    dd6b: 32 dd ee     	ld	($eedd),a               ; 0xeedd <_last_seek_disk>
;     last_seek_track = 0;
    dd6e: 21 00 00     	ld	hl,$0
    dd71: 22 de ee     	ld	($eede),hl              ; 0xeede <_last_seek_track>
; static __inline__ void intrinsic_di(void) { __builtin_z80_di(); }
    dd74: f3           	di
;     fdc_irq_fired = 0;
    dd75: af           	xor	a
    dd76: 32 2a ef     	ld	($ef2a),a               ; 0xef2a <_fdc_irq_fired>
; static __inline__ void intrinsic_ei(void) { __builtin_z80_ei(); }
    dd79: fb           	ei
;     fdc_recalibrate();
    dd7a: cd 46 e0     	call	$e046
;     fdc_irq_wait_rearm();
    dd7d: c3 9d db     	jp	$db9d

0000dd80 <_xread>:
;     unalloc_count = 0;
    dd80: af           	xor	a
    dd81: 32 d4 ec     	ld	($ecd4),a               ; 0xecd4 <_unalloc_count>
;     is_read = 1;
    dd84: 3e 01        	ld	a,$1
    dd86: 32 9a f3     	ld	($f39a),a               ; 0xf39a <_is_read>
;     need_pre_read = 1;
    dd89: 32 9b f3     	ld	($f39b),a               ; 0xf39b <_need_pre_read>
;     write_type = WRUAL;
    dd8c: 3e 02        	ld	a,$2
    dd8e: 32 9c f3     	ld	($f39c),a               ; 0xf39c <_write_type>
;     return rwoper();
    dd91: c3 94 dd     	jp	$dd94

0000dd94 <_rwoper>:
;     cpm_sector_as_host = (byte)(cpm_sector >> (byte)(deblock_shift - 1));
    dd94: 2a da ec     	ld	hl,($ecda)              ; 0xecda <_cpm_sector>
    dd97: 3a ef ee     	ld	a,($eeef)               ; 0xeeef <_deblock_shift>
    dd9a: 3d           	dec	a
    dd9b: 47           	ld	b,a
    dd9c: 04           	inc	b
    dd9d: 05           	dec	b
    dd9e: 28 06        	jr	z,$dda6
    dda0: cb 3c        	srl	h
    dda2: cb 1d        	rr	l
    dda4: 10 fa        	djnz	$dda0
    dda6: 55           	ld	d,l
    dda7: 7d           	ld	a,l
    dda8: 32 9d f3     	ld	($f39d),a               ; 0xf39d <_cpm_sector_as_host>
;     if (hostbuf_valid) {
    ddab: 3a d1 ec     	ld	a,($ecd1)               ; 0xecd1 <_wb+0x7>
    ddae: 67           	ld	h,a
;     hostbuf_disk = cpm_disk;
    ddaf: 3a dc ee     	ld	a,($eedc)               ; 0xeedc <_cpm_disk>
    ddb2: 5f           	ld	e,a
;     if (hostbuf_valid) {
    ddb3: 7c           	ld	a,h
    ddb4: b7           	or	a
    ddb5: 28 2f        	jr	z,$dde6
;         if (cpm_disk == hostbuf_disk && hostbuf_track == cpm_track && cpm_sector_as_host == hostbuf_sector)
    ddb7: 21 8d f1     	ld	hl,$f18d
    ddba: 7b           	ld	a,e
    ddbb: be           	cp	(hl)
    ddbc: 20 17        	jr	nz,$ddd5
    ddbe: 2a 8f f1     	ld	hl,($f18f)              ; 0xf18f <_hostbuf_track>
    ddc1: 4d           	ld	c,l
    ddc2: 44           	ld	b,h
    ddc3: 2a d8 ec     	ld	hl,($ecd8)              ; 0xecd8 <_cpm_track>
    ddc6: 78           	ld	a,b
    ddc7: ac           	xor	h
    ddc8: 67           	ld	h,a
    ddc9: 79           	ld	a,c
    ddca: ad           	xor	l
    ddcb: b4           	or	h
    ddcc: 20 07        	jr	nz,$ddd5
    ddce: 21 8c f1     	ld	hl,$f18c
    ddd1: 7a           	ld	a,d
    ddd2: be           	cp	(hl)
    ddd3: 28 42        	jr	z,$de17
;         if (hostbuf_dirty)
    ddd5: 3a d2 ec     	ld	a,($ecd2)               ; 0xecd2 <_wb+0x8>
    ddd8: b7           	or	a
    ddd9: 28 0b        	jr	z,$dde6
;             wrthst();
    dddb: cd 9a de     	call	$de9a
;     hostbuf_disk = cpm_disk;
    ddde: 3a dc ee     	ld	a,($eedc)               ; 0xeedc <_cpm_disk>
    dde1: 5f           	ld	e,a
;     hostbuf_sector = cpm_sector_as_host;
    dde2: 3a 9d f3     	ld	a,($f39d)               ; 0xf39d <_cpm_sector_as_host>
    dde5: 57           	ld	d,a
;     hostbuf_valid = 1;
    dde6: 3e 01        	ld	a,$1
    dde8: 32 d1 ec     	ld	($ecd1),a               ; 0xecd1 <_wb+0x7>
;     hostbuf_disk = cpm_disk;
    ddeb: 7b           	ld	a,e
    ddec: 32 8d f1     	ld	($f18d),a               ; 0xf18d <_hostbuf_disk>
;     hostbuf_track = cpm_track;
    ddef: 2a d8 ec     	ld	hl,($ecd8)              ; 0xecd8 <_cpm_track>
    ddf2: 22 8f f1     	ld	($f18f),hl              ; 0xf18f <_hostbuf_track>
;     hostbuf_sector = cpm_sector_as_host;
    ddf5: 7a           	ld	a,d
    ddf6: 32 8c f1     	ld	($f18c),a               ; 0xf18c <_hostbuf_sector>
;     if (need_pre_read)
    ddf9: 3a 9b f3     	ld	a,($f39b)               ; 0xf39b <_need_pre_read>
    ddfc: b7           	or	a
    ddfd: 28 14        	jr	z,$de13
;     if (unalloc_mask)
    ddff: 3a 9e f3     	ld	a,($f39e)               ; 0xf39e <_unalloc_mask>
    de02: b7           	or	a
    de03: 20 04        	jr	nz,$de09
;         unalloc_count = 0;
    de05: af           	xor	a
    de06: 32 d4 ec     	ld	($ecd4),a               ; 0xecd4 <_unalloc_count>
;     chktrk();
    de09: cd a4 de     	call	$dea4
;     sec_rw(6, 0);               /* READ DATA, FDC→mem */
    de0c: 3e 06        	ld	a,$6
    de0e: 2e 00        	ld	l,$0
    de10: cd 28 df     	call	$df28
;     hostbuf_dirty = 0;
    de13: af           	xor	a
    de14: 32 d2 ec     	ld	($ecd2),a               ; 0xecd2 <_wb+0x8>
;     if (is_read) {
    de17: 3a 9a f3     	ld	a,($f39a)               ; 0xf39a <_is_read>
    de1a: ee 01        	xor	$1
    de1c: 20 29        	jr	nz,$de47
;         memcpy(cpm_dma_addr, &hstbuf[(word)(cpm_sector & deblock_mask) << 7], 128);
    de1e: 2a d6 ec     	ld	hl,($ecd6)              ; 0xecd6 <_cpm_dma_addr>
    de21: e5           	push	hl
    de22: fd e1        	pop	iy
    de24: 2a da ec     	ld	hl,($ecda)              ; 0xecda <_cpm_sector>
    de27: 4d           	ld	c,l
    de28: 44           	ld	b,h
    de29: 21 ee ee     	ld	hl,$eeee
    de2c: 79           	ld	a,c
    de2d: a6           	and	(hl)
    de2e: 6f           	ld	l,a
    de2f: 26 00        	ld	h,$0
    de31: 29           	add	hl,hl
    de32: 29           	add	hl,hl
    de33: 29           	add	hl,hl
    de34: 29           	add	hl,hl
    de35: 29           	add	hl,hl
    de36: 29           	add	hl,hl
    de37: 29           	add	hl,hl
    de38: eb           	ex	de,hl
    de39: 21 92 f1     	ld	hl,$f192
    de3c: 19           	add	hl,de
    de3d: eb           	ex	de,hl
    de3e: 21 80 00     	ld	hl,$80
    de41: e5           	push	hl
    de42: fd e5        	push	iy
    de44: e1           	pop	hl
    de45: 18 29        	jr	$de70
;         hostbuf_dirty = 1;
    de47: 3e 01        	ld	a,$1
    de49: 32 d2 ec     	ld	($ecd2),a               ; 0xecd2 <_wb+0x8>
;         memcpy(&hstbuf[(word)(cpm_sector & deblock_mask) << 7], cpm_dma_addr, 128);
    de4c: 2a da ec     	ld	hl,($ecda)              ; 0xecda <_cpm_sector>
    de4f: eb           	ex	de,hl
    de50: 21 ee ee     	ld	hl,$eeee
    de53: 7b           	ld	a,e
    de54: a6           	and	(hl)
    de55: 6f           	ld	l,a
    de56: 26 00        	ld	h,$0
    de58: 29           	add	hl,hl
    de59: 29           	add	hl,hl
    de5a: 29           	add	hl,hl
    de5b: 29           	add	hl,hl
    de5c: 29           	add	hl,hl
    de5d: 29           	add	hl,hl
    de5e: 29           	add	hl,hl
    de5f: eb           	ex	de,hl
    de60: 21 92 f1     	ld	hl,$f192
    de63: 19           	add	hl,de
    de64: 4d           	ld	c,l
    de65: 44           	ld	b,h
    de66: 2a d6 ec     	ld	hl,($ecd6)              ; 0xecd6 <_cpm_dma_addr>
    de69: eb           	ex	de,hl
    de6a: 21 80 00     	ld	hl,$80
    de6d: e5           	push	hl
    de6e: 69           	ld	l,c
    de6f: 60           	ld	h,b
    de70: cd 5b db     	call	$db5b
;     if (disk_error) {
    de73: 3a d3 ec     	ld	a,($ecd3)               ; 0xecd3 <_wb+0x9>
    de76: b7           	or	a
    de77: 28 04        	jr	z,$de7d
;         hostbuf_valid = 0;
    de79: af           	xor	a
    de7a: 32 d1 ec     	ld	($ecd1),a               ; 0xecd1 <_wb+0x7>
;     if (write_type == WRDIR && !disk_error) {
    de7d: 3a 9c f3     	ld	a,($f39c)               ; 0xf39c <_write_type>
    de80: 3d           	dec	a
    de81: 20 0d        	jr	nz,$de90
    de83: 3a d3 ec     	ld	a,($ecd3)               ; 0xecd3 <_wb+0x9>
    de86: b7           	or	a
    de87: 20 07        	jr	nz,$de90
;         hostbuf_dirty = 0;
    de89: af           	xor	a
    de8a: 32 d2 ec     	ld	($ecd2),a               ; 0xecd2 <_wb+0x8>
;         wrthst();
    de8d: cd 9a de     	call	$de9a
;         byte err = disk_error;
    de90: 3a d3 ec     	ld	a,($ecd3)               ; 0xecd3 <_wb+0x9>
    de93: 57           	ld	d,a
;         disk_error = 0;
    de94: af           	xor	a
    de95: 32 d3 ec     	ld	($ecd3),a               ; 0xecd3 <_wb+0x9>
;         return err;
    de98: 7a           	ld	a,d
    de99: c9           	ret

0000de9a <_wrthst>:
;     chktrk();
    de9a: cd a4 de     	call	$dea4
;     sec_rw(5, 1);               /* WRITE DATA, mem→FDC */
    de9d: 3e 05        	ld	a,$5
    de9f: 2e 01        	ld	l,$1
    dea1: c3 28 df     	jp	$df28

0000dea4 <_chktrk>:
;     sec = (byte)hostbuf_sector;
    dea4: 3a 8c f1     	ld	a,($f18c)               ; 0xf18c <_hostbuf_sector>
    dea7: 5f           	ld	e,a
;     ev = track0_sectors_per_side;
    dea8: 3a e8 ee     	ld	a,($eee8)               ; 0xeee8 <_track0_sectors_per_side>
    deab: 67           	ld	h,a
;     fdc_unit_head = hostbuf_disk;
    deac: 3a 8d f1     	ld	a,($f18d)               ; 0xf18d <_hostbuf_disk>
    deaf: 57           	ld	d,a
    deb0: 32 d5 ec     	ld	($ecd5),a               ; 0xecd5 <_fdc_unit_head>
;     if (sec >= ev) {
    deb3: 7b           	ld	a,e
    deb4: bc           	cp	h
    deb5: 38 09        	jr	c,$dec0
;         fdc_unit_head |= 4;
    deb7: 7a           	ld	a,d
    deb8: f6 04        	or	$4
    deba: 32 d5 ec     	ld	($ecd5),a               ; 0xecd5 <_fdc_unit_head>
;         sec -= ev;
    debd: 7b           	ld	a,e
    debe: 94           	sub	h
    debf: 5f           	ld	e,a
;     tp = sector_xlate;
    dec0: 2a f0 ee     	ld	hl,($eef0)              ; 0xeef0 <_sector_xlate>
;     fdc_sector = tp[sec];
    dec3: 4b           	ld	c,e
    dec4: 06 00        	ld	b,$0
    dec6: 09           	add	hl,bc
    dec7: 7e           	ld	a,(hl)
    dec8: 32 8e f1     	ld	($f18e),a               ; 0xf18e <_fdc_sector>
;     fdc_track = (byte)hostbuf_track;
    decb: 2a 8f f1     	ld	hl,($f18f)              ; 0xf18f <_hostbuf_track>
    dece: 4d           	ld	c,l
    decf: 44           	ld	b,h
    ded0: 7d           	ld	a,l
    ded1: 32 91 f1     	ld	($f191),a               ; 0xf191 <_fdc_track>
;     fdc_dma_addr = &hstbuf[0];
    ded4: 21 92 f1     	ld	hl,$f192
    ded7: 22 92 f3     	ld	($f392),hl              ; 0xf392 <_fdc_dma_addr>
;     if (hostbuf_disk == last_seek_disk && hostbuf_track == last_seek_track)
    deda: 21 dd ee     	ld	hl,$eedd
    dedd: 7a           	ld	a,d
    dede: be           	cp	(hl)
    dedf: 20 07        	jr	nz,$dee8
    dee1: 2a de ee     	ld	hl,($eede)              ; 0xeede <_last_seek_track>
    dee4: a7           	and	a
    dee5: ed 42        	sbc	hl,bc
    dee7: c8           	ret	z
;     last_seek_disk = hostbuf_disk;
    dee8: 32 dd ee     	ld	($eedd),a               ; 0xeedd <_last_seek_disk>
;     last_seek_track = hostbuf_track;
    deeb: 69           	ld	l,c
    deec: 60           	ld	h,b
    deed: 22 de ee     	ld	($eede),hl              ; 0xeede <_last_seek_track>
; static __inline__ void intrinsic_di(void) { __builtin_z80_di(); }
    def0: f3           	di
;     fdc_irq_fired = 0;
    def1: af           	xor	a
    def2: 32 2a ef     	ld	($ef2a),a               ; 0xef2a <_fdc_irq_fired>
; static __inline__ void intrinsic_ei(void) { __builtin_z80_ei(); }
    def5: fb           	ei
;     fdc_seek();
    def6: cd 6a e0     	call	$e06a
;     fdc_irq_wait_rearm();
    def9: cd 9d db     	call	$db9d
;     if (fdc_result.st0 == (FDC_ST0_SEEK_END | (fdc_unit_head & 3)))
    defc: 3a d5 ec     	ld	a,($ecd5)               ; 0xecd5 <_fdc_unit_head>
    deff: e6 03        	and	$3
    df01: f6 20        	or	$20
    df03: 21 7d f0     	ld	hl,$f07d
    df06: be           	cp	(hl)
    df07: 20 01        	jr	nz,$df0a
; }
    df09: c9           	ret
; static __inline__ void intrinsic_di(void) { __builtin_z80_di(); }
    df0a: f3           	di
;     fdc_irq_fired = 0;
    df0b: af           	xor	a
    df0c: 32 2a ef     	ld	($ef2a),a               ; 0xef2a <_fdc_irq_fired>
; static __inline__ void intrinsic_ei(void) { __builtin_z80_ei(); }
    df0f: fb           	ei
;     fdc_recalibrate();
    df10: cd 46 e0     	call	$e046
;     fdc_irq_wait_rearm();
    df13: cd 9d db     	call	$db9d
;     fdc_sense_int();
    df16: cd 53 e0     	call	$e053
; static __inline__ void intrinsic_di(void) { __builtin_z80_di(); }
    df19: f3           	di
;     fdc_irq_fired = 0;
    df1a: af           	xor	a
    df1b: 32 2a ef     	ld	($ef2a),a               ; 0xef2a <_fdc_irq_fired>
; static __inline__ void intrinsic_ei(void) { __builtin_z80_ei(); }
    df1e: fb           	ei
;     fdc_seek();
    df1f: cd 6a e0     	call	$e06a
;     fdc_irq_wait_rearm();
    df22: cd 9d db     	call	$db9d
;     fdc_sense_int();
    df25: c3 53 e0     	jp	$e053

0000df28 <_sec_rw>:
;     s_cmd = cmd;
    df28: 32 94 f3     	ld	($f394),a               ; 0xf394 <_sec_rw.s_cmd>
;     s_dma_dir = dma_dir;
    df2b: 7d           	ld	a,l
    df2c: 32 95 f3     	ld	($f395),a               ; 0xf395 <_sec_rw.s_dma_dir>
    df2f: 3e 0a        	ld	a,$a
;     for (repet = 10; repet != 0; repet--) {
    df31: 32 96 f3     	ld	($f396),a               ; 0xf396 <_sec_rw.repet>
    df34: b7           	or	a
    df35: ca 19 e0     	jp	z,$e019
;         fdstar();
    df38: cd 23 e0     	call	$e023
; static __inline__ void intrinsic_di(void) { __builtin_z80_di(); }
    df3b: f3           	di
;     fdc_irq_fired = 0;
    df3c: af           	xor	a
    df3d: 32 2a ef     	ld	($ef2a),a               ; 0xef2a <_fdc_irq_fired>
; static __inline__ void intrinsic_ei(void) { __builtin_z80_ei(); }
    df40: fb           	ei
;         dma_count = current_format->dma_count;
    df41: 2a e6 ee     	ld	hl,($eee6)              ; 0xeee6 <_current_format>
    df44: 23           	inc	hl
    df45: 5e           	ld	e,(hl)
    df46: 23           	inc	hl
    df47: 56           	ld	d,(hl)
    df48: eb           	ex	de,hl
    df49: 22 97 f3     	ld	($f397),hl              ; 0xf397 <_dma_count>
;         dma_write = s_dma_dir;
    df4c: 3a 95 f3     	ld	a,($f395)               ; 0xf395 <_sec_rw.s_dma_dir>
    df4f: 32 99 f3     	ld	($f399),a               ; 0xf399 <_dma_write>
; static __inline__ void intrinsic_di(void) { __builtin_z80_di(); }
    df52: f3           	di
; DEFPORT(dma_smsk,     PORT_DMA_SMSK)
    df53: 3e 05        	ld	a,$5
    df55: d3 fa        	out	($fa),a
;     port_out(dma_mode, dma_write
    df57: 3a 99 f3     	ld	a,($f399)               ; 0xf399 <_dma_write>
    df5a: b7           	or	a
    df5b: 28 04        	jr	z,$df61
    df5d: 3e 49        	ld	a,$49
    df5f: 18 02        	jr	$df63
    df61: 3e 45        	ld	a,$45
; DEFPORT(dma_mode,     PORT_DMA_MODE)
    df63: d3 fb        	out	($fb),a
; DEFPORT(dma_clbp,     PORT_DMA_CLBP)
    df65: af           	xor	a
    df66: d3 fc        	out	($fc),a
;     hal_dma_flp_addr((word)fdc_dma_addr);
    df68: 2a 92 f3     	ld	hl,($f392)              ; 0xf392 <_fdc_dma_addr>
    df6b: 7d           	ld	a,l
; DEFPORT(dma_flp_addr, PORT_DMA_FLP_ADDR)
    df6c: d3 f2        	out	($f2),a
;     hal_dma_flp_addr((word)fdc_dma_addr);
    df6e: 2a 92 f3     	ld	hl,($f392)              ; 0xf392 <_fdc_dma_addr>
; DEFPORT(dma_flp_addr, PORT_DMA_FLP_ADDR)
    df71: 7c           	ld	a,h
    df72: d3 f2        	out	($f2),a
;     hal_dma_flp_wc(dma_count);
    df74: 2a 97 f3     	ld	hl,($f397)              ; 0xf397 <_dma_count>
    df77: 7d           	ld	a,l
; DEFPORT(dma_flp_wc,   PORT_DMA_FLP_WC)
    df78: d3 f3        	out	($f3),a
;     hal_dma_flp_wc(dma_count);
    df7a: 2a 97 f3     	ld	hl,($f397)              ; 0xf397 <_dma_count>
; DEFPORT(dma_flp_wc,   PORT_DMA_FLP_WC)
    df7d: 7c           	ld	a,h
    df7e: d3 f3        	out	($f3),a
; DEFPORT(dma_smsk,     PORT_DMA_SMSK)
    df80: 3e 01        	ld	a,$1
    df82: d3 fa        	out	($fa),a
; static __inline__ void intrinsic_ei(void) { __builtin_z80_ei(); }
    df84: fb           	ei
;         fdc_general_cmd(s_cmd, &current_format->mf);
    df85: 3a 94 f3     	ld	a,($f394)               ; 0xf394 <_sec_rw.s_cmd>
    df88: 57           	ld	d,a
    df89: 2a e6 ee     	ld	hl,($eee6)              ; 0xeee6 <_current_format>
    df8c: e5           	push	hl
    df8d: 4d           	ld	c,l
    df8e: 44           	ld	b,h
    df8f: 03           	inc	bc
    df90: 03           	inc	bc
    df91: 03           	inc	bc
; static __inline__ void intrinsic_di(void) { __builtin_z80_di(); }
    df92: f3           	di
;     fdc_write(cmd + fdfp[0]);       /* command + MF flag */
    df93: 0a           	ld	a,(bc)
    df94: 82           	add	a,d
    df95: cd 90 db     	call	$db90
;     fdc_write(fdc_unit_head);              /* drive + head */
    df98: 3a d5 ec     	ld	a,($ecd5)               ; 0xecd5 <_fdc_unit_head>
    df9b: 32 aa f3     	ld	($f3aa),a               ; 0xf3aa <__sfrend_bios_seldsk_c>
    df9e: cd 90 db     	call	$db90
;     fdc_write(fdc_track);              /* cylinder */
    dfa1: 3a 91 f1     	ld	a,($f191)               ; 0xf191 <_fdc_track>
    dfa4: cd 90 db     	call	$db90
;     fdc_write((fdc_unit_head >> 2) & 3);   /* head number */
    dfa7: 3a aa f3     	ld	a,($f3aa)               ; 0xf3aa <__sfrend_bios_seldsk_c>
    dfaa: 0f           	rrca
    dfab: 0f           	rrca
    dfac: e6 03        	and	$3
    dfae: cd 90 db     	call	$db90
;     fdc_write(fdc_sector);              /* sector */
    dfb1: 3a 8e f1     	ld	a,($f18e)               ; 0xf18e <_fdc_sector>
    dfb4: cd 90 db     	call	$db90
    dfb7: 11 04 00     	ld	de,$4
;     fdc_write(fdfp[1]);            /* N (sector size code) */
    dfba: e1           	pop	hl
    dfbb: e5           	push	hl
    dfbc: 19           	add	hl,de
    dfbd: 7e           	ld	a,(hl)
    dfbe: cd 90 db     	call	$db90
    dfc1: 11 05 00     	ld	de,$5
;     fdc_write(fdfp[2]);            /* EOT (final sector) */
    dfc4: e1           	pop	hl
    dfc5: e5           	push	hl
    dfc6: 19           	add	hl,de
    dfc7: 7e           	ld	a,(hl)
    dfc8: cd 90 db     	call	$db90
    dfcb: 11 06 00     	ld	de,$6
;     fdc_write(fdfp[3]);            /* gap length */
    dfce: e1           	pop	hl
    dfcf: 19           	add	hl,de
    dfd0: 7e           	ld	a,(hl)
    dfd1: cd 90 db     	call	$db90
;     fdc_write(fdc_data_length);               /* data length */
    dfd4: 3a f2 ee     	ld	a,($eef2)               ; 0xeef2 <_fdc_data_length>
    dfd7: cd 90 db     	call	$db90
; static __inline__ void intrinsic_ei(void) { __builtin_z80_ei(); }
    dfda: fb           	ei
;         fdc_irq_wait();
    dfdb: cd a7 db     	call	$dba7
;         if (!(fdc_result.st0 & FDC_ST0_ANY_ERROR))
    dfde: 3a 7d f0     	ld	a,($f07d)               ; 0xf07d <_fdc_result>
    dfe1: fe 08        	cp	$8
    dfe3: d8           	ret	c
;         if (fdc_result.st0 & FDC_ST0_NOT_READY) /* drive not ready — retry won't help */
    dfe4: 3a 7d f0     	ld	a,($f07d)               ; 0xf07d <_fdc_result>
    dfe7: e6 08        	and	$8
    dfe9: 20 2e        	jr	nz,$e019
;         if (repet == 6) {               /* halfway (5 failures): recalibrate before retry */
    dfeb: 3a 96 f3     	ld	a,($f396)               ; 0xf396 <_sec_rw.repet>
    dfee: 4f           	ld	c,a
    dfef: fe 06        	cp	$6
    dff1: 20 22        	jr	nz,$e015
; static __inline__ void intrinsic_di(void) { __builtin_z80_di(); }
    dff3: f3           	di
;     fdc_irq_fired = 0;
    dff4: af           	xor	a
    dff5: 32 2a ef     	ld	($ef2a),a               ; 0xef2a <_fdc_irq_fired>
; static __inline__ void intrinsic_ei(void) { __builtin_z80_ei(); }
    dff8: fb           	ei
;             fdc_recalibrate();
    dff9: cd 46 e0     	call	$e046
;             fdc_irq_wait_rearm();
    dffc: cd 9d db     	call	$db9d
;             fdc_sense_int();
    dfff: cd 53 e0     	call	$e053
; static __inline__ void intrinsic_di(void) { __builtin_z80_di(); }
    e002: f3           	di
;     fdc_irq_fired = 0;
    e003: af           	xor	a
    e004: 32 2a ef     	ld	($ef2a),a               ; 0xef2a <_fdc_irq_fired>
; static __inline__ void intrinsic_ei(void) { __builtin_z80_ei(); }
    e007: fb           	ei
;             fdc_seek();
    e008: cd 6a e0     	call	$e06a
;             fdc_irq_wait_rearm();
    e00b: cd 9d db     	call	$db9d
;             fdc_sense_int();
    e00e: cd 53 e0     	call	$e053
;     for (repet = 10; repet != 0; repet--) {
    e011: 3a 96 f3     	ld	a,($f396)               ; 0xf396 <_sec_rw.repet>
    e014: 4f           	ld	c,a
    e015: 3d           	dec	a
    e016: c3 31 df     	jp	$df31
;     hostbuf_valid = 0;
    e019: af           	xor	a
    e01a: 32 d1 ec     	ld	($ecd1),a               ; 0xecd1 <_wb+0x7>
;     disk_error = 1;
    e01d: 3e 01        	ld	a,$1
    e01f: 32 d3 ec     	ld	($ecd3),a               ; 0xecd3 <_wb+0x9>
; }
    e022: c9           	ret

0000e023 <_fdstar>:
; DEFPORT(sw1,          PORT_SW1)
    e023: db 14        	in	a,($14)
;     if (!(port_in(sw1) & 0b10000000))    /* maxi: no motor control */
    e025: 07           	rlca
    e026: d0           	ret	nc
; static __inline__ void intrinsic_di(void) { __builtin_z80_di(); }
    e027: f3           	di
;     if (timer2 == 0) {
    e028: 2a e1 ff     	ld	hl,($ffe1)              ; 0xffe1 <__sfrend_isr_sio_b_tx+0xc20>
    e02b: eb           	ex	de,hl
    e02c: 3a e7 ff     	ld	a,($ffe7)               ; 0xffe7 <__sfrend_isr_sio_b_tx+0xc26>
    e02f: 6f           	ld	l,a
    e030: 26 00        	ld	h,$0
    e032: 22 e1 ff     	ld	($ffe1),hl              ; 0xffe1 <__sfrend_isr_sio_b_tx+0xc20>
; static __inline__ void intrinsic_ei(void) { __builtin_z80_ei(); }
    e035: fb           	ei
;     if (timer2 == 0) {
    e036: eb           	ex	de,hl
    e037: 7d           	ld	a,l
    e038: b4           	or	h
    e039: 28 01        	jr	z,$e03c
; }
    e03b: c9           	ret
; DEFPORT(sw1,          PORT_SW1)
    e03c: 3e 01        	ld	a,$1
    e03e: d3 14        	out	($14),a
;         waitd(50);              /* 50 * 20ms = 1 second */
    e040: 21 32 00     	ld	hl,$32
    e043: c3 86 e0     	jp	$e086

0000e046 <_fdc_recalibrate>:
;     fdc_write(0x07);            /* RECALIBRATE */
    e046: 3e 07        	ld	a,$7
    e048: cd 90 db     	call	$db90
;     fdc_write(fdc_unit_head & 3);      /* drive */
    e04b: 3a d5 ec     	ld	a,($ecd5)               ; 0xecd5 <_fdc_unit_head>
    e04e: e6 03        	and	$3
    e050: c3 90 db     	jp	$db90

0000e053 <_fdc_sense_int>:
;     fdc_write(0x08);            /* SENSE INTERRUPT STATUS */
    e053: 3e 08        	ld	a,$8
    e055: cd 90 db     	call	$db90
;     fdc_result.st0 = fdc_read();
    e058: cd 7d e0     	call	$e07d
    e05b: 32 7d f0     	ld	($f07d),a               ; 0xf07d <_fdc_result>
;     if ((fdc_result.st0 & FDC_ST0_INTERRUPT_CODE) != FDC_ST0_IC_INVALID_CMD)
    e05e: ee 80        	xor	$80
    e060: fe 40        	cp	$40
    e062: d8           	ret	c
;         fdc_result.st1 = fdc_read();
    e063: cd 7d e0     	call	$e07d
    e066: 32 7e f0     	ld	($f07e),a               ; 0xf07e <_fdc_result+0x1>
; }
    e069: c9           	ret

0000e06a <_fdc_seek>:
;     fdc_write(0x0F);            /* SEEK */
    e06a: 3e 0f        	ld	a,$f
    e06c: cd 90 db     	call	$db90
;     fdc_write(fdc_unit_head & 3);      /* drive + head */
    e06f: 3a d5 ec     	ld	a,($ecd5)               ; 0xecd5 <_fdc_unit_head>
    e072: e6 03        	and	$3
    e074: cd 90 db     	call	$db90
;     fdc_write(fdc_track);          /* cylinder */
    e077: 3a 91 f1     	ld	a,($f191)               ; 0xf191 <_fdc_track>
    e07a: c3 90 db     	jp	$db90

0000e07d <_fdc_read>:
; DEFPORT(fdc_status,   PORT_FDC_STATUS)
    e07d: db 04        	in	a,($4)
    e07f: fe c0        	cp	$c0
    e081: 38 fa        	jr	c,$e07d
; DEFPORT(fdc_data,     PORT_FDC_DATA)
    e083: db 05        	in	a,($5)
;     return port_in(fdc_data);
    e085: c9           	ret

0000e086 <_waitd>:
;     delay_ticks = ticks;
    e086: 22 e3 ff     	ld	($ffe3),hl              ; 0xffe3 <__sfrend_isr_sio_b_tx+0xc22>
;     while (delay_ticks)
    e089: 2a e3 ff     	ld	hl,($ffe3)              ; 0xffe3 <__sfrend_isr_sio_b_tx+0xc22>
    e08c: 7d           	ld	a,l
    e08d: b4           	or	h
    e08e: 20 f9        	jr	nz,$e089
; }
    e090: c9           	ret

0000e091 <_bios_conout_c>:
; {
    e091: 57           	ld	d,a
;     switch (IOBYTE_CON(iobyte)) {
    e092: 3a 03 00     	ld	a,($3)                  ; 0x3 <_boot_header+0x3>
    e095: e6 03        	and	$3
    e097: fe 03        	cp	$3
    e099: 28 0c        	jr	z,$e0a7
    e09b: fe 01        	cp	$1
    e09d: 28 13        	jr	z,$e0b2
    e09f: fe 02        	cp	$2
    e0a1: 20 04        	jr	nz,$e0a7
;         bios_list_body(c);
    e0a3: 7a           	ld	a,d
    e0a4: c3 76 e4     	jp	$e476
    e0a7: 7a           	ld	a,d
    e0a8: 32 ad f3     	ld	($f3ad),a               ; 0xf3ad <__sfrend_sec_rw>
    e0ab: cd ca e0     	call	$e0ca
    e0ae: 3a ad f3     	ld	a,($f3ad)               ; 0xf3ad <__sfrend_sec_rw>
    e0b1: 57           	ld	d,a
    e0b2: 7a           	ld	a,d
    e0b3: 32 da ff     	ld	($ffda),a               ; 0xffda <__sfrend_isr_sio_b_tx+0xc19>
    e0b6: 3a d7 ff     	ld	a,($ffd7)               ; 0xffd7 <__sfrend_isr_sio_b_tx+0xc16>
    e0b9: b7           	or	a
    e0ba: 28 03        	jr	z,$e0bf
    e0bc: c3 db e0     	jp	$e0db
    e0bf: 7a           	ld	a,d
    e0c0: fe 20        	cp	$20
    e0c2: 30 03        	jr	nc,$e0c7
    e0c4: c3 70 e1     	jp	$e170
    e0c7: c3 08 e4     	jp	$e408

0000e0ca <_serial_conout>:
; static void serial_conout(byte c) {
    e0ca: 57           	ld	d,a
;     while (!sio_b_tx_ready)
    e0cb: 3a c7 ec     	ld	a,($ecc7)               ; 0xecc7 <_sio_b_tx_ready>
    e0ce: b7           	or	a
    e0cf: 28 fa        	jr	z,$e0cb
; static __inline__ void intrinsic_di(void) { __builtin_z80_di(); }
    e0d1: f3           	di
;     sio_b_tx_ready = 0;
    e0d2: af           	xor	a
    e0d3: 32 c7 ec     	ld	($ecc7),a               ; 0xecc7 <_sio_b_tx_ready>
; DEFPORT(sio_b_data,   PORT_SIO_B_DATA)
    e0d6: 7a           	ld	a,d
    e0d7: d3 09        	out	($9),a
; static __inline__ void intrinsic_ei(void) { __builtin_z80_ei(); }
    e0d9: fb           	ei
; }
    e0da: c9           	ret

0000e0db <_xyadd>:
;     byte val = (usession & 0b01111111) - 32;
    e0db: 3a da ff     	ld	a,($ffda)               ; 0xffda <__sfrend_isr_sio_b_tx+0xc19>
    e0de: e6 7f        	and	$7f
    e0e0: c6 e0        	add	a,$e0
    e0e2: 67           	ld	h,a
;     xflg--;
    e0e3: 3a d7 ff     	ld	a,($ffd7)               ; 0xffd7 <__sfrend_isr_sio_b_tx+0xc16>
    e0e6: 3d           	dec	a
    e0e7: 32 d7 ff     	ld	($ffd7),a               ; 0xffd7 <__sfrend_isr_sio_b_tx+0xc16>
;     if (xflg != 0) {
    e0ea: 28 05        	jr	z,$e0f1
;         adr0 = val;             /* save first coordinate */
    e0ec: 7c           	ld	a,h
    e0ed: 32 de ff     	ld	($ffde),a               ; 0xffde <__sfrend_isr_sio_b_tx+0xc1d>
; }
    e0f0: c9           	ret
;     if (adrmod == 0) {
    e0f1: 3a 33 da     	ld	a,($da33)               ; 0xda33 <_bios_jump_vector_table+0x33>
    e0f4: 5f           	ld	e,a
    e0f5: 3a de ff     	ld	a,($ffde)               ; 0xffde <__sfrend_isr_sio_b_tx+0xc1d>
    e0f8: 57           	ld	d,a
;     while (x_val >= SCRN_COLS) x_val -= SCRN_COLS;
    e0f9: 7b           	ld	a,e
    e0fa: b7           	or	a
    e0fb: 6a           	ld	l,d
    e0fc: 28 01        	jr	z,$e0ff
    e0fe: 6c           	ld	l,h
;     while (y_val >= SCRN_ROWS) y_val -= SCRN_ROWS;
    e0ff: b7           	or	a
    e100: 28 01        	jr	z,$e103
    e102: 62           	ld	h,d
    e103: 7c           	ld	a,h
    e104: 32 b0 f3     	ld	($f3b0),a               ; 0xf3b0 <__sfrend_bios_conout_c+0x2>
;     while (x_val >= SCRN_COLS) x_val -= SCRN_COLS;
    e107: 3e 4f        	ld	a,$4f
    e109: bd           	cp	l
    e10a: 7d           	ld	a,l
    e10b: 32 af f3     	ld	($f3af),a               ; 0xf3af <__sfrend_bios_conout_c+0x1>
    e10e: 38 02        	jr	c,$e112
    e110: 2e 4f        	ld	l,$4f
    e112: 7d           	ld	a,l
;     while (x_val >= SCRN_COLS) x_val -= SCRN_COLS;
    e113: 32 ae f3     	ld	($f3ae),a               ; 0xf3ae <__sfrend_bios_conout_c>
    e116: 1e 50        	ld	e,$50
    e118: cd 7f db     	call	$db7f
    e11b: f5           	push	af
    e11c: 3a ae f3     	ld	a,($f3ae)               ; 0xf3ae <__sfrend_bios_conout_c>
    e11f: 57           	ld	d,a
    e120: f1           	pop	af
    e121: 92           	sub	d
    e122: f5           	push	af
    e123: 3a af f3     	ld	a,($f3af)               ; 0xf3af <__sfrend_bios_conout_c+0x1>
    e126: 57           	ld	d,a
    e127: f1           	pop	af
    e128: 82           	add	a,d
    e129: 32 af f3     	ld	($f3af),a               ; 0xf3af <__sfrend_bios_conout_c+0x1>
;     while (y_val >= SCRN_ROWS) y_val -= SCRN_ROWS;
    e12c: 3e 18        	ld	a,$18
    e12e: f5           	push	af
    e12f: 3a b0 f3     	ld	a,($f3b0)               ; 0xf3b0 <__sfrend_bios_conout_c+0x2>
    e132: 57           	ld	d,a
    e133: f1           	pop	af
    e134: ba           	cp	d
    e135: 38 02        	jr	c,$e139
    e137: 16 18        	ld	d,$18
    e139: 7a           	ld	a,d
;     while (y_val >= SCRN_ROWS) y_val -= SCRN_ROWS;
    e13a: 32 ae f3     	ld	($f3ae),a               ; 0xf3ae <__sfrend_bios_conout_c>
    e13d: 1e 19        	ld	e,$19
    e13f: cd 7f db     	call	$db7f
    e142: f5           	push	af
    e143: 3a ae f3     	ld	a,($f3ae)               ; 0xf3ae <__sfrend_bios_conout_c>
    e146: 57           	ld	d,a
    e147: f1           	pop	af
    e148: 92           	sub	d
    e149: f5           	push	af
    e14a: 3a b0 f3     	ld	a,($f3b0)               ; 0xf3b0 <__sfrend_bios_conout_c+0x2>
    e14d: 57           	ld	d,a
    e14e: f1           	pop	af
    e14f: 82           	add	a,d
    e150: 57           	ld	d,a
    e151: 6f           	ld	l,a
    e152: 26 00        	ld	h,$0
;     curx = x_val;
    e154: 3a af f3     	ld	a,($f3af)               ; 0xf3af <__sfrend_bios_conout_c+0x1>
    e157: 32 d1 ff     	ld	($ffd1),a               ; 0xffd1 <__sfrend_isr_sio_b_tx+0xc10>
;     cursy = y_val;
    e15a: 7a           	ld	a,d
    e15b: 32 d4 ff     	ld	($ffd4),a               ; 0xffd4 <__sfrend_isr_sio_b_tx+0xc13>
;     cury = (word)y_val * SCRN_COLS;
    e15e: 5d           	ld	e,l
    e15f: 54           	ld	d,h
    e160: 29           	add	hl,hl
    e161: 29           	add	hl,hl
    e162: 19           	add	hl,de
    e163: 29           	add	hl,hl
    e164: 29           	add	hl,hl
    e165: 29           	add	hl,hl
    e166: 29           	add	hl,hl
    e167: 22 d2 ff     	ld	($ffd2),hl              ; 0xffd2 <__sfrend_isr_sio_b_tx+0xc11>
;     cur_dirty = 1;              /* deferred to isr_crt for speed */
    e16a: 3e 01        	ld	a,$1
    e16c: 32 19 ef     	ld	($ef19),a               ; 0xef19 <_cur_dirty>
; }
    e16f: c9           	ret

0000e170 <_specc>:
;     xflg = 0;
    e170: af           	xor	a
    e171: 32 d7 ff     	ld	($ffd7),a               ; 0xffd7 <__sfrend_isr_sio_b_tx+0xc16>
;     if (usession == 0x0D) { carriage_return(); return; }
    e174: 3a da ff     	ld	a,($ffda)               ; 0xffda <__sfrend_isr_sio_b_tx+0xc19>
    e177: 3d           	dec	a
    e178: fe 1e        	cp	$1e
    e17a: 6f           	ld	l,a
    e17b: 26 00        	ld	h,$0
    e17d: d2 f3 e3     	jp	nc,$e3f3
    e180: 29           	add	hl,hl
    e181: eb           	ex	de,hl
    e182: 21 07 eb     	ld	hl,$eb07
    e185: 19           	add	hl,de
    e186: 5e           	ld	e,(hl)
    e187: 23           	inc	hl
    e188: 56           	ld	d,(hl)
    e189: eb           	ex	de,hl
    e18a: e9           	jp	(hl)
    e18b: c3 4b e5     	jp	$e54b
    e18e: 11 00 f8     	ld	de,$f800
    e191: 01 00 00     	ld	bc,$0
;     for (i = 0; i < BGSTAR_SIZE; i++) {
    e194: 79           	ld	a,c
    e195: fe fa        	cp	$fa
    e197: 28 22        	jr	z,$e1bb
;         bits = bgstar[i];
    e199: 21 86 f0     	ld	hl,$f086
    e19c: ed 43 b1 f3  	ld	($f3b1),bc              ; 0xf3b1 <__sfrend_xyadd>
    e1a0: 09           	add	hl,bc
    e1a1: 0e 80        	ld	c,$80
;         while (mask) {
    e1a3: 79           	ld	a,c
    e1a4: b7           	or	a
    e1a5: 28 0d        	jr	z,$e1b4
;             if (!(bits & mask))
    e1a7: a6           	and	(hl)
    e1a8: 20 03        	jr	nz,$e1ad
;                 *p = ' ';
    e1aa: 3e 20        	ld	a,$20
    e1ac: 12           	ld	(de),a
;             p++;
    e1ad: 13           	inc	de
;             mask >>= 1;
    e1ae: 79           	ld	a,c
    e1af: cb 3f        	srl	a
    e1b1: 4f           	ld	c,a
;         while (mask) {
    e1b2: 18 ef        	jr	$e1a3
    e1b4: ed 4b b1 f3  	ld	bc,($f3b1)              ; 0xf3b1 <__sfrend_xyadd>
;     for (i = 0; i < BGSTAR_SIZE; i++) {
    e1b8: 03           	inc	bc
    e1b9: 18 d9        	jr	$e194
    e1bb: eb           	ex	de,hl
    e1bc: 22 89 f1     	ld	($f189),hl              ; 0xf189 <_clear_foreground.p>
    e1bf: c3 f3 e3     	jp	$e3f3
;     curx = COLUMN0;
    e1c2: af           	xor	a
    e1c3: 32 d1 ff     	ld	($ffd1),a               ; 0xffd1 <__sfrend_isr_sio_b_tx+0xc10>
;     cur_dirty = 1;              /* deferred to isr_crt for speed */
    e1c6: c3 02 e4     	jp	$e402
;     xflg = 2;
    e1c9: 3e 02        	ld	a,$2
    e1cb: 32 d7 ff     	ld	($ffd7),a               ; 0xffd7 <__sfrend_isr_sio_b_tx+0xc16>
;     cury = 0;
    e1ce: 21 00 00     	ld	hl,$0
    e1d1: 22 d2 ff     	ld	($ffd2),hl              ; 0xffd2 <__sfrend_isr_sio_b_tx+0xc11>
;     curx = 0;
    e1d4: af           	xor	a
    e1d5: 32 d1 ff     	ld	($ffd1),a               ; 0xffd1 <__sfrend_isr_sio_b_tx+0xc10>
;     cursy = 0;
    e1d8: 32 d4 ff     	ld	($ffd4),a               ; 0xffd4 <__sfrend_isr_sio_b_tx+0xc13>
; }
    e1db: c9           	ret
;     if (usession == 0x14) { bgflg = 1; return; }
    e1dc: 3e 01        	ld	a,$1
    e1de: 32 85 f0     	ld	($f085),a               ; 0xf085 <_bgflg>
; }
    e1e1: c9           	ret
; DEFPORT(bell,         PORT_BELL)
    e1e2: af           	xor	a
    e1e3: d3 1c        	out	($1c),a
; }
    e1e5: c9           	ret
;     if (usession == 0x13) { bgflg = 2; memset(bgstar, 0, BGSTAR_SIZE); return; }
    e1e6: 3e 02        	ld	a,$2
    e1e8: c3 47 e3     	jp	$e347
;     if (cury != ROW24_OFFSET)
    e1eb: 2a d2 ff     	ld	hl,($ffd2)              ; 0xffd2 <__sfrend_isr_sio_b_tx+0xc11>
    e1ee: 4d           	ld	c,l
    e1ef: 44           	ld	b,h
    e1f0: 78           	ld	a,b
    e1f1: ee 07        	xor	$7
    e1f3: 57           	ld	d,a
    e1f4: 79           	ld	a,c
    e1f5: ee 80        	xor	$80
    e1f7: b2           	or	d
    e1f8: 28 19        	jr	z,$e213
;         memcpy(screen + cury, screen + cury + SCRN_COLS, ROW24_OFFSET - cury);
    e1fa: 21 00 f8     	ld	hl,$f800
    e1fd: 09           	add	hl,bc
    e1fe: e5           	push	hl
    e1ff: fd e1        	pop	iy
    e201: 11 50 00     	ld	de,$50
    e204: 19           	add	hl,de
    e205: eb           	ex	de,hl
    e206: 21 80 07     	ld	hl,$780
    e209: a7           	and	a
    e20a: ed 42        	sbc	hl,bc
    e20c: e5           	push	hl
    e20d: fd e5        	push	iy
    e20f: e1           	pop	hl
    e210: cd 5b db     	call	$db5b
;     memset(DISPLAY_ROW(ROW24), ' ', SCRN_COLS);
    e213: 21 50 00     	ld	hl,$50
    e216: e5           	push	hl
    e217: 21 80 ff     	ld	hl,$ff80
    e21a: 11 20 00     	ld	de,$20
    e21d: cd 69 db     	call	$db69
;     if (bgflg) {
    e220: 3a 85 f0     	ld	a,($f085)               ; 0xf085 <_bgflg>
    e223: b7           	or	a
    e224: ca f3 e3     	jp	z,$e3f3
;         dl_off = (byte)(cury >> 3);  /* cury is row*80, /8 = row*10 */
    e227: 2a d2 ff     	ld	hl,($ffd2)              ; 0xffd2 <__sfrend_isr_sio_b_tx+0xc11>
    e22a: 4d           	ld	c,l
    e22b: 44           	ld	b,h
;         if (dl_bgcount)
    e22c: 79           	ld	a,c
    e22d: e6 f8        	and	$f8
    e22f: 5f           	ld	e,a
    e230: 78           	ld	a,b
    e231: e6 07        	and	$7
    e233: ee 07        	xor	$7
    e235: 57           	ld	d,a
    e236: 7b           	ld	a,e
    e237: ee 80        	xor	$80
    e239: b2           	or	d
    e23a: 28 2e        	jr	z,$e26a
;         dl_off = (byte)(cury >> 3);  /* cury is row*80, /8 = row*10 */
    e23c: cb 38        	srl	b
    e23e: cb 19        	rr	c
    e240: cb 38        	srl	b
    e242: cb 19        	rr	c
    e244: cb 38        	srl	b
    e246: cb 19        	rr	c
;         dl_bgcount = BGSTAR_SIZE - BG_ROW_BYTES - dl_off;
    e248: 21 f0 00     	ld	hl,$f0
    e24b: a7           	and	a
    e24c: ed 42        	sbc	hl,bc
    e24e: eb           	ex	de,hl
;             memcpy(bgstar + dl_off, bgstar + dl_off + BG_ROW_BYTES, dl_bgcount);
    e24f: 06 00        	ld	b,$0
    e251: 21 86 f0     	ld	hl,$f086
    e254: 09           	add	hl,bc
    e255: e5           	push	hl
    e256: fd e1        	pop	iy
    e258: 01 0a 00     	ld	bc,$a
    e25b: 09           	add	hl,bc
    e25c: 4d           	ld	c,l
    e25d: 44           	ld	b,h
    e25e: 16 00        	ld	d,$0
    e260: eb           	ex	de,hl
    e261: e5           	push	hl
    e262: fd e5        	push	iy
    e264: e1           	pop	hl
    e265: 59           	ld	e,c
    e266: 50           	ld	d,b
    e267: cd 5b db     	call	$db5b
;         memset(bgstar + BGSTAR_SIZE - BG_ROW_BYTES, 0, BG_ROW_BYTES);
    e26a: 21 0a 00     	ld	hl,$a
    e26d: e5           	push	hl
    e26e: 21 76 f1     	ld	hl,$f176
    e271: c3 51 e3     	jp	$e351
;     count = ROW24_OFFSET - cury;
    e274: 2a d2 ff     	ld	hl,($ffd2)              ; 0xffd2 <__sfrend_isr_sio_b_tx+0xc11>
    e277: 4d           	ld	c,l
    e278: 44           	ld	b,h
;     if (count != 0) {
    e279: 78           	ld	a,b
    e27a: ee 07        	xor	$7
    e27c: 57           	ld	d,a
    e27d: 79           	ld	a,c
    e27e: ee 80        	xor	$80
    e280: b2           	or	d
    e281: 11 80 07     	ld	de,$780
    e284: 28 14        	jr	z,$e29a
;     count = ROW24_OFFSET - cury;
    e286: 21 80 07     	ld	hl,$780
    e289: a7           	and	a
    e28a: ed 42        	sbc	hl,bc
;         lddr_copy(screen + ROW24_OFFSET - 1,
    e28c: e5           	push	hl
    e28d: 21 7f ff     	ld	hl,$ff7f
    e290: 11 cf ff     	ld	de,$ffcf
    e293: cd 54 db     	call	$db54
;     memset(screen + cury, ' ', SCRN_COLS);
    e296: 2a d2 ff     	ld	hl,($ffd2)              ; 0xffd2 <__sfrend_isr_sio_b_tx+0xc11>
    e299: eb           	ex	de,hl
    e29a: 21 00 f8     	ld	hl,$f800
    e29d: 19           	add	hl,de
    e29e: eb           	ex	de,hl
    e29f: 21 50 00     	ld	hl,$50
    e2a2: e5           	push	hl
    e2a3: eb           	ex	de,hl
    e2a4: 11 20 00     	ld	de,$20
    e2a7: cd 69 db     	call	$db69
;     if (bgflg) {
    e2aa: 3a 85 f0     	ld	a,($f085)               ; 0xf085 <_bgflg>
    e2ad: b7           	or	a
    e2ae: ca f3 e3     	jp	z,$e3f3
;         il_off = (byte)(cury >> 3);
    e2b1: 2a d2 ff     	ld	hl,($ffd2)              ; 0xffd2 <__sfrend_isr_sio_b_tx+0xc11>
    e2b4: 5d           	ld	e,l
    e2b5: 54           	ld	d,h
    e2b6: 4d           	ld	c,l
    e2b7: 44           	ld	b,h
    e2b8: cb 38        	srl	b
    e2ba: cb 19        	rr	c
    e2bc: cb 38        	srl	b
    e2be: cb 19        	rr	c
    e2c0: cb 38        	srl	b
    e2c2: cb 19        	rr	c
    e2c4: 79           	ld	a,c
    e2c5: 32 88 f1     	ld	($f188),a               ; 0xf188 <_insert_line.il_off>
;         if (il_bgcount) {
    e2c8: 7b           	ld	a,e
    e2c9: e6 f8        	and	$f8
    e2cb: 5f           	ld	e,a
    e2cc: 7a           	ld	a,d
    e2cd: e6 07        	and	$7
    e2cf: ee 07        	xor	$7
    e2d1: 57           	ld	d,a
    e2d2: 7b           	ld	a,e
    e2d3: ee 80        	xor	$80
    e2d5: b2           	or	d
    e2d6: 28 16        	jr	z,$e2ee
;         il_bgcount = BGSTAR_SIZE - BG_ROW_BYTES - il_off;
    e2d8: 21 f0 00     	ld	hl,$f0
    e2db: a7           	and	a
    e2dc: ed 42        	sbc	hl,bc
;                       il_bgcount);
    e2de: 26 00        	ld	h,$0
;             lddr_copy(bgstar + BGSTAR_SIZE - BG_ROW_BYTES - 1,
    e2e0: e5           	push	hl
    e2e1: 21 75 f1     	ld	hl,$f175
    e2e4: 11 7f f1     	ld	de,$f17f
    e2e7: cd 54 db     	call	$db54
;         memset(bgstar + il_off, 0, BG_ROW_BYTES);
    e2ea: 3a 88 f1     	ld	a,($f188)               ; 0xf188 <_insert_line.il_off>
    e2ed: 4f           	ld	c,a
    e2ee: 06 00        	ld	b,$0
;         memset(bgstar + il_off, 0, BG_ROW_BYTES);
    e2f0: 21 86 f0     	ld	hl,$f086
    e2f3: 09           	add	hl,bc
    e2f4: eb           	ex	de,hl
    e2f5: 21 0a 00     	ld	hl,$a
    e2f8: e5           	push	hl
    e2f9: eb           	ex	de,hl
    e2fa: 18 55        	jr	$e351
;     cursor_right();
    e2fc: cd ae e4     	call	$e4ae
;     cursor_right();
    e2ff: cd ae e4     	call	$e4ae
;     cursor_right();
    e302: cd ae e4     	call	$e4ae
    e305: c3 ae e4     	jp	$e4ae
;     if (cury != ROW0_OFF) {
    e308: 2a d2 ff     	ld	hl,($ffd2)              ; 0xffd2 <__sfrend_isr_sio_b_tx+0xc11>
    e30b: 7d           	ld	a,l
    e30c: b4           	or	h
    e30d: ca f7 e3     	jp	z,$e3f7
;         rowup();
    e310: c3 78 e5     	jp	$e578
;     cury = 0;
    e313: 21 00 00     	ld	hl,$0
    e316: 22 d2 ff     	ld	($ffd2),hl              ; 0xffd2 <__sfrend_isr_sio_b_tx+0xc11>
;     curx = 0;
    e319: af           	xor	a
    e31a: 32 d1 ff     	ld	($ffd1),a               ; 0xffd1 <__sfrend_isr_sio_b_tx+0xc10>
;     cursy = 0;
    e31d: c3 ff e3     	jp	$e3ff
;     memset(screen, ' ', SCRN_SIZE);
    e320: 21 d0 07     	ld	hl,$7d0
    e323: e5           	push	hl
    e324: 21 00 f8     	ld	hl,$f800
    e327: 11 20 00     	ld	de,$20
    e32a: cd 69 db     	call	$db69
;     cury = 0;
    e32d: 21 00 00     	ld	hl,$0
    e330: 22 d2 ff     	ld	($ffd2),hl              ; 0xffd2 <__sfrend_isr_sio_b_tx+0xc11>
;     curx = 0;
    e333: af           	xor	a
    e334: 32 d1 ff     	ld	($ffd1),a               ; 0xffd1 <__sfrend_isr_sio_b_tx+0xc10>
;     cursy = 0;
    e337: 32 d4 ff     	ld	($ffd4),a               ; 0xffd4 <__sfrend_isr_sio_b_tx+0xc13>
;     cur_dirty = 1;              /* deferred to isr_crt for speed */
    e33a: 3e 01        	ld	a,$1
    e33c: 32 19 ef     	ld	($ef19),a               ; 0xef19 <_cur_dirty>
;     if (bgflg) {
    e33f: 3a 85 f0     	ld	a,($f085)               ; 0xf085 <_bgflg>
    e342: b7           	or	a
    e343: ca f3 e3     	jp	z,$e3f3
;         bgflg = 0;
    e346: af           	xor	a
    e347: 32 85 f0     	ld	($f085),a               ; 0xf085 <_bgflg>
    e34a: 21 fa 00     	ld	hl,$fa
    e34d: e5           	push	hl
    e34e: 21 86 f0     	ld	hl,$f086
    e351: 11 00 00     	ld	de,$0
    e354: c3 69 db     	jp	$db69
;     if (cury != ROW24_OFFSET)
    e357: 2a d2 ff     	ld	hl,($ffd2)              ; 0xffd2 <__sfrend_isr_sio_b_tx+0xc11>
    e35a: 7c           	ld	a,h
    e35b: ee 07        	xor	$7
    e35d: 57           	ld	d,a
    e35e: 7d           	ld	a,l
    e35f: ee 80        	xor	$80
    e361: b2           	or	d
    e362: c2 f4 e3     	jp	nz,$e3f4
;         scroll();
    e365: c3 f2 e4     	jp	$e4f2
;     pos = cury + curx;
    e368: 2a d2 ff     	ld	hl,($ffd2)              ; 0xffd2 <__sfrend_isr_sio_b_tx+0xc11>
    e36b: 3a d1 ff     	ld	a,($ffd1)               ; 0xffd1 <__sfrend_isr_sio_b_tx+0xc10>
    e36e: 5f           	ld	e,a
    e36f: 16 00        	ld	d,$0
    e371: 19           	add	hl,de
    e372: 4d           	ld	c,l
    e373: 44           	ld	b,h
    e374: 22 86 f1     	ld	($f186),hl              ; 0xf186 <_erase_to_eos.pos>
;     count = SCRN_SIZE - pos;
    e377: 21 d0 07     	ld	hl,$7d0
    e37a: a7           	and	a
    e37b: ed 42        	sbc	hl,bc
    e37d: eb           	ex	de,hl
;     memset(screen + pos, ' ', count);
    e37e: 21 00 f8     	ld	hl,$f800
    e381: 09           	add	hl,bc
    e382: 4d           	ld	c,l
    e383: 44           	ld	b,h
    e384: eb           	ex	de,hl
    e385: e5           	push	hl
    e386: 69           	ld	l,c
    e387: 60           	ld	h,b
    e388: 11 20 00     	ld	de,$20
    e38b: cd 69 db     	call	$db69
;     if (bgflg) {
    e38e: 3a 85 f0     	ld	a,($f085)               ; 0xf085 <_bgflg>
    e391: b7           	or	a
    e392: c8           	ret	z
;         bgcl_pos = pos;
    e393: 2a 86 f1     	ld	hl,($f186)              ; 0xf186 <_erase_to_eos.pos>
    e396: 5d           	ld	e,l
    e397: 54           	ld	d,h
    e398: 22 80 f1     	ld	($f180),hl              ; 0xf180 <_bgcl_pos>
;         bgcl_count = SCRN_SIZE - pos;
    e39b: 21 d0 07     	ld	hl,$7d0
    e39e: 18 4a        	jr	$e3ea
;     byte *row = screen + cury;
    e3a0: 2a d2 ff     	ld	hl,($ffd2)              ; 0xffd2 <__sfrend_isr_sio_b_tx+0xc11>
;     for (byte i = curx; i < SCRN_COLS; i++)
    e3a3: 22 b1 f3     	ld	($f3b1),hl              ; 0xf3b1 <__sfrend_xyadd>
    e3a6: 3a d1 ff     	ld	a,($ffd1)               ; 0xffd1 <__sfrend_isr_sio_b_tx+0xc10>
    e3a9: 57           	ld	d,a
    e3aa: 4f           	ld	c,a
    e3ab: 06 00        	ld	b,$0
    e3ad: 3e 50        	ld	a,$50
    e3af: ba           	cp	d
    e3b0: 38 02        	jr	c,$e3b4
    e3b2: 16 50        	ld	d,$50
;     for (byte i = curx; i < SCRN_COLS; i++)
    e3b4: 6a           	ld	l,d
    e3b5: 26 00        	ld	h,$0
    e3b7: e5           	push	hl
    e3b8: fd e1        	pop	iy
    e3ba: 21 00 f8     	ld	hl,$f800
    e3bd: ed 5b b1 f3  	ld	de,($f3b1)              ; 0xf3b1 <__sfrend_xyadd>
    e3c1: 19           	add	hl,de
    e3c2: 09           	add	hl,bc
    e3c3: eb           	ex	de,hl
    e3c4: fd e5        	push	iy
    e3c6: e1           	pop	hl
    e3c7: a7           	and	a
    e3c8: ed 42        	sbc	hl,bc
    e3ca: 7d           	ld	a,l
    e3cb: b4           	or	h
    e3cc: 28 07        	jr	z,$e3d5
;         row[i] = ' ';
    e3ce: 3e 20        	ld	a,$20
    e3d0: 12           	ld	(de),a
;     for (byte i = curx; i < SCRN_COLS; i++)
    e3d1: 13           	inc	de
    e3d2: 2b           	dec	hl
    e3d3: 18 f5        	jr	$e3ca
;     if (bgflg) {
    e3d5: 3a 85 f0     	ld	a,($f085)               ; 0xf085 <_bgflg>
    e3d8: b7           	or	a
    e3d9: c8           	ret	z
;         bgcl_pos = cury + curx;
    e3da: 2a d2 ff     	ld	hl,($ffd2)              ; 0xffd2 <__sfrend_isr_sio_b_tx+0xc11>
    e3dd: 3a d1 ff     	ld	a,($ffd1)               ; 0xffd1 <__sfrend_isr_sio_b_tx+0xc10>
    e3e0: 5f           	ld	e,a
    e3e1: 16 00        	ld	d,$0
    e3e3: 19           	add	hl,de
    e3e4: 22 80 f1     	ld	($f180),hl              ; 0xf180 <_bgcl_pos>
;         bgcl_count = SCRN_COLS - curx;
    e3e7: 21 50 00     	ld	hl,$50
    e3ea: a7           	and	a
    e3eb: ed 52        	sbc	hl,de
    e3ed: 22 82 f1     	ld	($f182),hl              ; 0xf182 <_bgcl_count>
    e3f0: c3 8f e5     	jp	$e58f
; }
    e3f3: c9           	ret
;         rowdn();
    e3f4: c3 db e4     	jp	$e4db
;         cury = ROW24_OFFSET;
    e3f7: 21 80 07     	ld	hl,$780
    e3fa: 22 d2 ff     	ld	($ffd2),hl              ; 0xffd2 <__sfrend_isr_sio_b_tx+0xc11>
;         cursy = ROW24;
    e3fd: 3e 18        	ld	a,$18
    e3ff: 32 d4 ff     	ld	($ffd4),a               ; 0xffd4 <__sfrend_isr_sio_b_tx+0xc13>
    e402: 3e 01        	ld	a,$1
    e404: 32 19 ef     	ld	($ef19),a               ; 0xef19 <_cur_dirty>
; }
    e407: c9           	ret

0000e408 <_displ>:
;     byte ch = usession;
    e408: 3a da ff     	ld	a,($ffda)               ; 0xffda <__sfrend_isr_sio_b_tx+0xc19>
    e40b: 57           	ld	d,a
;     locad = cury + curx;
    e40c: 2a d2 ff     	ld	hl,($ffd2)              ; 0xffd2 <__sfrend_isr_sio_b_tx+0xc11>
    e40f: 3a d1 ff     	ld	a,($ffd1)               ; 0xffd1 <__sfrend_isr_sio_b_tx+0xc10>
    e412: 4f           	ld	c,a
    e413: 06 00        	ld	b,$0
    e415: 09           	add	hl,bc
    e416: 4d           	ld	c,l
    e417: 44           	ld	b,h
    e418: 22 d8 ff     	ld	($ffd8),hl              ; 0xffd8 <__sfrend_isr_sio_b_tx+0xc17>
;     if (ch >= 192)
    e41b: 3e bf        	ld	a,$bf
    e41d: ba           	cp	d
    e41e: 30 06        	jr	nc,$e426
;         ch -= 192;
    e420: 7a           	ld	a,d
    e421: c6 40        	add	a,$40
    e423: 57           	ld	d,a
    e424: 18 04        	jr	$e42a
;     if (ch >= 128) {
    e426: 7a           	ld	a,d
    e427: 07           	rlca
    e428: 38 10        	jr	c,$e43a
;     } else if (!graph) {
    e42a: 3a 8b f1     	ld	a,($f18b)               ; 0xf18b <_graph>
    e42d: b7           	or	a
    e42e: 20 10        	jr	nz,$e440
;     if (ch >= 128) {
    e430: 5a           	ld	e,d
    e431: 16 00        	ld	d,$0
;         ch = outcon[ch];  /* national character conversion (CONFI.COM) */
    e433: 21 80 f6     	ld	hl,$f680
    e436: 19           	add	hl,de
    e437: 56           	ld	d,(hl)
    e438: 18 06        	jr	$e440
;         graph = ch & 4;         /* set/clear semigraphics mode (sticky) */
    e43a: 7a           	ld	a,d
    e43b: e6 04        	and	$4
    e43d: 32 8b f1     	ld	($f18b),a               ; 0xf18b <_graph>
;     screen[locad] = ch;
    e440: 21 00 f8     	ld	hl,$f800
    e443: 09           	add	hl,bc
    e444: 72           	ld	(hl),d
;     if (bgflg == 2)
    e445: 3a 85 f0     	ld	a,($f085)               ; 0xf085 <_bgflg>
    e448: fe 02        	cp	$2
    e44a: 20 27        	jr	nz,$e473
;         bg_set_bit(locad);
    e44c: 2a d8 ff     	ld	hl,($ffd8)              ; 0xffd8 <__sfrend_isr_sio_b_tx+0xc17>
    e44f: 5d           	ld	e,l
    e450: 54           	ld	d,h
    e451: 7d           	ld	a,l
;     byteoff = (byte)(pos >> 3);
    e452: cb 3a        	srl	d
    e454: cb 1b        	rr	e
    e456: cb 3a        	srl	d
    e458: cb 1b        	rr	e
    e45a: cb 3a        	srl	d
    e45c: cb 1b        	rr	e
;     bgstar[byteoff] |= (byte)0x80 >> (byte)(pos & 7);
    e45e: e6 07        	and	$7
    e460: 47           	ld	b,a
    e461: 3e 80        	ld	a,$80
    e463: 04           	inc	b
    e464: 05           	dec	b
    e465: 28 04        	jr	z,$e46b
    e467: cb 3f        	srl	a
    e469: 10 fc        	djnz	$e467
    e46b: 16 00        	ld	d,$0
    e46d: 21 86 f0     	ld	hl,$f086
    e470: 19           	add	hl,de
    e471: b6           	or	(hl)
    e472: 77           	ld	(hl),a
;     cursor_right();
    e473: c3 ae e4     	jp	$e4ae

0000e476 <_bios_list_body>:
; {
    e476: 57           	ld	d,a
;     switch (IOBYTE_LST(iobyte)) {
    e477: 3a 03 00     	ld	a,($3)                  ; 0x3 <_boot_header+0x3>
    e47a: cb 3f        	srl	a
    e47c: cb 3f        	srl	a
    e47e: cb 3f        	srl	a
    e480: cb 3f        	srl	a
    e482: cb 3f        	srl	a
    e484: cb 3f        	srl	a
    e486: fe 03        	cp	$3
    e488: c8           	ret	z
    e489: fe 01        	cp	$1
    e48b: 28 08        	jr	z,$e495
    e48d: fe 02        	cp	$2
    e48f: 20 08        	jr	nz,$e499
;     case IOB_BAT:  list_lpt(c);      break;  /* LPT: SIO-A (data port) */
    e491: 7a           	ld	a,d
    e492: c3 9d e4     	jp	$e49d
;     case IOB_CRT:  bios_conout_c(c); break;  /* CRT: display */
    e495: 7a           	ld	a,d
    e496: c3 91 e0     	jp	$e091
;     case IOB_TTY:  serial_conout(c); break;  /* TTY: SIO-B (console) */
    e499: 7a           	ld	a,d
    e49a: c3 ca e0     	jp	$e0ca

0000e49d <_list_lpt>:
; {
    e49d: 57           	ld	d,a
;     while (!sio_a_tx_ready)
    e49e: 3a c6 ec     	ld	a,($ecc6)               ; 0xecc6 <_sio_a_tx_ready>
    e4a1: b7           	or	a
    e4a2: 28 fa        	jr	z,$e49e
; static __inline__ void intrinsic_di(void) { __builtin_z80_di(); }
    e4a4: f3           	di
;     sio_a_tx_ready = 0;                 /* mark busy */
    e4a5: af           	xor	a
    e4a6: 32 c6 ec     	ld	($ecc6),a               ; 0xecc6 <_sio_a_tx_ready>
; DEFPORT(sio_a_data,   PORT_SIO_A_DATA)
    e4a9: 7a           	ld	a,d
    e4aa: d3 08        	out	($8),a
; static __inline__ void intrinsic_ei(void) { __builtin_z80_ei(); }
    e4ac: fb           	ei
; }
    e4ad: c9           	ret

0000e4ae <_cursor_right>:
;     if (curx < COLUMN79) {
    e4ae: 3a d1 ff     	ld	a,($ffd1)               ; 0xffd1 <__sfrend_isr_sio_b_tx+0xc10>
    e4b1: fe 4f        	cp	$4f
    e4b3: 30 0a        	jr	nc,$e4bf
;         curx++;
    e4b5: 3c           	inc	a
    e4b6: 32 d1 ff     	ld	($ffd1),a               ; 0xffd1 <__sfrend_isr_sio_b_tx+0xc10>
;     cur_dirty = 1;              /* deferred to isr_crt for speed */
    e4b9: 3e 01        	ld	a,$1
    e4bb: 32 19 ef     	ld	($ef19),a               ; 0xef19 <_cur_dirty>
; }
    e4be: c9           	ret
;         curx = COLUMN0;
    e4bf: af           	xor	a
    e4c0: 32 d1 ff     	ld	($ffd1),a               ; 0xffd1 <__sfrend_isr_sio_b_tx+0xc10>
;         if (cury != ROW24_OFFSET) {
    e4c3: 2a d2 ff     	ld	hl,($ffd2)              ; 0xffd2 <__sfrend_isr_sio_b_tx+0xc11>
    e4c6: 7c           	ld	a,h
    e4c7: ee 07        	xor	$7
    e4c9: 57           	ld	d,a
    e4ca: 7d           	ld	a,l
    e4cb: ee 80        	xor	$80
    e4cd: b2           	or	d
    e4ce: 20 08        	jr	nz,$e4d8
;     cur_dirty = 1;              /* deferred to isr_crt for speed */
    e4d0: 3e 01        	ld	a,$1
    e4d2: 32 19 ef     	ld	($ef19),a               ; 0xef19 <_cur_dirty>
;             scroll();
    e4d5: c3 f2 e4     	jp	$e4f2
;             rowdn();
    e4d8: c3 db e4     	jp	$e4db

0000e4db <_rowdn>:
;     cury += SCRN_COLS;
    e4db: 2a d2 ff     	ld	hl,($ffd2)              ; 0xffd2 <__sfrend_isr_sio_b_tx+0xc11>
    e4de: 11 50 00     	ld	de,$50
    e4e1: 19           	add	hl,de
    e4e2: 22 d2 ff     	ld	($ffd2),hl              ; 0xffd2 <__sfrend_isr_sio_b_tx+0xc11>
;     cursy++;
    e4e5: 3a d4 ff     	ld	a,($ffd4)               ; 0xffd4 <__sfrend_isr_sio_b_tx+0xc13>
    e4e8: 3c           	inc	a
    e4e9: 32 d4 ff     	ld	($ffd4),a               ; 0xffd4 <__sfrend_isr_sio_b_tx+0xc13>
;     cur_dirty = 1;              /* deferred to isr_crt for speed */
    e4ec: 3e 01        	ld	a,$1
    e4ee: 32 19 ef     	ld	($ef19),a               ; 0xef19 <_cur_dirty>
; }
    e4f1: c9           	ret

0000e4f2 <_scroll>:
;         __asm volatile(
    e4f2: 11 00 f8     	ld	de,$f800
    e4f5: 01 80 07     	ld	bc,$780
    e4f8: 21 50 f8     	ld	hl,$f850
    e4fb: ed a0        	ldi
    e4fd: ed a0        	ldi
    e4ff: ed a0        	ldi
    e501: ed a0        	ldi
    e503: ed a0        	ldi
    e505: ed a0        	ldi
    e507: ed a0        	ldi
    e509: ed a0        	ldi
    e50b: ed a0        	ldi
    e50d: ed a0        	ldi
    e50f: ed a0        	ldi
    e511: ed a0        	ldi
    e513: ed a0        	ldi
    e515: ed a0        	ldi
    e517: ed a0        	ldi
    e519: ed a0        	ldi
    e51b: ea fb e4     	jp	pe,$e4fb
;     memset((void *)0xFF80, 0x20, 80);
    e51e: 21 50 00     	ld	hl,$50
    e521: e5           	push	hl
    e522: 21 80 ff     	ld	hl,$ff80
    e525: 11 20 00     	ld	de,$20
    e528: cd 69 db     	call	$db69
;     if (bgflg) {
    e52b: 3a 85 f0     	ld	a,($f085)               ; 0xf085 <_bgflg>
    e52e: b7           	or	a
    e52f: c8           	ret	z
;         memcpy(bgstar, bgstar + BG_ROW_BYTES, BGSTAR_SIZE - BG_ROW_BYTES);
    e530: 21 f0 00     	ld	hl,$f0
    e533: e5           	push	hl
    e534: 21 86 f0     	ld	hl,$f086
    e537: 11 90 f0     	ld	de,$f090
    e53a: cd 5b db     	call	$db5b
;         memset(bgstar + BGSTAR_SIZE - BG_ROW_BYTES, 0, BG_ROW_BYTES);
    e53d: 21 0a 00     	ld	hl,$a
    e540: e5           	push	hl
    e541: 21 76 f1     	ld	hl,$f176
    e544: 11 00 00     	ld	de,$0
    e547: cd 69 db     	call	$db69
; }
    e54a: c9           	ret

0000e54b <_cursor_left>:
;     if (curx != COLUMN0) {
    e54b: 3a d1 ff     	ld	a,($ffd1)               ; 0xffd1 <__sfrend_isr_sio_b_tx+0xc10>
    e54e: 4f           	ld	c,a
    e54f: b7           	or	a
    e550: 28 0a        	jr	z,$e55c
;         curx--;
    e552: 3d           	dec	a
    e553: 32 d1 ff     	ld	($ffd1),a               ; 0xffd1 <__sfrend_isr_sio_b_tx+0xc10>
;     cur_dirty = 1;              /* deferred to isr_crt for speed */
    e556: 3e 01        	ld	a,$1
    e558: 32 19 ef     	ld	($ef19),a               ; 0xef19 <_cur_dirty>
; }
    e55b: c9           	ret
;         curx = COLUMN79;
    e55c: 3e 4f        	ld	a,$4f
    e55e: 32 d1 ff     	ld	($ffd1),a               ; 0xffd1 <__sfrend_isr_sio_b_tx+0xc10>
;         if (cury != ROW0_OFF) {
    e561: 2a d2 ff     	ld	hl,($ffd2)              ; 0xffd2 <__sfrend_isr_sio_b_tx+0xc11>
    e564: 7d           	ld	a,l
    e565: b4           	or	h
    e566: 28 03        	jr	z,$e56b
;             rowup();
    e568: c3 78 e5     	jp	$e578
;             cury = ROW24_OFFSET;
    e56b: 21 80 07     	ld	hl,$780
    e56e: 22 d2 ff     	ld	($ffd2),hl              ; 0xffd2 <__sfrend_isr_sio_b_tx+0xc11>
;             cursy = ROW24;
    e571: 3e 18        	ld	a,$18
    e573: 32 d4 ff     	ld	($ffd4),a               ; 0xffd4 <__sfrend_isr_sio_b_tx+0xc13>
    e576: 18 de        	jr	$e556

0000e578 <_rowup>:
;     cury -= SCRN_COLS;
    e578: 2a d2 ff     	ld	hl,($ffd2)              ; 0xffd2 <__sfrend_isr_sio_b_tx+0xc11>
    e57b: 11 b0 ff     	ld	de,$ffb0
    e57e: 19           	add	hl,de
    e57f: 22 d2 ff     	ld	($ffd2),hl              ; 0xffd2 <__sfrend_isr_sio_b_tx+0xc11>
;     cursy--;
    e582: 3a d4 ff     	ld	a,($ffd4)               ; 0xffd4 <__sfrend_isr_sio_b_tx+0xc13>
    e585: 3d           	dec	a
    e586: 32 d4 ff     	ld	($ffd4),a               ; 0xffd4 <__sfrend_isr_sio_b_tx+0xc13>
;     cur_dirty = 1;              /* deferred to isr_crt for speed */
    e589: 3e 01        	ld	a,$1
    e58b: 32 19 ef     	ld	($ef19),a               ; 0xef19 <_cur_dirty>
; }
    e58e: c9           	ret

0000e58f <_bg_clear_from>:
;     if (!bgflg)
    e58f: 3a 85 f0     	ld	a,($f085)               ; 0xf085 <_bgflg>
    e592: b7           	or	a
    e593: ca 7c e6     	jp	z,$e67c
;     byteoff = (byte)(bgcl_pos >> 3);
    e596: 2a 80 f1     	ld	hl,($f180)              ; 0xf180 <_bgcl_pos>
    e599: 4d           	ld	c,l
    e59a: 44           	ld	b,h
    e59b: eb           	ex	de,hl
    e59c: cb 3a        	srl	d
    e59e: cb 1b        	rr	e
    e5a0: cb 3a        	srl	d
    e5a2: cb 1b        	rr	e
    e5a4: cb 3a        	srl	d
    e5a6: cb 1b        	rr	e
    e5a8: 6b           	ld	l,e
    e5a9: 62           	ld	h,d
    e5aa: 55           	ld	d,l
    e5ab: 7d           	ld	a,l
    e5ac: 32 84 f1     	ld	($f184),a               ; 0xf184 <_bg_clear_from.byteoff>
;     if (bitno) {
    e5af: 79           	ld	a,c
    e5b0: e6 07        	and	$7
    e5b2: 4f           	ld	c,a
    e5b3: 06 00        	ld	b,$0
;     whole = (byte)(bgcl_count >> 3);
    e5b5: 2a 82 f1     	ld	hl,($f182)              ; 0xf182 <_bgcl_count>
;     if (bitno) {
    e5b8: 7a           	ld	a,d
    e5b9: 32 b7 f3     	ld	($f3b7),a               ; 0xf3b7 <__sfrend_specc+0x4>
    e5bc: 28 51        	jr	z,$e60f
    e5be: e5           	push	hl
;         bgstar[byteoff] &= ~((byte)0xFF >> bitno);
    e5bf: 21 00 ff     	ld	hl,$ff00
    e5c2: ed 43 b5 f3  	ld	($f3b5),bc              ; 0xf3b5 <__sfrend_specc+0x2>
    e5c6: 41           	ld	b,c
    e5c7: 04           	inc	b
    e5c8: 05           	dec	b
    e5c9: 28 06        	jr	z,$e5d1
    e5cb: cb 2c        	sra	h
    e5cd: cb 1d        	rr	l
    e5cf: 10 fa        	djnz	$e5cb
    e5d1: 4d           	ld	c,l
    e5d2: 44           	ld	b,h
    e5d3: 16 00        	ld	d,$0
    e5d5: 21 86 f0     	ld	hl,$f086
    e5d8: 19           	add	hl,de
    e5d9: e5           	push	hl
    e5da: fd e1        	pop	iy
    e5dc: 79           	ld	a,c
    e5dd: fd e5        	push	iy
    e5df: e1           	pop	hl
    e5e0: a6           	and	(hl)
    e5e1: fd 77 00     	ld	(iy+$0),a
;         byteoff++;
    e5e4: 3a b7 f3     	ld	a,($f3b7)               ; 0xf3b7 <__sfrend_specc+0x4>
    e5e7: 3c           	inc	a
    e5e8: 32 b7 f3     	ld	($f3b7),a               ; 0xf3b7 <__sfrend_specc+0x4>
    e5eb: 32 84 f1     	ld	($f184),a               ; 0xf184 <_bg_clear_from.byteoff>
;         bgcl_count = (bgcl_count > (byte)(8 - bitno)) ? bgcl_count - (8 - bitno) : 0;
    e5ee: 21 08 00     	ld	hl,$8
    e5f1: ed 5b b5 f3  	ld	de,($f3b5)              ; 0xf3b5 <__sfrend_specc+0x2>
    e5f5: a7           	and	a
    e5f6: ed 52        	sbc	hl,de
    e5f8: 4d           	ld	c,l
    e5f9: 44           	ld	b,h
    e5fa: e1           	pop	hl
    e5fb: 11 00 00     	ld	de,$0
    e5fe: 79           	ld	a,c
    e5ff: 95           	sub	l
    e600: 78           	ld	a,b
    e601: 9c           	sbc	a,h
    e602: 30 04        	jr	nc,$e608
    e604: a7           	and	a
    e605: ed 42        	sbc	hl,bc
    e607: eb           	ex	de,hl
    e608: 6b           	ld	l,e
    e609: 62           	ld	h,d
    e60a: 22 82 f1     	ld	($f182),hl              ; 0xf182 <_bgcl_count>
    e60d: 18 01        	jr	$e610
    e60f: eb           	ex	de,hl
;     whole = (byte)(bgcl_count >> 3);
    e610: 4b           	ld	c,e
    e611: 42           	ld	b,d
    e612: cb 38        	srl	b
    e614: cb 19        	rr	c
    e616: cb 38        	srl	b
    e618: cb 19        	rr	c
    e61a: cb 38        	srl	b
    e61c: cb 19        	rr	c
    e61e: 79           	ld	a,c
    e61f: 32 85 f1     	ld	($f185),a               ; 0xf185 <_bg_clear_from.whole>
;     if (whole) {
    e622: b7           	or	a
    e623: 28 2a        	jr	z,$e64f
;         memset(bgstar + byteoff, 0, whole);
    e625: 3a b7 f3     	ld	a,($f3b7)               ; 0xf3b7 <__sfrend_specc+0x4>
    e628: 57           	ld	d,a
    e629: 5a           	ld	e,d
    e62a: 16 00        	ld	d,$0
    e62c: 21 86 f0     	ld	hl,$f086
    e62f: 19           	add	hl,de
    e630: eb           	ex	de,hl
    e631: 06 00        	ld	b,$0
    e633: 69           	ld	l,c
    e634: 60           	ld	h,b
    e635: e5           	push	hl
    e636: eb           	ex	de,hl
    e637: 11 00 00     	ld	de,$0
    e63a: cd 69 db     	call	$db69
;         byteoff += whole;
    e63d: 3a 85 f1     	ld	a,($f185)               ; 0xf185 <_bg_clear_from.whole>
    e640: 57           	ld	d,a
    e641: 3a 84 f1     	ld	a,($f184)               ; 0xf184 <_bg_clear_from.byteoff>
    e644: 82           	add	a,d
    e645: 4f           	ld	c,a
    e646: 32 84 f1     	ld	($f184),a               ; 0xf184 <_bg_clear_from.byteoff>
;     tail = (byte)(bgcl_count & 7);
    e649: 2a 82 f1     	ld	hl,($f182)              ; 0xf182 <_bgcl_count>
    e64c: eb           	ex	de,hl
    e64d: 18 04        	jr	$e653
    e64f: 3a b7 f3     	ld	a,($f3b7)               ; 0xf3b7 <__sfrend_specc+0x4>
    e652: 4f           	ld	c,a
;     if (tail) {
    e653: 7b           	ld	a,e
    e654: e6 07        	and	$7
    e656: 5f           	ld	e,a
    e657: 16 00        	ld	d,$0
    e659: c8           	ret	z
;         bgstar[byteoff] &= ~((byte)0xFF << (byte)(8 - tail));
    e65a: 21 00 ff     	ld	hl,$ff00
    e65d: 43           	ld	b,e
    e65e: 04           	inc	b
    e65f: 05           	dec	b
    e660: 28 06        	jr	z,$e668
    e662: cb 3c        	srl	h
    e664: cb 1d        	rr	l
    e666: 10 fa        	djnz	$e662
    e668: eb           	ex	de,hl
    e669: 06 00        	ld	b,$0
    e66b: 21 86 f0     	ld	hl,$f086
    e66e: 09           	add	hl,bc
    e66f: e5           	push	hl
    e670: fd e1        	pop	iy
    e672: eb           	ex	de,hl
    e673: 7d           	ld	a,l
    e674: 2f           	cpl
    e675: fd e5        	push	iy
    e677: e1           	pop	hl
    e678: a6           	and	(hl)
    e679: fd 77 00     	ld	(iy+$0),a
; }
    e67c: c9           	ret

0000e67d <_bios_const>:
;     byte con = IOBYTE_CON(iobyte);
    e67d: 3a 03 00     	ld	a,($3)                  ; 0x3 <_boot_header+0x3>
    e680: 5f           	ld	e,a
    e681: e6 03        	and	$3
    e683: 57           	ld	d,a
;     if ((con & 1) && kbstat)         return 0xFF;
    e684: 7b           	ld	a,e
    e685: 0f           	rrca
    e686: 30 08        	jr	nc,$e690
    e688: 3a cc ec     	ld	a,($eccc)               ; 0xeccc <_wb+0x2>
    e68b: 1e ff        	ld	e,$ff
    e68d: b7           	or	a
    e68e: 20 12        	jr	nz,$e6a2
;     if ((con != 1) && serial_const()) return 0xFF;
    e690: 7a           	ld	a,d
    e691: fe 01        	cp	$1
    e693: 28 0b        	jr	z,$e6a0
;     return (rxtail_b != rxhead_b) ? 0xFF : 0x00;
    e695: 3a d0 ec     	ld	a,($ecd0)               ; 0xecd0 <_wb+0x6>
    e698: 1e ff        	ld	e,$ff
;     if ((con != 1) && serial_const()) return 0xFF;
    e69a: 21 cf ec     	ld	hl,$eccf
    e69d: be           	cp	(hl)
    e69e: 20 02        	jr	nz,$e6a2
    e6a0: 1e 00        	ld	e,$0
; }
    e6a2: 7b           	ld	a,e
    e6a3: c9           	ret

0000e6a4 <_bios_conin>:
;     byte con = IOBYTE_CON(iobyte);
    e6a4: 3a 03 00     	ld	a,($3)                  ; 0x3 <_boot_header+0x3>
    e6a7: 5f           	ld	e,a
    e6a8: e6 03        	and	$3
    e6aa: 57           	ld	d,a
    e6ab: 7b           	ld	a,e
    e6ac: e6 01        	and	$1
    e6ae: 5f           	ld	e,a
;         if ((con & 1) && kbtail != kbhead) return kbd_dequeue();
    e6af: 7b           	ld	a,e
    e6b0: b7           	or	a
    e6b1: 28 09        	jr	z,$e6bc
    e6b3: 3a cb ec     	ld	a,($eccb)               ; 0xeccb <_wb+0x1>
    e6b6: 21 ca ec     	ld	hl,$ecca
    e6b9: be           	cp	(hl)
    e6ba: 20 3e        	jr	nz,$e6fa
;         if ((con != 1) && rxtail_b != rxhead_b) return serial_conin();
    e6bc: 7a           	ld	a,d
    e6bd: fe 01        	cp	$1
    e6bf: 28 09        	jr	z,$e6ca
    e6c1: 3a d0 ec     	ld	a,($ecd0)               ; 0xecd0 <_wb+0x6>
    e6c4: 21 cf ec     	ld	hl,$eccf
    e6c7: be           	cp	(hl)
    e6c8: 20 03        	jr	nz,$e6cd
; static __inline__ void intrinsic_halt(void) { __builtin_z80_halt(); }
    e6ca: 76           	halt
;     for (;;) {
    e6cb: 18 e2        	jr	$e6af
;     while (rxtail_b == rxhead_b)
    e6cd: 3a d0 ec     	ld	a,($ecd0)               ; 0xecd0 <_wb+0x6>
    e6d0: be           	cp	(hl)
    e6d1: 28 fa        	jr	z,$e6cd
;     byte new_tail = (rxtail_b + 1) & RXMASK;
    e6d3: 3a d0 ec     	ld	a,($ecd0)               ; 0xecd0 <_wb+0x6>
    e6d6: 3c           	inc	a
    e6d7: 5f           	ld	e,a
;     byte ch = rxbuf_b[rxtail_b];
    e6d8: 3a d0 ec     	ld	a,($ecd0)               ; 0xecd0 <_wb+0x6>
    e6db: 4f           	ld	c,a
    e6dc: 06 00        	ld	b,$0
    e6de: 21 dc ed     	ld	hl,$eddc
    e6e1: 09           	add	hl,bc
    e6e2: 56           	ld	d,(hl)
;     rxtail_b = new_tail;
    e6e3: 7b           	ld	a,e
    e6e4: 32 d0 ec     	ld	($ecd0),a               ; 0xecd0 <_wb+0x6>
;     if (new_tail == rxhead_b) {
    e6e7: 21 cf ec     	ld	hl,$eccf
    e6ea: be           	cp	(hl)
    e6eb: 20 34        	jr	nz,$e721
; DEFPORT(sio_b_ctrl,   PORT_SIO_B_CTRL)
    e6ed: 3e 05        	ld	a,$5
    e6ef: d3 0b        	out	($b),a
;         port_out(sio_b_ctrl, wr5b + 0x8A);  /* DTR=1, TX enable, RTS=1 */
    e6f1: 3a 35 da     	ld	a,($da35)               ; 0xda35 <_bios_jump_vector_table+0x35>
    e6f4: c6 8a        	add	a,$8a
; DEFPORT(sio_b_ctrl,   PORT_SIO_B_CTRL)
    e6f6: d3 0b        	out	($b),a
    e6f8: 18 27        	jr	$e721
;     byte raw = kbbuf[kbtail];
    e6fa: 3a cb ec     	ld	a,($eccb)               ; 0xeccb <_wb+0x1>
    e6fd: 5f           	ld	e,a
    e6fe: 16 00        	ld	d,$0
    e700: 21 1a ef     	ld	hl,$ef1a
    e703: 19           	add	hl,de
    e704: 4e           	ld	c,(hl)
    e705: 42           	ld	b,d
;     kbtail = (kbtail + 1) & (KBBUFSZ - 1);
    e706: 3a cb ec     	ld	a,($eccb)               ; 0xeccb <_wb+0x1>
    e709: 3c           	inc	a
    e70a: e6 0f        	and	$f
    e70c: 32 cb ec     	ld	($eccb),a               ; 0xeccb <_wb+0x1>
;     kbstat = (kbtail != kbhead) ? 0xFF : 0x00;
    e70f: 57           	ld	d,a
    e710: 3a ca ec     	ld	a,($ecca)               ; 0xecca <_wb>
    e713: 5f           	ld	e,a
    e714: 7a           	ld	a,d
    e715: 93           	sub	e
    e716: c6 ff        	add	a,$ff
    e718: 9f           	sbc	a,a
    e719: 32 cc ec     	ld	($eccc),a               ; 0xeccc <_wb+0x2>
;     return inconv[raw];
    e71c: 21 00 f7     	ld	hl,$f700
    e71f: 09           	add	hl,bc
    e720: 56           	ld	d,(hl)
; }
    e721: 7a           	ld	a,d
    e722: c9           	ret

0000e723 <_bios_punch_body>:
; {
    e723: 57           	ld	d,a
;     switch (IOBYTE_PUN(iobyte)) {
    e724: 3a 03 00     	ld	a,($3)                  ; 0x3 <_boot_header+0x3>
    e727: 0f           	rrca
    e728: 0f           	rrca
    e729: 0f           	rrca
    e72a: 0f           	rrca
    e72b: e6 03        	and	$3
    e72d: 5f           	ld	e,a
    e72e: fe 02        	cp	$2
    e730: 30 11        	jr	nc,$e743
;         while (!sio_a_tx_ready)
    e732: 3a c6 ec     	ld	a,($ecc6)               ; 0xecc6 <_sio_a_tx_ready>
    e735: b7           	or	a
    e736: 28 fa        	jr	z,$e732
; static __inline__ void intrinsic_di(void) { __builtin_z80_di(); }
    e738: f3           	di
;         sio_a_tx_ready = 0;                 /* mark busy */
    e739: af           	xor	a
    e73a: 32 c6 ec     	ld	($ecc6),a               ; 0xecc6 <_sio_a_tx_ready>
; DEFPORT(sio_a_data,   PORT_SIO_A_DATA)
    e73d: 7a           	ld	a,d
    e73e: d3 08        	out	($8),a
; static __inline__ void intrinsic_ei(void) { __builtin_z80_ei(); }
    e740: fb           	ei
    e741: 18 07        	jr	$e74a
;     switch (IOBYTE_PUN(iobyte)) {
    e743: fe 02        	cp	$2
    e745: c0           	ret	nz
;         list_lpt(c);
    e746: 7a           	ld	a,d
    e747: c3 9d e4     	jp	$e49d
; }
    e74a: c9           	ret

0000e74b <_bios_reader_body>:
;     switch (IOBYTE_RDR(iobyte)) {
    e74b: 3a 03 00     	ld	a,($3)                  ; 0x3 <_boot_header+0x3>
    e74e: 0f           	rrca
    e74f: 0f           	rrca
    e750: e6 03        	and	$3
    e752: 5f           	ld	e,a
    e753: fe 02        	cp	$2
    e755: 30 39        	jr	nc,$e790
    e757: 01 cd ec     	ld	bc,$eccd
;         while (rxtail_a == rxhead_a)
    e75a: 3a ce ec     	ld	a,($ecce)               ; 0xecce <_wb+0x4>
    e75d: 69           	ld	l,c
    e75e: 60           	ld	h,b
    e75f: be           	cp	(hl)
    e760: 28 f8        	jr	z,$e75a
;         new_tail = (rxtail_a + 1) & RXMASK;
    e762: 3a ce ec     	ld	a,($ecce)               ; 0xecce <_wb+0x4>
    e765: 3c           	inc	a
    e766: f5           	push	af
;         ch = rxbuf_a[rxtail_a];
    e767: 3a ce ec     	ld	a,($ecce)               ; 0xecce <_wb+0x4>
    e76a: 5f           	ld	e,a
    e76b: 16 00        	ld	d,$0
    e76d: ed 53 b9 f3  	ld	($f3b9),de              ; 0xf3b9 <__sfrend_bg_clear_from+0x1>
    e771: 21 dc ec     	ld	hl,$ecdc
    e774: ed 5b b9 f3  	ld	de,($f3b9)              ; 0xf3b9 <__sfrend_bg_clear_from+0x1>
    e778: 19           	add	hl,de
    e779: 56           	ld	d,(hl)
    e77a: f1           	pop	af
;         rxtail_a = new_tail;
    e77b: 32 ce ec     	ld	($ecce),a               ; 0xecce <_wb+0x4>
;         if (new_tail == rxhead_a) {
    e77e: 69           	ld	l,c
    e77f: 60           	ld	h,b
    e780: be           	cp	(hl)
    e781: 20 30        	jr	nz,$e7b3
; DEFPORT(sio_a_ctrl,   PORT_SIO_A_CTRL)
    e783: 3e 05        	ld	a,$5
    e785: d3 0a        	out	($a),a
;             port_out(sio_a_ctrl, wr5a + 0x8A); /* DTR=1, TX enable, RTS=1 */
    e787: 3a 34 da     	ld	a,($da34)               ; 0xda34 <_bios_jump_vector_table+0x34>
    e78a: c6 8a        	add	a,$8a
; DEFPORT(sio_a_ctrl,   PORT_SIO_A_CTRL)
    e78c: d3 0a        	out	($a),a
    e78e: 18 23        	jr	$e7b3
    e790: 16 1a        	ld	d,$1a
;     switch (IOBYTE_RDR(iobyte)) {
    e792: fe 03        	cp	$3
    e794: 28 1d        	jr	z,$e7b3
    e796: 21 cf ec     	ld	hl,$eccf
;         while (rxtail_b == rxhead_b)
    e799: 3a d0 ec     	ld	a,($ecd0)               ; 0xecd0 <_wb+0x6>
    e79c: be           	cp	(hl)
    e79d: 28 fa        	jr	z,$e799
;         new_tail = (rxtail_b + 1) & RXMASK;
    e79f: 3a d0 ec     	ld	a,($ecd0)               ; 0xecd0 <_wb+0x6>
    e7a2: 3c           	inc	a
    e7a3: 5f           	ld	e,a
;         ch = rxbuf_b[rxtail_b];
    e7a4: 3a d0 ec     	ld	a,($ecd0)               ; 0xecd0 <_wb+0x6>
    e7a7: 4f           	ld	c,a
    e7a8: 06 00        	ld	b,$0
    e7aa: 21 dc ed     	ld	hl,$eddc
    e7ad: 09           	add	hl,bc
    e7ae: 56           	ld	d,(hl)
;         rxtail_b = new_tail;
    e7af: 7b           	ld	a,e
    e7b0: 32 d0 ec     	ld	($ecd0),a               ; 0xecd0 <_wb+0x6>
; }
    e7b3: 7a           	ld	a,d
    e7b4: c9           	ret

0000e7b5 <_bios_reads_body>:
;     switch (IOBYTE_RDR(iobyte)) {
    e7b5: 3a 03 00     	ld	a,($3)                  ; 0x3 <_boot_header+0x3>
    e7b8: 0f           	rrca
    e7b9: 0f           	rrca
    e7ba: e6 03        	and	$3
    e7bc: 57           	ld	d,a
    e7bd: fe 02        	cp	$2
    e7bf: 30 09        	jr	nc,$e7ca
;         return (rxtail_a != rxhead_a) ? 0xFF : 0x00;
    e7c1: 3a ce ec     	ld	a,($ecce)               ; 0xecce <_wb+0x4>
    e7c4: 57           	ld	d,a
    e7c5: 3a cd ec     	ld	a,($eccd)               ; 0xeccd <_wb+0x3>
    e7c8: 18 0b        	jr	$e7d5
;     switch (IOBYTE_RDR(iobyte)) {
    e7ca: fe 02        	cp	$2
    e7cc: 20 0e        	jr	nz,$e7dc
;         return (rxtail_b != rxhead_b) ? 0xFF : 0x00;
    e7ce: 3a d0 ec     	ld	a,($ecd0)               ; 0xecd0 <_wb+0x6>
    e7d1: 57           	ld	d,a
    e7d2: 3a cf ec     	ld	a,($eccf)               ; 0xeccf <_wb+0x5>
    e7d5: 5f           	ld	e,a
    e7d6: 7a           	ld	a,d
    e7d7: 93           	sub	e
    e7d8: c6 ff        	add	a,$ff
    e7da: 9f           	sbc	a,a
; }
    e7db: c9           	ret
    e7dc: af           	xor	a
; }
    e7dd: c9           	ret

0000e7de <_bios_read>:
;     return xread();
    e7de: c3 80 dd     	jp	$dd80

0000e7e1 <_bios_write_c>:
; {
    e7e1: 57           	ld	d,a
;     is_read = 0;
    e7e2: af           	xor	a
    e7e3: 32 9a f3     	ld	($f39a),a               ; 0xf39a <_is_read>
;     write_type = wt;
    e7e6: 7a           	ld	a,d
    e7e7: 32 9c f3     	ld	($f39c),a               ; 0xf39c <_write_type>
;     if (wt == WRUAL) {
    e7ea: fe 02        	cp	$2
    e7ec: 20 18        	jr	nz,$e806
;         unalloc_count = records_per_alloc_block;
    e7ee: 3a eb ee     	ld	a,($eeeb)               ; 0xeeeb <_records_per_alloc_block>
    e7f1: 4f           	ld	c,a
;         unalloc_disk = cpm_disk;
    e7f2: 3a dc ee     	ld	a,($eedc)               ; 0xeedc <_cpm_disk>
    e7f5: 32 9f f3     	ld	($f39f),a               ; 0xf39f <_unalloc_disk>
;         unalloc_track = cpm_track;
    e7f8: 2a d8 ec     	ld	hl,($ecd8)              ; 0xecd8 <_cpm_track>
    e7fb: 22 a0 f3     	ld	($f3a0),hl              ; 0xf3a0 <_unalloc_track>
;         unalloc_sector = cpm_sector;
    e7fe: 2a da ec     	ld	hl,($ecda)              ; 0xecda <_cpm_sector>
    e801: 22 a2 f3     	ld	($f3a2),hl              ; 0xf3a2 <_unalloc_sector>
    e804: 18 04        	jr	$e80a
;     if (unalloc_count) {
    e806: 3a d4 ec     	ld	a,($ecd4)               ; 0xecd4 <_unalloc_count>
    e809: 4f           	ld	c,a
    e80a: 79           	ld	a,c
    e80b: b7           	or	a
    e80c: 28 70        	jr	z,$e87e
;         unalloc_count--;
    e80e: 3d           	dec	a
    e80f: 32 d4 ec     	ld	($ecd4),a               ; 0xecd4 <_unalloc_count>
;         if (cpm_disk != unalloc_disk || cpm_track != unalloc_track || cpm_sector != unalloc_sector)
    e812: 3a dc ee     	ld	a,($eedc)               ; 0xeedc <_cpm_disk>
    e815: 21 9f f3     	ld	hl,$f39f
    e818: be           	cp	(hl)
    e819: 20 63        	jr	nz,$e87e
    e81b: 2a d8 ec     	ld	hl,($ecd8)              ; 0xecd8 <_cpm_track>
    e81e: eb           	ex	de,hl
    e81f: 2a a0 f3     	ld	hl,($f3a0)              ; 0xf3a0 <_unalloc_track>
    e822: 7a           	ld	a,d
    e823: ac           	xor	h
    e824: 67           	ld	h,a
    e825: 7b           	ld	a,e
    e826: ad           	xor	l
    e827: b4           	or	h
    e828: 20 54        	jr	nz,$e87e
    e82a: 2a da ec     	ld	hl,($ecda)              ; 0xecda <_cpm_sector>
    e82d: 4d           	ld	c,l
    e82e: 44           	ld	b,h
    e82f: 2a a2 f3     	ld	hl,($f3a2)              ; 0xf3a2 <_unalloc_sector>
    e832: 78           	ld	a,b
    e833: ac           	xor	h
    e834: 67           	ld	h,a
    e835: 79           	ld	a,c
    e836: ad           	xor	l
    e837: b4           	or	h
    e838: 20 44        	jr	nz,$e87e
    e83a: 69           	ld	l,c
    e83b: 22 bb f3     	ld	($f3bb),hl              ; 0xf3bb <__sfrend_bios_reader_body>
;         unalloc_sector++;
    e83e: 03           	inc	bc
    e83f: 69           	ld	l,c
    e840: 60           	ld	h,b
    e841: 22 a2 f3     	ld	($f3a2),hl              ; 0xf3a2 <_unalloc_sector>
;         if (unalloc_sector >= cpm_sectors_per_track) {
    e844: 2a ec ee     	ld	hl,($eeec)              ; 0xeeec <_cpm_sectors_per_track>
    e847: 79           	ld	a,c
    e848: 95           	sub	l
    e849: 78           	ld	a,b
    e84a: 9c           	sbc	a,h
    e84b: 38 0b        	jr	c,$e858
;             unalloc_sector = 0;
    e84d: 21 00 00     	ld	hl,$0
    e850: 22 a2 f3     	ld	($f3a2),hl              ; 0xf3a2 <_unalloc_sector>
;             unalloc_track++;
    e853: 13           	inc	de
    e854: eb           	ex	de,hl
    e855: 22 a0 f3     	ld	($f3a0),hl              ; 0xf3a0 <_unalloc_track>
;         need_pre_read = 0;
    e858: af           	xor	a
    e859: 32 9b f3     	ld	($f39b),a               ; 0xf39b <_need_pre_read>
;         if ((cpm_sector & deblock_mask) == deblock_mask)
    e85c: 3a ee ee     	ld	a,($eeee)               ; 0xeeee <_deblock_mask>
    e85f: 57           	ld	d,a
    e860: 6f           	ld	l,a
    e861: 26 00        	ld	h,$0
    e863: ed 4b bb f3  	ld	bc,($f3bb)              ; 0xf3bb <__sfrend_bios_reader_body>
    e867: 79           	ld	a,c
    e868: a2           	and	d
    e869: 5f           	ld	e,a
    e86a: 54           	ld	d,h
    e86b: 7a           	ld	a,d
    e86c: ac           	xor	h
    e86d: 47           	ld	b,a
    e86e: 7b           	ld	a,e
    e86f: ad           	xor	l
    e870: b0           	or	b
    e871: d6 01        	sub	$1
    e873: 9f           	sbc	a,a
    e874: e6 01        	and	$1
    e876: e6 01        	and	$1
    e878: 32 9e f3     	ld	($f39e),a               ; 0xf39e <_unalloc_mask>
    e87b: c3 94 dd     	jp	$dd94
;     unalloc_count = 0;
    e87e: af           	xor	a
    e87f: 32 d4 ec     	ld	($ecd4),a               ; 0xecd4 <_unalloc_count>
;     need_pre_read = deblock_mask;
    e882: 3a ee ee     	ld	a,($eeee)               ; 0xeeee <_deblock_mask>
    e885: 32 9b f3     	ld	($f39b),a               ; 0xf39b <_need_pre_read>
    e888: c3 94 dd     	jp	$dd94

0000e88b <_bios_listst>:
;     switch (IOBYTE_LST(iobyte)) {
    e88b: 3a 03 00     	ld	a,($3)                  ; 0x3 <_boot_header+0x3>
    e88e: cb 3f        	srl	a
    e890: cb 3f        	srl	a
    e892: cb 3f        	srl	a
    e894: cb 3f        	srl	a
    e896: cb 3f        	srl	a
    e898: cb 3f        	srl	a
    e89a: fe 03        	cp	$3
    e89c: 28 0f        	jr	z,$e8ad
    e89e: fe 01        	cp	$1
    e8a0: 28 08        	jr	z,$e8aa
    e8a2: fe 02        	cp	$2
    e8a4: 20 09        	jr	nz,$e8af
;     case IOB_BAT:  return sio_a_tx_ready;   /* LPT: SIO-A TX ready */
    e8a6: 3a c6 ec     	ld	a,($ecc6)               ; 0xecc6 <_sio_a_tx_ready>
; }
    e8a9: c9           	ret
    e8aa: 3e ff        	ld	a,$ff
; }
    e8ac: c9           	ret
    e8ad: af           	xor	a
; }
    e8ae: c9           	ret
;     case IOB_TTY:  return sio_b_tx_ready;   /* SIO-B TX ready (console) */
    e8af: 3a c7 ec     	ld	a,($ecc7)               ; 0xecc7 <_sio_b_tx_ready>
; }
    e8b2: c9           	ret

0000e8b3 <_bios_linsel_body>:
;     while (!(sio_rd1() & 0b00000001))
    e8b3: cd 02 e9     	call	$e902
    e8b6: 0f           	rrca
    e8b7: 30 fa        	jr	nc,$e8b3
;     waitd(2);
    e8b9: 21 02 00     	ld	hl,$2
    e8bc: cd 86 e0     	call	$e086
; static __inline__ void intrinsic_di(void) { __builtin_z80_di(); }
    e8bf: f3           	di
;     sio_wr5(0x00);
    e8c0: af           	xor	a
    e8c1: cd 17 e9     	call	$e917
    e8c4: 1e 00        	ld	e,$0
; static __inline__ void intrinsic_ei(void) { __builtin_z80_ei(); }
    e8c6: fb           	ei
;     if (ls_line == 0)
    e8c7: 3a 15 ef     	ld	a,($ef15)               ; 0xef15 <_ls_line>
    e8ca: 57           	ld	d,a
    e8cb: b7           	or	a
    e8cc: 28 32        	jr	z,$e900
;         wr5val = (byte)(ls_line << 1);      /* RTS bit position */
    e8ce: 87           	add	a,a
; static __inline__ void intrinsic_di(void) { __builtin_z80_di(); }
    e8cf: f5           	push	af
    e8d0: f3           	di
;         sio_wr5(wr5val);
    e8d1: cd 17 e9     	call	$e917
; static __inline__ void intrinsic_ei(void) { __builtin_z80_ei(); }
    e8d4: fb           	ei
;         wr5val |= 0b10000000;                     /* add DTR */
    e8d5: f1           	pop	af
    e8d6: f6 80        	or	$80
; static __inline__ void intrinsic_di(void) { __builtin_z80_di(); }
    e8d8: f3           	di
;         sio_wr5(wr5val);
    e8d9: cd 17 e9     	call	$e917
; static __inline__ void intrinsic_ei(void) { __builtin_z80_ei(); }
    e8dc: fb           	ei
;     waitd(2);
    e8dd: 21 02 00     	ld	hl,$2
    e8e0: cd 86 e0     	call	$e086
;     if ((ls_port ? rr0_b : rr0_a) & 0b00100000)
    e8e3: 3a 16 ef     	ld	a,($ef16)               ; 0xef16 <_ls_port>
    e8e6: b7           	or	a
    e8e7: 28 05        	jr	z,$e8ee
    e8e9: 11 17 ef     	ld	de,$ef17
    e8ec: 18 03        	jr	$e8f1
    e8ee: 11 18 ef     	ld	de,$ef18
;     if ((ls_port ? rr0_b : rr0_a) & 0b00100000)
    e8f1: 1a           	ld	a,(de)
    e8f2: e6 20        	and	$20
    e8f4: 1e ff        	ld	e,$ff
    e8f6: 20 08        	jr	nz,$e900
; static __inline__ void intrinsic_di(void) { __builtin_z80_di(); }
    e8f8: f3           	di
;     sio_wr5(0x00);
    e8f9: af           	xor	a
    e8fa: cd 17 e9     	call	$e917
    e8fd: 1e 00        	ld	e,$0
; static __inline__ void intrinsic_ei(void) { __builtin_z80_ei(); }
    e8ff: fb           	ei
; }
    e900: 7b           	ld	a,e
    e901: c9           	ret

0000e902 <_sio_rd1>:
;     byte port = ls_port ? PORT_SIO_B_CTRL : PORT_SIO_A_CTRL;
    e902: 3a 16 ef     	ld	a,($ef16)               ; 0xef16 <_ls_port>
    e905: b7           	or	a
    e906: 28 05        	jr	z,$e90d
    e908: 01 0b 00     	ld	bc,$b
    e90b: 18 03        	jr	$e910
    e90d: 01 0a 00     	ld	bc,$a
;     port_out_rt(port, 1);
    e910: 3e 01        	ld	a,$1
    e912: ed 79        	out	(c),a
;     return port_in_rt(port);
    e914: ed 78        	in	a,(c)
    e916: c9           	ret

0000e917 <_sio_wr5>:
; static void NOINLINE sio_wr5(byte val) {
    e917: 57           	ld	d,a
;     byte port = ls_port ? PORT_SIO_B_CTRL : PORT_SIO_A_CTRL;
    e918: 3a 16 ef     	ld	a,($ef16)               ; 0xef16 <_ls_port>
    e91b: b7           	or	a
    e91c: 28 05        	jr	z,$e923
    e91e: 01 0b 00     	ld	bc,$b
    e921: 18 03        	jr	$e926
    e923: 01 0a 00     	ld	bc,$a
;     port_out_rt(port, 5);
    e926: 3e 05        	ld	a,$5
    e928: ed 79        	out	(c),a
;     port_out_rt(port, val);
    e92a: 7a           	ld	a,d
    e92b: ed 79        	out	(c),a
; }
    e92d: c9           	ret

0000e92e <_bios_hrdfmt>:
; void bios_hrdfmt(void) { }
    e92e: c9           	ret

0000e92f <_isr_crt>:
; DEFPORT(crt_cmd,      PORT_CRT_CMD)
    e92f: db 01        	in	a,($1)
; DEFPORT(dma_smsk,     PORT_DMA_SMSK)
    e931: 3e 06        	ld	a,$6
    e933: d3 fa        	out	($fa),a
    e935: 3e 07        	ld	a,$7
    e937: d3 fa        	out	($fa),a
; DEFPORT(dma_clbp,     PORT_DMA_CLBP)
    e939: af           	xor	a
    e93a: d3 fc        	out	($fc),a
; DEFPORT(dma_dsp_addr, PORT_DMA_DSP_ADDR)
    e93c: d3 f4        	out	($f4),a
    e93e: 3e f8        	ld	a,$f8
    e940: d3 f4        	out	($f4),a
; DEFPORT(dma_dsp_wc,   PORT_DMA_DSP_WC)
    e942: 3e cf        	ld	a,$cf
    e944: d3 f5        	out	($f5),a
    e946: 3e 07        	ld	a,$7
    e948: d3 f5        	out	($f5),a
; DEFPORT(dma_atr_wc,   PORT_DMA_ATR_WC)
    e94a: af           	xor	a
    e94b: d3 f7        	out	($f7),a
    e94d: d3 f7        	out	($f7),a
; DEFPORT(dma_smsk,     PORT_DMA_SMSK)
    e94f: 3e 02        	ld	a,$2
    e951: d3 fa        	out	($fa),a
    e953: 3e 03        	ld	a,$3
    e955: d3 fa        	out	($fa),a
;     if (cur_dirty) {
    e957: 3a 19 ef     	ld	a,($ef19)               ; 0xef19 <_cur_dirty>
    e95a: b7           	or	a
    e95b: 28 12        	jr	z,$e96f
;         cur_dirty = 0;
    e95d: af           	xor	a
    e95e: 32 19 ef     	ld	($ef19),a               ; 0xef19 <_cur_dirty>
; DEFPORT(crt_cmd,      PORT_CRT_CMD)
    e961: 3e 80        	ld	a,$80
    e963: d3 01        	out	($1),a
;         port_out(crt_param, curx);     /* X position */
    e965: 3a d1 ff     	ld	a,($ffd1)               ; 0xffd1 <__sfrend_isr_sio_b_tx+0xc10>
; DEFPORT(crt_param,    PORT_CRT_PARAM)
    e968: d3 00        	out	($0),a
;         port_out(crt_param, cursy);    /* Y position */
    e96a: 3a d4 ff     	ld	a,($ffd4)               ; 0xffd4 <__sfrend_isr_sio_b_tx+0xc13>
; DEFPORT(crt_param,    PORT_CRT_PARAM)
    e96d: d3 00        	out	($0),a
; DEFPORT(ctc2,         PORT_CTC2)
    e96f: 3e d7        	ld	a,$d7
    e971: d3 0e        	out	($e),a
    e973: 3e 01        	ld	a,$1
    e975: d3 0e        	out	($e),a
;     rtc0++;
    e977: 2a fc ff     	ld	hl,($fffc)              ; 0xfffc <__sfrend_isr_sio_b_tx+0xc3b>
    e97a: 23           	inc	hl
    e97b: 22 fc ff     	ld	($fffc),hl              ; 0xfffc <__sfrend_isr_sio_b_tx+0xc3b>
;     if (rtc0 == 0)
    e97e: 2a fc ff     	ld	hl,($fffc)              ; 0xfffc <__sfrend_isr_sio_b_tx+0xc3b>
    e981: 7d           	ld	a,l
    e982: b4           	or	h
    e983: 20 07        	jr	nz,$e98c
;         rtc2++;
    e985: 2a fe ff     	ld	hl,($fffe)              ; 0xfffe <__sfrend_isr_sio_b_tx+0xc3d>
    e988: 23           	inc	hl
    e989: 22 fe ff     	ld	($fffe),hl              ; 0xfffe <__sfrend_isr_sio_b_tx+0xc3d>
;     if (timer1 != 0) {
    e98c: 2a df ff     	ld	hl,($ffdf)              ; 0xffdf <__sfrend_isr_sio_b_tx+0xc1e>
    e98f: 7d           	ld	a,l
    e990: b4           	or	h
    e991: 28 17        	jr	z,$e9aa
;         timer1--;
    e993: 2a df ff     	ld	hl,($ffdf)              ; 0xffdf <__sfrend_isr_sio_b_tx+0xc1e>
    e996: 2b           	dec	hl
    e997: 22 df ff     	ld	($ffdf),hl              ; 0xffdf <__sfrend_isr_sio_b_tx+0xc1e>
;         if (timer1 == 0) {
    e99a: 2a df ff     	ld	hl,($ffdf)              ; 0xffdf <__sfrend_isr_sio_b_tx+0xc1e>
    e99d: 7d           	ld	a,l
    e99e: b4           	or	h
    e99f: 20 09        	jr	nz,$e9aa
;             ((void (*)(void))warmjp)();
    e9a1: 2a e5 ff     	ld	hl,($ffe5)              ; 0xffe5 <__sfrend_isr_sio_b_tx+0xc24>
    e9a4: e5           	push	hl
    e9a5: fd e1        	pop	iy
    e9a7: cd 8e db     	call	$db8e
;     if (timer2 != 0) {
    e9aa: 2a e1 ff     	ld	hl,($ffe1)              ; 0xffe1 <__sfrend_isr_sio_b_tx+0xc20>
    e9ad: 7d           	ld	a,l
    e9ae: b4           	or	h
    e9af: 28 16        	jr	z,$e9c7
;         timer2--;
    e9b1: 2a e1 ff     	ld	hl,($ffe1)              ; 0xffe1 <__sfrend_isr_sio_b_tx+0xc20>
    e9b4: 2b           	dec	hl
    e9b5: 22 e1 ff     	ld	($ffe1),hl              ; 0xffe1 <__sfrend_isr_sio_b_tx+0xc20>
;         if (timer2 == 0)
    e9b8: 2a e1 ff     	ld	hl,($ffe1)              ; 0xffe1 <__sfrend_isr_sio_b_tx+0xc20>
    e9bb: 7d           	ld	a,l
    e9bc: b4           	or	h
    e9bd: 20 08        	jr	nz,$e9c7
; DEFPORT(sw1,          PORT_SW1)
    e9bf: db 14        	in	a,($14)
;     if (!(port_in(sw1) & 0b10000000))    /* maxi: no motor control */
    e9c1: 07           	rlca
    e9c2: 30 03        	jr	nc,$e9c7
; DEFPORT(sw1,          PORT_SW1)
    e9c4: af           	xor	a
    e9c5: d3 14        	out	($14),a
;     if (delay_ticks != 0)
    e9c7: 2a e3 ff     	ld	hl,($ffe3)              ; 0xffe3 <__sfrend_isr_sio_b_tx+0xc22>
    e9ca: 7d           	ld	a,l
    e9cb: b4           	or	h
    e9cc: c8           	ret	z
;         delay_ticks--;
    e9cd: 2a e3 ff     	ld	hl,($ffe3)              ; 0xffe3 <__sfrend_isr_sio_b_tx+0xc22>
    e9d0: 2b           	dec	hl
    e9d1: 22 e3 ff     	ld	($ffe3),hl              ; 0xffe3 <__sfrend_isr_sio_b_tx+0xc22>
; }
    e9d4: c9           	ret

0000e9d5 <_isr_pio_kbd>:
; {
    e9d5: 21 cb ec     	ld	hl,$eccb
; DEFPORT(pio_a_data,   PORT_PIO_A_DATA)
    e9d8: db 10        	in	a,($10)
    e9da: 57           	ld	d,a
;         new_head = (kbhead + 1) & KBMASK;
    e9db: 3a ca ec     	ld	a,($ecca)               ; 0xecca <_wb>
    e9de: 3c           	inc	a
    e9df: e6 0f        	and	$f
;         if (new_head != kbtail) {
    e9e1: be           	cp	(hl)
    e9e2: c8           	ret	z
    e9e3: 5f           	ld	e,a
;             kbbuf[kbhead] = key;
    e9e4: 3a ca ec     	ld	a,($ecca)               ; 0xecca <_wb>
    e9e7: 4f           	ld	c,a
    e9e8: 06 00        	ld	b,$0
    e9ea: 21 1a ef     	ld	hl,$ef1a
    e9ed: 09           	add	hl,bc
    e9ee: 72           	ld	(hl),d
;             kbhead = new_head;
    e9ef: 7b           	ld	a,e
    e9f0: 32 ca ec     	ld	($ecca),a               ; 0xecca <_wb>
;             kbstat = 0xFF;
    e9f3: 3e ff        	ld	a,$ff
    e9f5: 32 cc ec     	ld	($eccc),a               ; 0xeccc <_wb+0x2>
; }
    e9f8: c9           	ret

0000e9f9 <_isr_floppy>:
;         fdc_irq_fired = 0xFF;
    e9f9: 3e ff        	ld	a,$ff
    e9fb: 32 2a ef     	ld	($ef2a),a               ; 0xef2a <_fdc_irq_fired>
; DEFPORT(fdc_status,   PORT_FDC_STATUS)
    e9fe: db 04        	in	a,($4)
;         if (port_in(fdc_status) & FDC_MSR_CB)     /* CB set: still in result phase */
    ea00: e6 10        	and	$10
    ea02: 20 03        	jr	nz,$ea07
;             fdc_sense_int();
    ea04: c3 53 e0     	jp	$e053
    ea07: 11 7d f0     	ld	de,$f07d
    ea0a: 26 f9        	ld	h,$f9
    ea0c: 7c           	ld	a,h
    ea0d: 32 be f3     	ld	($f3be),a               ; 0xf3be <__sfrend_bios_linsel_body>
;         *p++ = fdc_read();
    ea10: d5           	push	de
    ea11: cd 7d e0     	call	$e07d
    ea14: d1           	pop	de
;         *p++ = fdc_read();
    ea15: 12           	ld	(de),a
; DEFPORT(fdc_status,   PORT_FDC_STATUS)
    ea16: db 04        	in	a,($4)
;         if (!(port_in(fdc_status) & FDC_MSR_CB))  /* CB clear: no more result bytes */
    ea18: e6 10        	and	$10
    ea1a: c8           	ret	z
;         *p++ = fdc_read();
    ea1b: 13           	inc	de
;     } while (--n);
    ea1c: 3a be f3     	ld	a,($f3be)               ; 0xf3be <__sfrend_bios_linsel_body>
    ea1f: c6 01        	add	a,$1
    ea21: 32 be f3     	ld	($f3be),a               ; 0xf3be <__sfrend_bios_linsel_body>
    ea24: 9f           	sbc	a,a
    ea25: 0f           	rrca
    ea26: 30 e8        	jr	nc,$ea10
; }
    ea28: c9           	ret

0000ea29 <_isr_dummy>:
; void isr_dummy(void) __interrupt(0) {}
    ea29: fb           	ei
    ea2a: ed 4d        	reti

0000ea2c <_isr_hd>:
; void isr_hd(void) __interrupt(4) {}
    ea2c: fb           	ei
    ea2d: ed 4d        	reti

0000ea2f <_isr_sio_b_tx>:
; {
    ea2f: f5           	push	af
; DEFPORT(sio_b_ctrl,   PORT_SIO_B_CTRL)
    ea30: 3e 28        	ld	a,$28
    ea32: d3 0b        	out	($b),a
;     sio_b_tx_ready = 0xFF;              /* printer ready */
    ea34: 3e ff        	ld	a,$ff
    ea36: 32 c7 ec     	ld	($ecc7),a               ; 0xecc7 <_sio_b_tx_ready>
; }
    ea39: f1           	pop	af
    ea3a: fb           	ei
    ea3b: ed 4d        	reti

0000ea3d <_isr_sio_b_ext>:
; {
    ea3d: f5           	push	af
; DEFPORT(sio_b_ctrl,   PORT_SIO_B_CTRL)
    ea3e: db 0b        	in	a,($b)
;     rr0_b = port_in(sio_b_ctrl);  /* read RR0 */
    ea40: 32 17 ef     	ld	($ef17),a               ; 0xef17 <_rr0_b>
; DEFPORT(sio_b_ctrl,   PORT_SIO_B_CTRL)
    ea43: 3e 10        	ld	a,$10
    ea45: d3 0b        	out	($b),a
; }
    ea47: f1           	pop	af
    ea48: fb           	ei
    ea49: ed 4d        	reti

0000ea4b <_isr_sio_b_rx>:
; {
    ea4b: f5           	push	af
    ea4c: c5           	push	bc
    ea4d: d5           	push	de
    ea4e: e5           	push	hl
; DEFPORT(sio_b_data,   PORT_SIO_B_DATA)
    ea4f: db 09        	in	a,($9)
    ea51: 57           	ld	d,a
;     new_head = (rxhead_b + 1) & RXMASK;
    ea52: 3a cf ec     	ld	a,($eccf)               ; 0xeccf <_wb+0x5>
    ea55: 3c           	inc	a
;     if (new_head == rxtail_b)
    ea56: 21 d0 ec     	ld	hl,$ecd0
    ea59: be           	cp	(hl)
    ea5a: 28 18        	jr	z,$ea74
    ea5c: 5f           	ld	e,a
;     rxbuf_b[rxhead_b] = ch;
    ea5d: 3a cf ec     	ld	a,($eccf)               ; 0xeccf <_wb+0x5>
    ea60: 4f           	ld	c,a
    ea61: 06 00        	ld	b,$0
    ea63: 21 dc ed     	ld	hl,$eddc
    ea66: 09           	add	hl,bc
    ea67: 72           	ld	(hl),d
;     rxhead_b = new_head;
    ea68: 7b           	ld	a,e
    ea69: 32 cf ec     	ld	($eccf),a               ; 0xeccf <_wb+0x5>
;     used = (new_head - rxtail_b) & RXMASK;
    ea6c: 21 d0 ec     	ld	hl,$ecd0
    ea6f: 96           	sub	(hl)
;     if (used < RXTHHI)
    ea70: fe f8        	cp	$f8
    ea72: 38 0b        	jr	c,$ea7f
; DEFPORT(sio_b_ctrl,   PORT_SIO_B_CTRL)
    ea74: 3e 05        	ld	a,$5
    ea76: d3 0b        	out	($b),a
;     port_out(sio_b_ctrl, wr5b + 0x88);  /* DTR=1, TX enable, RTS=0 */
    ea78: 3a 35 da     	ld	a,($da35)               ; 0xda35 <_bios_jump_vector_table+0x35>
    ea7b: c6 88        	add	a,$88
; DEFPORT(sio_b_ctrl,   PORT_SIO_B_CTRL)
    ea7d: d3 0b        	out	($b),a
; }
    ea7f: e1           	pop	hl
    ea80: d1           	pop	de
    ea81: c1           	pop	bc
    ea82: f1           	pop	af
    ea83: fb           	ei
    ea84: ed 4d        	reti

0000ea86 <_isr_sio_b_spec>:
; {
    ea86: f5           	push	af
; DEFPORT(sio_b_ctrl,   PORT_SIO_B_CTRL)
    ea87: 3e 01        	ld	a,$1
    ea89: d3 0b        	out	($b),a
    ea8b: db 0b        	in	a,($b)
;     rr1_b = port_in(sio_b_ctrl);  /* read RR1 */
    ea8d: 32 2b ef     	ld	($ef2b),a               ; 0xef2b <_rr1_b>
; DEFPORT(sio_b_ctrl,   PORT_SIO_B_CTRL)
    ea90: 3e 30        	ld	a,$30
    ea92: d3 0b        	out	($b),a
;     rxhead_b = 0;               /* flush ring buffer on error */
    ea94: af           	xor	a
    ea95: 32 cf ec     	ld	($eccf),a               ; 0xeccf <_wb+0x5>
;     rxtail_b = 0;
    ea98: 32 d0 ec     	ld	($ecd0),a               ; 0xecd0 <_wb+0x6>
; }
    ea9b: f1           	pop	af
    ea9c: fb           	ei
    ea9d: ed 4d        	reti

0000ea9f <_isr_sio_a_tx>:
; {
    ea9f: f5           	push	af
; DEFPORT(sio_a_ctrl,   PORT_SIO_A_CTRL)
    eaa0: 3e 28        	ld	a,$28
    eaa2: d3 0a        	out	($a),a
;     sio_a_tx_ready = 0xFF;              /* punch ready */
    eaa4: 3e ff        	ld	a,$ff
    eaa6: 32 c6 ec     	ld	($ecc6),a               ; 0xecc6 <_sio_a_tx_ready>
; }
    eaa9: f1           	pop	af
    eaaa: fb           	ei
    eaab: ed 4d        	reti

0000eaad <_isr_sio_a_ext>:
; {
    eaad: f5           	push	af
; DEFPORT(sio_a_ctrl,   PORT_SIO_A_CTRL)
    eaae: db 0a        	in	a,($a)
;     rr0_a = port_in(sio_a_ctrl);  /* read RR0 */
    eab0: 32 18 ef     	ld	($ef18),a               ; 0xef18 <_rr0_a>
; DEFPORT(sio_a_ctrl,   PORT_SIO_A_CTRL)
    eab3: 3e 10        	ld	a,$10
    eab5: d3 0a        	out	($a),a
; }
    eab7: f1           	pop	af
    eab8: fb           	ei
    eab9: ed 4d        	reti

0000eabb <_isr_sio_a_rx>:
; DEFPORT(sio_a_data,   PORT_SIO_A_DATA)
    eabb: db 08        	in	a,($8)
    eabd: 57           	ld	d,a
;         new_head = (rxhead_a + 1) & RXMASK;
    eabe: 3a cd ec     	ld	a,($eccd)               ; 0xeccd <_wb+0x3>
    eac1: 3c           	inc	a
;         if (new_head == rxtail_a)
    eac2: 21 ce ec     	ld	hl,$ecce
    eac5: be           	cp	(hl)
    eac6: 28 17        	jr	z,$eadf
    eac8: 5f           	ld	e,a
;         rxbuf_a[rxhead_a] = ch;
    eac9: 3a cd ec     	ld	a,($eccd)               ; 0xeccd <_wb+0x3>
    eacc: 4f           	ld	c,a
    eacd: 06 00        	ld	b,$0
    eacf: 21 dc ec     	ld	hl,$ecdc
    ead2: 09           	add	hl,bc
    ead3: 72           	ld	(hl),d
;         rxhead_a = new_head;
    ead4: 7b           	ld	a,e
    ead5: 32 cd ec     	ld	($eccd),a               ; 0xeccd <_wb+0x3>
;         used = (new_head - rxtail_a) & RXMASK;
    ead8: 21 ce ec     	ld	hl,$ecce
    eadb: 96           	sub	(hl)
;         if (used < RXTHHI)
    eadc: fe f8        	cp	$f8
    eade: d8           	ret	c
; DEFPORT(sio_a_ctrl,   PORT_SIO_A_CTRL)
    eadf: 3e 05        	ld	a,$5
    eae1: d3 0a        	out	($a),a
;         port_out(sio_a_ctrl, wr5a + 0x88);  /* DTR=1, TX enable, RTS=0 */
    eae3: 3a 34 da     	ld	a,($da34)               ; 0xda34 <_bios_jump_vector_table+0x34>
    eae6: c6 88        	add	a,$88
; DEFPORT(sio_a_ctrl,   PORT_SIO_A_CTRL)
    eae8: d3 0a        	out	($a),a
; }
    eaea: c9           	ret

0000eaeb <_isr_sio_a_spec>:
; {
    eaeb: f5           	push	af
; DEFPORT(sio_a_ctrl,   PORT_SIO_A_CTRL)
    eaec: 3e 01        	ld	a,$1
    eaee: d3 0a        	out	($a),a
    eaf0: db 0a        	in	a,($a)
;     rr1_a = port_in(sio_a_ctrl);  /* read RR1 */
    eaf2: 32 2c ef     	ld	($ef2c),a               ; 0xef2c <_rr1_a>
; DEFPORT(sio_a_ctrl,   PORT_SIO_A_CTRL)
    eaf5: 3e 30        	ld	a,$30
    eaf7: d3 0a        	out	($a),a
;     rxhead_a = 0;                 /* flush ring buffer */
    eaf9: af           	xor	a
    eafa: 32 cd ec     	ld	($eccd),a               ; 0xeccd <_wb+0x3>
;     rxtail_a = 0;
    eafd: 32 ce ec     	ld	($ecce),a               ; 0xecce <_wb+0x4>
; }
    eb00: f1           	pop	af
    eb01: fb           	ei
    eb02: ed 4d        	reti

0000eb04 <_isr_pio_par>:
; void isr_pio_par(void) __interrupt(17) {}
    eb04: fb           	ei
    eb05: ed 4d        	reti
