ninja: Entering directory `/Users/ravn/z80/llvm-z80-pre-pr40/build-macos-asserts'
[1/4645] Building C object lib/Support/CMakeFiles/LLVMSupport.dir/regerror.c.o
[2/4645] Building C object lib/Support/CMakeFiles/LLVMSupport.dir/regexec.c.o
[3/4645] Building C object lib/Support/CMakeFiles/LLVMSupport.dir/regstrlcpy.c.o
[4/4645] Building C object lib/Support/CMakeFiles/LLVMSupport.dir/regfree.c.o
[5/4645] Building C object lib/Support/BLAKE3/CMakeFiles/LLVMSupportBlake3.dir/blake3_dispatch.c.o
[6/4645] Building C object lib/Support/BLAKE3/CMakeFiles/LLVMSupportBlake3.dir/blake3.c.o
[7/4645] Building C object lib/Support/BLAKE3/CMakeFiles/LLVMSupportBlake3.dir/blake3_portable.c.o
[8/4645] Building CXX object lib/Demangle/CMakeFiles/LLVMDemangle.dir/Demangle.cpp.o
[9/4645] Generating libclang-generic.exports
[10/4645] Building C object lib/Support/CMakeFiles/LLVMSupport.dir/regcomp.c.o
[11/4645] Creating export file for libclang
[12/4645] Bundling HTMLLogger resources
[13/4645] Creating export file for Remarks
[14/4645] Building C object lib/Support/BLAKE3/CMakeFiles/LLVMSupportBlake3.dir/blake3_neon.c.o
[15/4645] Building CXX object lib/Demangle/CMakeFiles/LLVMDemangle.dir/DLangDemangle.cpp.o
[16/4645] Generating VCSRevision.h
[17/4645] Creating export file for LTO
[18/4645] Creating export file for SampleAnalyzerPlugin
[19/4645] Creating export file for CheckerDependencyHandlingAnalyzerPlugin
[20/4645] Creating export file for CheckerOptionHandlingAnalyzerPlugin
[21/4645] Building CXX object lib/Demangle/CMakeFiles/LLVMDemangle.dir/MicrosoftDemangleNodes.cpp.o
[22/4645] Building CXX object lib/Demangle/CMakeFiles/LLVMDemangle.dir/RustDemangle.cpp.o
[23/4645] Building C object utils/count/CMakeFiles/count.dir/count.c.o
[24/4645] Building CXX object lib/Demangle/CMakeFiles/LLVMDemangle.dir/MicrosoftDemangle.cpp.o
[25/4645] Building CXX object utils/PerfectShuffle/CMakeFiles/llvm-PerfectShuffle.dir/PerfectShuffle.cpp.o
[26/4645] Building CXX object lib/Support/CMakeFiles/LLVMSupport.dir/cmake_pch.hxx.pch
[27/4645] Building CXX object utils/not/CMakeFiles/not.dir/not.cpp.o
[28/4645] Building CXX object lib/Support/CMakeFiles/LLVMSupport.dir/ABIBreak.cpp.o
[29/4645] Building CXX object lib/Demangle/CMakeFiles/LLVMDemangle.dir/ItaniumDemangle.cpp.o
[30/4645] Building CXX object utils/yaml-bench/CMakeFiles/yaml-bench.dir/YAMLBench.cpp.o
[31/4645] Linking CXX static library lib/libLLVMDemangle.a
[32/4645] Building CXX object third-party/unittest/CMakeFiles/llvm_gtest.dir/googlemock/src/gmock-all.cc.o
[33/4645] Building CXX object lib/Support/CMakeFiles/LLVMSupport.dir/AMDGPUMetadata.cpp.o
[34/4645] Building CXX object utils/llvm-test-mustache-spec/CMakeFiles/llvm-test-mustache-spec.dir/llvm-test-mustache-spec.cpp.o
[35/4645] Building CXX object utils/FileCheck/CMakeFiles/FileCheck.dir/FileCheck.cpp.o
[36/4645] Building CXX object third-party/unittest/CMakeFiles/llvm_gtest_main.dir/UnitTestMain/TestMain.cpp.o
[37/4645] Building CXX object lib/Support/CMakeFiles/LLVMSupport.dir/APFixedPoint.cpp.o
[38/4645] Building CXX object lib/Support/CMakeFiles/LLVMSupport.dir/ARMBuildAttributes.cpp.o
[39/4645] Building CXX object lib/Support/CMakeFiles/LLVMSupport.dir/APSInt.cpp.o
[40/4645] Building CXX object lib/Support/CMakeFiles/LLVMSupport.dir/AArch64AttributeParser.cpp.o
[41/4645] Building CXX object lib/Support/CMakeFiles/LLVMSupport.dir/AArch64BuildAttributes.cpp.o
[42/4645] Building CXX object lib/Support/CMakeFiles/LLVMSupport.dir/ARMWinEH.cpp.o
[43/4645] Building CXX object lib/Support/CMakeFiles/LLVMSupport.dir/AllocToken.cpp.o
[44/4645] Building CXX object lib/Support/CMakeFiles/LLVMSupport.dir/AutoConvert.cpp.o
[45/4645] Building CXX object lib/Support/CMakeFiles/LLVMSupport.dir/Allocator.cpp.o
[46/4645] Building CXX object lib/Support/CMakeFiles/LLVMSupport.dir/ARMAttributeParser.cpp.o
[47/4645] Building CXX object lib/FileCheck/CMakeFiles/LLVMFileCheck.dir/FileCheck.cpp.o
[48/4645] Building CXX object lib/Support/CMakeFiles/LLVMSupport.dir/Base64.cpp.o
[49/4645] Building CXX object lib/Support/CMakeFiles/LLVMSupport.dir/BinaryStreamError.cpp.o
[50/4645] Building CXX object lib/Support/CMakeFiles/LLVMSupport.dir/BinaryStreamRef.cpp.o
[51/4645] Building CXX object lib/Support/CMakeFiles/LLVMSupport.dir/BlockFrequency.cpp.o
[52/4645] Building CXX object lib/Support/CMakeFiles/LLVMSupport.dir/BinaryStreamReader.cpp.o
[53/4645] Building CXX object lib/Support/CMakeFiles/LLVMSupport.dir/BinaryStreamWriter.cpp.o
[54/4645] Building CXX object lib/Support/CMakeFiles/LLVMSupport.dir/APInt.cpp.o
[55/4645] Building CXX object lib/Support/CMakeFiles/LLVMSupport.dir/BranchProbability.cpp.o
[56/4645] Building CXX object lib/Support/CMakeFiles/LLVMSupport.dir/BuryPointer.cpp.o
[57/4645] Building CXX object lib/Support/CMakeFiles/LLVMSupport.dir/circular_raw_ostream.cpp.o
[58/4645] Building CXX object lib/Support/CMakeFiles/LLVMSupport.dir/COM.cpp.o
[59/4645] Building CXX object lib/Support/CMakeFiles/LLVMSupport.dir/Chrono.cpp.o
[60/4645] Building CXX object lib/Support/CMakeFiles/LLVMSupport.dir/CachePruning.cpp.o
[61/4645] Building CXX object lib/Support/CMakeFiles/LLVMSupport.dir/CodeGenCoverage.cpp.o
[62/4645] Building CXX object lib/Support/CMakeFiles/LLVMSupport.dir/Caching.cpp.o
[63/4645] Building CXX object lib/Support/CMakeFiles/LLVMSupport.dir/BalancedPartitioning.cpp.o
[64/4645] Building CXX object lib/Support/CMakeFiles/LLVMSupport.dir/Compression.cpp.o
[65/4645] Building CXX object lib/Support/CMakeFiles/LLVMSupport.dir/CRC.cpp.o
[66/4645] Building CXX object lib/Support/CMakeFiles/LLVMSupport.dir/ConvertUTF.cpp.o
[67/4645] Building CXX object lib/Support/CMakeFiles/LLVMSupport.dir/ConvertEBCDIC.cpp.o
[68/4645] Building CXX object third-party/unittest/CMakeFiles/llvm_gtest.dir/googletest/src/gtest-all.cc.o
[69/4645] Building CXX object lib/Support/CMakeFiles/LLVMSupport.dir/CrashRecoveryContext.cpp.o
[70/4645] Building CXX object lib/Support/CMakeFiles/LLVMSupport.dir/CSKYAttributes.cpp.o
[71/4645] Building CXX object lib/Support/CMakeFiles/LLVMSupport.dir/ConvertUTFWrapper.cpp.o
[72/4645] Building CXX object lib/Support/CMakeFiles/LLVMSupport.dir/CSKYAttributeParser.cpp.o
[73/4645] Building CXX object lib/Support/CMakeFiles/LLVMSupport.dir/DataExtractor.cpp.o
[74/4645] Building CXX object lib/Support/CMakeFiles/LLVMSupport.dir/Debug.cpp.o
[75/4645] Building CXX object lib/Support/CMakeFiles/LLVMSupport.dir/DeltaTree.cpp.o
[76/4645] Building CXX object lib/Support/CMakeFiles/LLVMSupport.dir/DivisionByConstantInfo.cpp.o
[77/4645] Building CXX object lib/Support/CMakeFiles/LLVMSupport.dir/DeltaAlgorithm.cpp.o
[78/4645] Building CXX object lib/Support/CMakeFiles/LLVMSupport.dir/DebugCounter.cpp.o
[79/4645] Building CXX object lib/Support/CMakeFiles/LLVMSupport.dir/DJB.cpp.o
[80/4645] Building CXX object lib/Support/CMakeFiles/LLVMSupport.dir/APFloat.cpp.o
[81/4645] Building CXX object lib/Support/CMakeFiles/LLVMSupport.dir/DXILABI.cpp.o
[82/4645] Building CXX object lib/Support/CMakeFiles/LLVMSupport.dir/DynamicAPInt.cpp.o
[83/4645] Building CXX object lib/Support/CMakeFiles/LLVMSupport.dir/DAGDeltaAlgorithm.cpp.o
[84/4645] Building CXX object lib/Support/CMakeFiles/LLVMSupport.dir/ELFAttributes.cpp.o
[85/4645] Building CXX object lib/Support/CMakeFiles/LLVMSupport.dir/ErrorHandling.cpp.o
[86/4645] Building CXX object lib/Support/CMakeFiles/LLVMSupport.dir/ExtensibleRTTI.cpp.o
[87/4645] Building CXX object lib/Support/CMakeFiles/LLVMSupport.dir/ExponentialBackoff.cpp.o
[88/4645] Building CXX object lib/Support/CMakeFiles/LLVMSupport.dir/Error.cpp.o
[89/4645] Building CXX object lib/Support/CMakeFiles/LLVMSupport.dir/CommandLine.cpp.o
[90/4645] Building CXX object lib/Support/CMakeFiles/LLVMSupport.dir/ELFAttrParserExtended.cpp.o
[91/4645] Building CXX object lib/Support/CMakeFiles/LLVMSupport.dir/ELFAttrParserCompact.cpp.o
[92/4645] Building CXX object lib/Support/CMakeFiles/LLVMSupport.dir/FileUtilities.cpp.o
[93/4645] Building CXX object lib/Support/CMakeFiles/LLVMSupport.dir/FileCollector.cpp.o
[94/4645] Building CXX object lib/Support/CMakeFiles/LLVMSupport.dir/FloatingPointMode.cpp.o
[95/4645] Building CXX object lib/Support/CMakeFiles/LLVMSupport.dir/FileOutputBuffer.cpp.o
[96/4645] Building CXX object lib/Support/CMakeFiles/LLVMSupport.dir/FoldingSet.cpp.o
[97/4645] Building CXX object lib/Support/CMakeFiles/LLVMSupport.dir/FormatVariadic.cpp.o
[98/4645] Building CXX object lib/Support/CMakeFiles/LLVMSupport.dir/FormattedStream.cpp.o
[99/4645] Building CXX object lib/Support/CMakeFiles/LLVMSupport.dir/HexagonAttributes.cpp.o
[100/4645] Building CXX object lib/Support/CMakeFiles/LLVMSupport.dir/HexagonAttributeParser.cpp.o
[101/4645] Building CXX object lib/Support/CMakeFiles/LLVMSupport.dir/GraphWriter.cpp.o
[102/4645] Building CXX object lib/Support/CMakeFiles/LLVMSupport.dir/InitLLVM.cpp.o
[103/4645] Building CXX object lib/Support/CMakeFiles/LLVMSupport.dir/IntEqClasses.cpp.o
[104/4645] Building CXX object lib/Support/CMakeFiles/LLVMSupport.dir/InstructionCost.cpp.o
[105/4645] Building CXX object lib/Support/CMakeFiles/LLVMSupport.dir/GlobPattern.cpp.o
[106/4645] Building CXX object lib/Support/CMakeFiles/LLVMSupport.dir/IntervalMap.cpp.o
[107/4645] Building CXX object lib/Support/CMakeFiles/LLVMSupport.dir/Jobserver.cpp.o
[108/4645] Building CXX object lib/Support/CMakeFiles/LLVMSupport.dir/LEB128.cpp.o
[109/4645] Building CXX object lib/Support/CMakeFiles/LLVMSupport.dir/LineIterator.cpp.o
[110/4645] Building CXX object lib/Support/CMakeFiles/LLVMSupport.dir/Locale.cpp.o
[111/4645] Building CXX object lib/Support/CMakeFiles/LLVMSupport.dir/KnownFPClass.cpp.o
[112/4645] Building CXX object lib/Support/CMakeFiles/LLVMSupport.dir/MathExtras.cpp.o
[113/4645] Building CXX object lib/Support/CMakeFiles/LLVMSupport.dir/ManagedStatic.cpp.o
[114/4645] Building CXX object lib/Support/CMakeFiles/LLVMSupport.dir/MemAlloc.cpp.o
[115/4645] Building CXX object lib/Support/CMakeFiles/LLVMSupport.dir/LockFileManager.cpp.o
[116/4645] Building CXX object lib/Support/CMakeFiles/LLVMSupport.dir/MemoryBufferRef.cpp.o
[117/4645] Building CXX object lib/Support/CMakeFiles/LLVMSupport.dir/KnownBits.cpp.o
[118/4645] Building CXX object lib/Support/CMakeFiles/LLVMSupport.dir/ModRef.cpp.o
[119/4645] Building CXX object lib/Support/CMakeFiles/LLVMSupport.dir/MSP430Attributes.cpp.o
[120/4645] Building CXX object lib/Support/CMakeFiles/LLVMSupport.dir/JSON.cpp.o
[121/4645] Building CXX object lib/Support/CMakeFiles/LLVMSupport.dir/MemoryBuffer.cpp.o
[122/4645] Building CXX object lib/Support/CMakeFiles/LLVMSupport.dir/MD5.cpp.o
[123/4645] Building CXX object lib/Support/CMakeFiles/LLVMSupport.dir/MSP430AttributeParser.cpp.o
[124/4645] Building CXX object lib/Support/CMakeFiles/LLVMSupport.dir/NativeFormatting.cpp.o
[125/4645] Building CXX object lib/Support/CMakeFiles/LLVMSupport.dir/Optional.cpp.o
[126/4645] Building CXX object lib/Support/CMakeFiles/LLVMSupport.dir/OptimizedStructLayout.cpp.o
[127/4645] Building CXX object lib/Support/CMakeFiles/LLVMSupport.dir/OptionStrCmp.cpp.o
[128/4645] Building CXX object lib/Support/CMakeFiles/LLVMSupport.dir/PGOOptions.cpp.o
[129/4645] Building CXX object lib/Support/CMakeFiles/LLVMSupport.dir/PluginLoader.cpp.o
[130/4645] Building CXX object lib/Support/CMakeFiles/LLVMSupport.dir/PrettyStackTrace.cpp.o
[131/4645] Building CXX object lib/Support/CMakeFiles/LLVMSupport.dir/Regex.cpp.o
[132/4645] Building CXX object lib/Support/CMakeFiles/LLVMSupport.dir/RandomNumberGenerator.cpp.o
[133/4645] Building CXX object lib/Support/CMakeFiles/LLVMSupport.dir/RewriteBuffer.cpp.o
[134/4645] Building CXX object lib/Support/CMakeFiles/LLVMSupport.dir/IntegerInclusiveInterval.cpp.o
[135/4645] Building CXX object lib/Support/CMakeFiles/LLVMSupport.dir/Parallel.cpp.o
[136/4645] Building CXX object lib/Support/CMakeFiles/LLVMSupport.dir/Mustache.cpp.o
[137/4645] Building CXX object lib/Support/CMakeFiles/LLVMSupport.dir/RewriteRope.cpp.o
[138/4645] Building CXX object lib/Support/CMakeFiles/LLVMSupport.dir/RISCVAttributes.cpp.o
[139/4645] Building CXX object lib/Support/CMakeFiles/LLVMSupport.dir/RISCVISAUtils.cpp.o
[140/4645] Building CXX object lib/Support/CMakeFiles/LLVMSupport.dir/RISCVAttributeParser.cpp.o
[141/4645] Building CXX object lib/Support/CMakeFiles/LLVMSupport.dir/Signposts.cpp.o
[142/4645] Building CXX object lib/Support/CMakeFiles/LLVMSupport.dir/SHA1.cpp.o
[143/4645] Building CXX object lib/Support/CMakeFiles/LLVMSupport.dir/ScaledNumber.cpp.o
[144/4645] Building CXX object lib/Support/CMakeFiles/LLVMSupport.dir/SipHash.cpp.o
[145/4645] Building CXX object lib/Support/CMakeFiles/LLVMSupport.dir/SmallPtrSet.cpp.o
[146/4645] Building CXX object lib/Support/CMakeFiles/LLVMSupport.dir/SHA256.cpp.o
[147/4645] Building CXX object lib/Support/CMakeFiles/LLVMSupport.dir/SlowDynamicAPInt.cpp.o
[148/4645] Building CXX object lib/Support/CMakeFiles/LLVMSupport.dir/SmallVector.cpp.o
[149/4645] Building CXX object lib/Support/CMakeFiles/LLVMSupport.dir/ScopedPrinter.cpp.o
[150/4645] Building CXX object lib/Support/CMakeFiles/LLVMSupport.dir/StringMap.cpp.o
[151/4645] Building CXX object lib/Support/CMakeFiles/LLVMSupport.dir/SuffixTreeNode.cpp.o
[152/4645] Building CXX object lib/Support/CMakeFiles/LLVMSupport.dir/StringExtras.cpp.o
[153/4645] Building CXX object lib/Support/CMakeFiles/LLVMSupport.dir/StringSaver.cpp.o
[154/4645] Building CXX object lib/Support/CMakeFiles/LLVMSupport.dir/Statistic.cpp.o
[155/4645] Building CXX object lib/Support/CMakeFiles/LLVMSupport.dir/SystemUtils.cpp.o
[156/4645] Building CXX object lib/Support/CMakeFiles/LLVMSupport.dir/StringRef.cpp.o
[157/4645] Building CXX object lib/Support/CMakeFiles/LLVMSupport.dir/TextEncoding.cpp.o
[158/4645] Building CXX object lib/Support/CMakeFiles/LLVMSupport.dir/TarWriter.cpp.o
[159/4645] Building CXX object lib/Support/CMakeFiles/LLVMSupport.dir/SourceMgr.cpp.o
[160/4645] Building CXX object lib/Support/CMakeFiles/LLVMSupport.dir/SuffixTree.cpp.o
[161/4645] Building CXX object lib/Support/CMakeFiles/LLVMSupport.dir/ToolOutputFile.cpp.o
[162/4645] Building CXX object lib/Support/CMakeFiles/LLVMSupport.dir/ThreadPool.cpp.o
[163/4645] Building CXX object lib/Support/CMakeFiles/LLVMSupport.dir/UnicodeCaseFold.cpp.o
[164/4645] Building CXX object lib/Support/CMakeFiles/LLVMSupport.dir/TimeProfiler.cpp.o
[165/4645] Building CXX object lib/Support/CMakeFiles/LLVMSupport.dir/TrieRawHashMap.cpp.o
[166/4645] Building CXX object lib/Support/CMakeFiles/LLVMSupport.dir/Unicode.cpp.o
[167/4645] Building CXX object lib/Support/CMakeFiles/LLVMSupport.dir/Twine.cpp.o
[168/4645] Building CXX object lib/Support/CMakeFiles/LLVMSupport.dir/SpecialCaseList.cpp.o
[169/4645] Building CXX object lib/Support/CMakeFiles/LLVMSupport.dir/Timer.cpp.o
[170/4645] Building CXX object lib/Support/CMakeFiles/LLVMSupport.dir/UnicodeNameToCodepoint.cpp.o
[171/4645] Building CXX object lib/Support/CMakeFiles/LLVMSupport.dir/VersionTuple.cpp.o
[172/4645] Building CXX object lib/Support/CMakeFiles/LLVMSupport.dir/VirtualOutputConfig.cpp.o
[173/4645] Building CXX object lib/Support/CMakeFiles/LLVMSupport.dir/VirtualOutputError.cpp.o
[174/4645] Building CXX object lib/Support/CMakeFiles/LLVMSupport.dir/UnicodeNameToCodepointGenerated.cpp.o
[175/4645] Building CXX object lib/Support/CMakeFiles/LLVMSupport.dir/VirtualOutputBackend.cpp.o
[176/4645] Building CXX object lib/Support/CMakeFiles/LLVMSupport.dir/VirtualOutputFile.cpp.o
[177/4645] Building CXX object lib/Support/CMakeFiles/LLVMSupport.dir/raw_os_ostream.cpp.o
[178/4645] Building CXX object lib/Support/CMakeFiles/LLVMSupport.dir/Win64EH.cpp.o
[179/4645] Building CXX object lib/Support/CMakeFiles/LLVMSupport.dir/raw_ostream_proxy.cpp.o
[180/4645] Building CXX object lib/Support/CMakeFiles/LLVMSupport.dir/VirtualOutputBackends.cpp.o
[181/4645] Building CXX object lib/Support/CMakeFiles/LLVMSupport.dir/WithColor.cpp.o
[182/4645] Building CXX object lib/Support/CMakeFiles/LLVMSupport.dir/raw_ostream.cpp.o
[183/4645] Building CXX object lib/Support/CMakeFiles/LLVMSupport.dir/Errno.cpp.o
[184/4645] Building CXX object lib/Support/CMakeFiles/LLVMSupport.dir/Atomic.cpp.o
[185/4645] Building CXX object lib/Support/CMakeFiles/LLVMSupport.dir/Z3Solver.cpp.o
[186/4645] Building CXX object lib/Support/CMakeFiles/LLVMSupport.dir/raw_socket_stream.cpp.o
[187/4645] Building CXX object lib/Support/CMakeFiles/LLVMSupport.dir/DynamicLibrary.cpp.o
[188/4645] Building CXX object lib/Support/CMakeFiles/LLVMSupport.dir/YAMLTraits.cpp.o
[189/4645] Building CXX object lib/Support/CMakeFiles/LLVMSupport.dir/xxhash.cpp.o
[190/4645] Building CXX object lib/Support/CMakeFiles/LLVMSupport.dir/YAMLParser.cpp.o
[191/4645] Building CXX object lib/Support/CMakeFiles/LLVMSupport.dir/ProgramStack.cpp.o
[192/4645] Building CXX object lib/Support/CMakeFiles/LLVMSupport.dir/Memory.cpp.o
[193/4645] Building CXX object lib/Support/CMakeFiles/LLVMSupport.dir/RWMutex.cpp.o
[194/4645] Building CXX object lib/Support/CMakeFiles/LLVMSupport.dir/Valgrind.cpp.o
[195/4645] Building CXX object lib/Support/CMakeFiles/LLVMSupport.dir/Process.cpp.o
[196/4645] Building CXX object lib/Support/CMakeFiles/LLVMSupport.dir/Program.cpp.o
[197/4645] Building CXX object lib/Support/CMakeFiles/LLVMSupport.dir/Threading.cpp.o
[198/4645] Building CXX object lib/Support/CMakeFiles/LLVMSupport.dir/Watchdog.cpp.o
[199/4645] Building CXX object lib/Support/CMakeFiles/LLVMSupport.dir/zOSLibFunctions.cpp.o
[200/4645] Building CXX object lib/Support/CMakeFiles/LLVMSupport.dir/VirtualFileSystem.cpp.o
[201/4645] Building CXX object lib/Support/CMakeFiles/LLVMSupport.dir/Signals.cpp.o
[202/4645] Building CXX object lib/Support/CMakeFiles/LLVMSupport.dir/Path.cpp.o
[203/4645] Building CXX object lib/TableGen/CMakeFiles/LLVMTableGen.dir/Error.cpp.o
[204/4645] Linking CXX static library lib/libLLVMSupport.a
[205/4645] Building CXX object lib/TableGen/CMakeFiles/LLVMTableGen.dir/DetailedRecordsBackend.cpp.o
[206/4645] Building CXX object lib/TableGen/CMakeFiles/LLVMTableGen.dir/JSONBackend.cpp.o
[207/4645] Building CXX object lib/TableGen/CMakeFiles/LLVMTableGen.dir/Parser.cpp.o
[208/4645] Building CXX object lib/TableGen/CMakeFiles/LLVMTableGen.dir/StringToOffsetTable.cpp.o
[209/4645] Building CXX object lib/TableGen/CMakeFiles/LLVMTableGen.dir/StringMatcher.cpp.o
[210/4645] Building CXX object lib/TableGen/CMakeFiles/LLVMTableGen.dir/Main.cpp.o
[211/4645] Building CXX object lib/TableGen/CMakeFiles/LLVMTableGen.dir/TableGenBackend.cpp.o
[212/4645] Building CXX object lib/TableGen/CMakeFiles/LLVMTableGen.dir/TableGenBackendSkeleton.cpp.o
[213/4645] Building CXX object lib/TableGen/CMakeFiles/LLVMTableGen.dir/SetTheory.cpp.o
[214/4645] Building CXX object utils/TableGen/CMakeFiles/llvm-min-tblgen.dir/llvm-min-tblgen.cpp.o
[215/4645] Building CXX object lib/TableGen/CMakeFiles/LLVMTableGen.dir/TGTimer.cpp.o
[216/4645] Building CXX object lib/TableGen/CMakeFiles/LLVMTableGen.dir/TGLexer.cpp.o
[217/4645] Building CXX object utils/TableGen/Basic/CMakeFiles/obj.LLVMTableGenBasic.dir/Attributes.cpp.o
[218/4645] Building CXX object utils/TableGen/Basic/CMakeFiles/obj.LLVMTableGenBasic.dir/ARMTargetDefEmitter.cpp.o
[219/4645] Building CXX object utils/TableGen/Basic/CMakeFiles/obj.LLVMTableGenBasic.dir/RuntimeLibcalls.cpp.o
[220/4645] Building CXX object utils/TableGen/Basic/CMakeFiles/obj.LLVMTableGenBasic.dir/SDNodeProperties.cpp.o
[221/4645] Building CXX object utils/TableGen/Basic/CMakeFiles/obj.LLVMTableGenBasic.dir/RISCVTargetDefEmitter.cpp.o
[222/4645] Building CXX object utils/TableGen/Basic/CMakeFiles/obj.LLVMTableGenBasic.dir/CodeGenIntrinsics.cpp.o
[223/4645] Building CXX object utils/TableGen/Basic/CMakeFiles/obj.LLVMTableGenBasic.dir/TableGen.cpp.o
[224/4645] Building CXX object lib/TableGen/CMakeFiles/LLVMTableGen.dir/TGParser.cpp.o
[225/4645] Building CXX object utils/TableGen/Basic/CMakeFiles/obj.LLVMTableGenBasic.dir/RuntimeLibcallsEmitter.cpp.o
[226/4645] Building CXX object lib/TableGen/CMakeFiles/LLVMTableGen.dir/Record.cpp.o
[227/4645] Building CXX object utils/TableGen/Basic/CMakeFiles/obj.LLVMTableGenBasic.dir/TargetFeaturesEmitter.cpp.o
[228/4645] Linking CXX static library lib/libLLVMTableGen.a
[229/4645] Building CXX object utils/TableGen/Basic/CMakeFiles/obj.LLVMTableGenBasic.dir/IntrinsicEmitter.cpp.o
[230/4645] Building CXX object lib/DebugInfo/MSF/CMakeFiles/LLVMDebugInfoMSF.dir/MSFCommon.cpp.o
[231/4645] Building CXX object utils/TableGen/Basic/CMakeFiles/obj.LLVMTableGenBasic.dir/VTEmitter.cpp.o
[232/4645] Building CXX object utils/TableGen/Basic/CMakeFiles/obj.LLVMTableGenBasic.dir/DirectiveEmitter.cpp.o
[233/4645] Building CXX object utils/TableGen/Basic/CMakeFiles/obj.LLVMTableGenBasic.dir/TargetLibraryInfoEmitter.cpp.o
[234/4645] Building CXX object lib/Bitstream/Reader/CMakeFiles/LLVMBitstreamReader.dir/BitstreamReader.cpp.o
[235/4645] Linking CXX static library lib/libLLVMBitstreamReader.a
[236/4645] Building CXX object lib/DebugInfo/MSF/CMakeFiles/LLVMDebugInfoMSF.dir/MappedBlockStream.cpp.o
[237/4645] Linking CXX executable bin/llvm-min-tblgen
[238/4645] Building CXX object lib/DebugInfo/MSF/CMakeFiles/LLVMDebugInfoMSF.dir/MSFBuilder.cpp.o
[239/4645] Building CXX object lib/DebugInfo/MSF/CMakeFiles/LLVMDebugInfoMSF.dir/MSFError.cpp.o
[240/4645] Building CXX object lib/DebugInfo/CodeView/CMakeFiles/LLVMDebugInfoCodeView.dir/CodeViewError.cpp.o
[241/4645] Building CXX object lib/DebugInfo/CodeView/CMakeFiles/LLVMDebugInfoCodeView.dir/AppendingTypeTableBuilder.cpp.o
[242/4645] Building TargetLibraryInfo.inc...
[243/4645] Building Attributes.inc...
[244/4645] Building CXX object lib/DebugInfo/CodeView/CMakeFiles/LLVMDebugInfoCodeView.dir/CodeViewRecordIO.cpp.o
[245/4645] Building PPCGenTargetFeatures.inc...
[246/4645] Building IntrinsicEnums.inc...
[247/4645] Building CXX object lib/DebugInfo/CodeView/CMakeFiles/LLVMDebugInfoCodeView.dir/DebugChecksumsSubsection.cpp.o
[248/4645] Building ARMTargetParserDef.inc...
[249/4645] Building CXX object lib/DebugInfo/CodeView/CMakeFiles/LLVMDebugInfoCodeView.dir/ContinuationRecordBuilder.cpp.o
[250/4645] Building CXX object lib/DebugInfo/CodeView/CMakeFiles/LLVMDebugInfoCodeView.dir/CVSymbolVisitor.cpp.o
[251/4645] Building IntrinsicImpl.inc...
[252/4645] Building IntrinsicsAArch64.h...
[253/4645] Building AArch64TargetParserDef.inc...
[254/4645] Building IntrinsicsAMDGPU.h...
[255/4645] Building IntrinsicsARM.h...
[256/4645] Building IntrinsicsBPF.h...
[257/4645] Building IntrinsicsDirectX.h...
[258/4645] Building CXX object lib/DebugInfo/CodeView/CMakeFiles/LLVMDebugInfoCodeView.dir/CVTypeVisitor.cpp.o
[259/4645] Building IntrinsicsLoongArch.h...
[260/4645] Building IntrinsicsHexagon.h...
[261/4645] Building IntrinsicsNVPTX.h...
[262/4645] Building IntrinsicsMips.h...
[263/4645] Building IntrinsicsRISCV.h...
[264/4645] Building IntrinsicsR600.h...
[265/4645] Building IntrinsicsPowerPC.h...
[266/4645] Building RuntimeLibcalls.inc...
/Users/ravn/z80/llvm-z80-pre-pr40/llvm/include/llvm/IR/RuntimeLibcalls.td:2180:5: warning: conflicting implementations for libcall MUL_I32: __mulsi3, __mulsi3_fast
def AArch64SystemLibrary : SystemRuntimeLibrary<
    ^
/Users/ravn/z80/llvm-z80-pre-pr40/llvm/include/llvm/IR/RuntimeLibcalls.td:2667:5: warning: conflicting implementations for libcall MUL_I32: __mulsi3, __mulsi3_fast
def ARMSystemLibrary
    ^
/Users/ravn/z80/llvm-z80-pre-pr40/llvm/include/llvm/IR/RuntimeLibcalls.td:2732:5: warning: conflicting implementations for libcall MUL_I32: __mulsi3, __mulsi3_fast
def AVRSystemLibrary
    ^
/Users/ravn/z80/llvm-z80-pre-pr40/llvm/include/llvm/IR/RuntimeLibcalls.td:2809:5: warning: conflicting implementations for libcall MUL_I32: __mulsi3, __mulsi3_fast
def HexagonSystemLibrary
    ^
/Users/ravn/z80/llvm-z80-pre-pr40/llvm/include/llvm/IR/RuntimeLibcalls.td:2826:5: warning: conflicting implementations for libcall MUL_I32: __mulsi3, __mulsi3_fast
def LanaiSystemLibrary
    ^
/Users/ravn/z80/llvm-z80-pre-pr40/llvm/include/llvm/IR/RuntimeLibcalls.td:3593:5: warning: conflicting implementations for libcall MUL_I32: __mulsi3, __mulsi3_fast
def LegacyDefaultSystemLibrary
    ^
/Users/ravn/z80/llvm-z80-pre-pr40/llvm/include/llvm/IR/RuntimeLibcalls.td:3030:5: warning: conflicting implementations for libcall MUL_I32: __mulsi3, __mulsi3_fast
def MSP430SystemLibrary
    ^
/Users/ravn/z80/llvm-z80-pre-pr40/llvm/include/llvm/IR/RuntimeLibcalls.td:3220:5: warning: conflicting implementations for libcall MUL_I32: __mulsi3, __mulsi3_fast
def PPCSystemLibrary
    ^
/Users/ravn/z80/llvm-z80-pre-pr40/llvm/include/llvm/IR/RuntimeLibcalls.td:3250:5: warning: conflicting implementations for libcall MUL_I32: __mulsi3, __mulsi3_fast
def RISCVSystemLibrary
    ^
/Users/ravn/z80/llvm-z80-pre-pr40/llvm/include/llvm/IR/RuntimeLibcalls.td:3318:5: warning: conflicting implementations for libcall MUL_I32: __mulsi3_fast, .umul
def SPARCSystemLibrary
    ^
/Users/ravn/z80/llvm-z80-pre-pr40/llvm/include/llvm/IR/RuntimeLibcalls.td:3546:5: warning: conflicting implementations for libcall MUL_I32: __mulsi3, __mulsi3_fast
def SystemZZOSSystemLibrary
    ^
/Users/ravn/z80/llvm-z80-pre-pr40/llvm/include/llvm/IR/RuntimeLibcalls.td:3566:5: warning: conflicting implementations for libcall MUL_I32: __mulsi3, __mulsi3_fast
def WasmSystemLibrary
    ^
/Users/ravn/z80/llvm-z80-pre-pr40/llvm/include/llvm/IR/RuntimeLibcalls.td:2237:5: warning: conflicting implementations for libcall MUL_I32: #__mulsi3, #__mulsi3_fast
def WindowsARM64ECSystemLibrary
    ^
/Users/ravn/z80/llvm-z80-pre-pr40/llvm/include/llvm/IR/RuntimeLibcalls.td:3430:5: warning: conflicting implementations for libcall MUL_I32: __mulsi3, __mulsi3_fast
def X86_32SystemLibrary
    ^
/Users/ravn/z80/llvm-z80-pre-pr40/llvm/include/llvm/IR/RuntimeLibcalls.td:3436:5: warning: conflicting implementations for libcall MUL_I32: __mulsi3, __mulsi3_fast
def X86_64SystemLibrary
    ^
/Users/ravn/z80/llvm-z80-pre-pr40/llvm/include/llvm/IR/RuntimeLibcalls.td:3447:5: warning: conflicting implementations for libcall MUL_I32: __mulsi3, __mulsi3_fast
def XCoreSystemLibrary
    ^
[267/4645] Building IntrinsicsS390.h...
[268/4645] Building IntrinsicsSPIRV.h...
[269/4645] Building IntrinsicsVE.h...
[270/4645] Building IntrinsicsWebAssembly.h...
[271/4645] Building IntrinsicsX86.h...
[272/4645] Building IntrinsicsXCore.h...
[273/4645] Building IntrinsicsZ80.h...
[274/4645] Building CXX object lib/DebugInfo/CodeView/CMakeFiles/LLVMDebugInfoCodeView.dir/DebugCrossExSubsection.cpp.o
[275/4645] Building CXX object lib/DebugInfo/CodeView/CMakeFiles/LLVMDebugInfoCodeView.dir/DebugInlineeLinesSubsection.cpp.o
[276/4645] Building RISCVTargetParserDef.inc...
[277/4645] Building CXX object lib/DebugInfo/CodeView/CMakeFiles/LLVMDebugInfoCodeView.dir/DebugSubsection.cpp.o
[278/4645] Building CXX object lib/DebugInfo/CodeView/CMakeFiles/LLVMDebugInfoCodeView.dir/DebugSubsectionRecord.cpp.o
[279/4645] Building CXX object lib/DebugInfo/CodeView/CMakeFiles/LLVMDebugInfoCodeView.dir/DebugCrossImpSubsection.cpp.o
[280/4645] Building CXX object lib/DebugInfo/CodeView/CMakeFiles/LLVMDebugInfoCodeView.dir/DebugFrameDataSubsection.cpp.o
[281/4645] Building CXX object lib/DebugInfo/CodeView/CMakeFiles/LLVMDebugInfoCodeView.dir/DebugStringTableSubsection.cpp.o
[282/4645] Building CXX object lib/DebugInfo/CodeView/CMakeFiles/LLVMDebugInfoCodeView.dir/DebugLinesSubsection.cpp.o
[283/4645] Building CXX object lib/Remarks/CMakeFiles/LLVMRemarks.dir/Remark.cpp.o
[284/4645] Building CXX object lib/TargetParser/CMakeFiles/LLVMTargetParser.dir/ARMTargetParserCommon.cpp.o
[285/4645] Building CXX object lib/TargetParser/CMakeFiles/LLVMTargetParser.dir/AVRTargetParser.cpp.o
[286/4645] Building CXX object lib/TargetParser/CMakeFiles/LLVMTargetParser.dir/CSKYTargetParser.cpp.o
[287/4645] Building CXX object lib/TargetParser/CMakeFiles/LLVMTargetParser.dir/ARMTargetParser.cpp.o
[288/4645] Building CXX object lib/TargetParser/CMakeFiles/LLVMTargetParser.dir/AMDGPUTargetParser.cpp.o
[289/4645] Building CXX object lib/Remarks/CMakeFiles/LLVMRemarks.dir/BitstreamRemarkParser.cpp.o
[290/4645] Building CXX object lib/Remarks/CMakeFiles/LLVMRemarks.dir/BitstreamRemarkSerializer.cpp.o
[291/4645] Building CXX object lib/TargetParser/CMakeFiles/LLVMTargetParser.dir/AArch64TargetParser.cpp.o
[292/4645] Building CXX object lib/TargetParser/CMakeFiles/LLVMTargetParser.dir/Host.cpp.o
[293/4645] Building CXX object lib/TargetParser/CMakeFiles/LLVMTargetParser.dir/LoongArchTargetParser.cpp.o
[294/4645] Building CXX object lib/TargetParser/CMakeFiles/LLVMTargetParser.dir/PPCTargetParser.cpp.o
[295/4645] Building CXX object lib/TargetParser/CMakeFiles/LLVMTargetParser.dir/TargetParser.cpp.o
[296/4645] Building CXX object lib/TargetParser/CMakeFiles/LLVMTargetParser.dir/SubtargetFeature.cpp.o
[297/4645] Building CXX object lib/TargetParser/CMakeFiles/LLVMTargetParser.dir/XtensaTargetParser.cpp.o
[298/4645] Building CXX object lib/TargetParser/CMakeFiles/LLVMTargetParser.dir/TargetDataLayout.cpp.o
[299/4645] Building CXX object lib/TargetParser/CMakeFiles/LLVMTargetParser.dir/X86TargetParser.cpp.o
[300/4645] Building CXX object lib/BinaryFormat/CMakeFiles/LLVMBinaryFormat.dir/AMDGPUMetadataVerifier.cpp.o
[301/4645] Building CXX object lib/TargetParser/CMakeFiles/LLVMTargetParser.dir/RISCVTargetParser.cpp.o
[302/4645] Building CXX object lib/BinaryFormat/CMakeFiles/LLVMBinaryFormat.dir/COFF.cpp.o
[303/4645] Building CXX object lib/TargetParser/CMakeFiles/LLVMTargetParser.dir/Triple.cpp.o
[304/4645] Building CXX object lib/TargetParser/CMakeFiles/LLVMTargetParser.dir/RISCVISAInfo.cpp.o
[305/4645] Building CXX object lib/BinaryFormat/CMakeFiles/LLVMBinaryFormat.dir/ELF.cpp.o
[306/4645] Building CXX object lib/BinaryFormat/CMakeFiles/LLVMBinaryFormat.dir/DXContainer.cpp.o
[307/4645] Building CXX object lib/BinaryFormat/CMakeFiles/LLVMBinaryFormat.dir/MachO.cpp.o
[308/4645] Building CXX object lib/BinaryFormat/CMakeFiles/LLVMBinaryFormat.dir/Magic.cpp.o
[309/4645] Building CXX object lib/BinaryFormat/CMakeFiles/LLVMBinaryFormat.dir/Dwarf.cpp.o
[310/4645] Building CXX object lib/BinaryFormat/CMakeFiles/LLVMBinaryFormat.dir/MsgPackDocumentYAML.cpp.o
[311/4645] Building CXX object lib/BinaryFormat/CMakeFiles/LLVMBinaryFormat.dir/MsgPackWriter.cpp.o
[312/4645] Building CXX object lib/BinaryFormat/CMakeFiles/LLVMBinaryFormat.dir/MsgPackReader.cpp.o
[313/4645] Building CXX object lib/BinaryFormat/CMakeFiles/LLVMBinaryFormat.dir/MsgPackDocument.cpp.o
[314/4645] Building CXX object lib/BinaryFormat/CMakeFiles/LLVMBinaryFormat.dir/SFrame.cpp.o
[315/4645] Building CXX object lib/BinaryFormat/CMakeFiles/LLVMBinaryFormat.dir/Wasm.cpp.o
[316/4645] Building CXX object lib/Remarks/CMakeFiles/LLVMRemarks.dir/RemarkFormat.cpp.o
[317/4645] Linking CXX static library lib/libLLVMTargetParser.a
[318/4645] Building CXX object lib/BinaryFormat/CMakeFiles/LLVMBinaryFormat.dir/XCOFF.cpp.o
[319/4645] Linking CXX static library lib/libLLVMBinaryFormat.a
[320/4645] Building CXX object lib/Remarks/CMakeFiles/LLVMRemarks.dir/RemarkStreamer.cpp.o
[321/4645] Building CXX object lib/Remarks/CMakeFiles/LLVMRemarks.dir/RemarkStringTable.cpp.o
[322/4645] Building CXX object lib/Remarks/CMakeFiles/LLVMRemarks.dir/RemarkParser.cpp.o
[323/4645] Building CXX object lib/Remarks/CMakeFiles/LLVMRemarks.dir/RemarkSerializer.cpp.o
[324/4645] Building CXX object lib/Remarks/CMakeFiles/LLVMRemarks.dir/YAMLRemarkSerializer.cpp.o
[325/4645] Building CXX object lib/Remarks/CMakeFiles/LLVMRemarks.dir/RemarkLinker.cpp.o
[326/4645] Building CXX object lib/Remarks/CMakeFiles/LLVMRemarks.dir/YAMLRemarkParser.cpp.o
[327/4645] Linking CXX static library lib/libLLVMRemarks.a
[328/4645] Building CXX object lib/DebugInfo/DWARF/LowLevel/CMakeFiles/LLVMDebugInfoDWARFLowLevel.dir/DWARFCFIProgram.cpp.o
[329/4645] Building CXX object lib/MC/CMakeFiles/LLVMMC.dir/DXContainerInfo.cpp.o
[330/4645] Building CXX object lib/IR/CMakeFiles/LLVMCore.dir/cmake_pch.hxx.pch
[331/4645] Building CXX object lib/DebugInfo/DWARF/LowLevel/CMakeFiles/LLVMDebugInfoDWARFLowLevel.dir/DWARFExpression.cpp.o
[332/4645] Building CXX object lib/MC/CMakeFiles/LLVMMC.dir/DXContainerRootSignature.cpp.o
[333/4645] Building CXX object lib/MC/CMakeFiles/LLVMMC.dir/DXContainerPSVInfo.cpp.o
[334/4645] Building CXX object lib/DebugInfo/DWARF/LowLevel/CMakeFiles/LLVMDebugInfoDWARFLowLevel.dir/DWARFUnwindTable.cpp.o
[335/4645] Building CXX object lib/MC/CMakeFiles/LLVMMC.dir/ConstantPools.cpp.o
[336/4645] Building CXX object lib/MC/CMakeFiles/LLVMMC.dir/GOFFObjectWriter.cpp.o
[337/4645] Building CXX object lib/MC/CMakeFiles/LLVMMC.dir/MCAsmBackend.cpp.o
[338/4645] Building CXX object lib/IR/CMakeFiles/LLVMCore.dir/AbstractCallSite.cpp.o
[339/4645] Building CXX object lib/MC/CMakeFiles/LLVMMC.dir/MCAsmInfo.cpp.o
[340/4645] Building CXX object lib/MC/CMakeFiles/LLVMMC.dir/ELFObjectWriter.cpp.o
[341/4645] Building CXX object lib/IR/CMakeFiles/LLVMCore.dir/Assumptions.cpp.o
[342/4645] Building CXX object lib/IR/CMakeFiles/LLVMCore.dir/BuiltinGCs.cpp.o
[343/4645] Building CXX object lib/IR/CMakeFiles/LLVMCore.dir/Comdat.cpp.o
[344/4645] Building CXX object lib/IR/CMakeFiles/LLVMCore.dir/BasicBlock.cpp.o
[345/4645] Building CXX object lib/IR/CMakeFiles/LLVMCore.dir/ConstantFPRange.cpp.o
[346/4645] Building CXX object lib/IR/CMakeFiles/LLVMCore.dir/ConstantFold.cpp.o
[347/4645] Building CXX object lib/IR/CMakeFiles/LLVMCore.dir/ConstantRangeList.cpp.o
[348/4645] Building CXX object lib/IR/CMakeFiles/LLVMCore.dir/Attributes.cpp.o
[349/4645] Building CXX object lib/IR/CMakeFiles/LLVMCore.dir/ConstantRange.cpp.o
[350/4645] Building CXX object lib/IR/CMakeFiles/LLVMCore.dir/ConvergenceVerifier.cpp.o
[351/4645] Building CXX object lib/IR/CMakeFiles/LLVMCore.dir/CycleInfo.cpp.o
[352/4645] Building CXX object lib/IR/CMakeFiles/LLVMCore.dir/AutoUpgrade.cpp.o
[353/4645] Building CXX object lib/IR/CMakeFiles/LLVMCore.dir/DataLayout.cpp.o
[354/4645] Building CXX object lib/IR/CMakeFiles/LLVMCore.dir/DIBuilder.cpp.o
[355/4645] Building CXX object lib/IR/CMakeFiles/LLVMCore.dir/DIExpressionOptimizer.cpp.o
[356/4645] Building CXX object lib/IR/CMakeFiles/LLVMCore.dir/AsmWriter.cpp.o
[357/4645] Building CXX object lib/IR/CMakeFiles/LLVMCore.dir/Core.cpp.o
[358/4645] Building CXX object lib/IR/CMakeFiles/LLVMCore.dir/DebugLoc.cpp.o
[359/4645] Building CXX object lib/IR/CMakeFiles/LLVMCore.dir/DiagnosticHandler.cpp.o
[360/4645] Building CXX object lib/IR/CMakeFiles/LLVMCore.dir/DebugProgramInstruction.cpp.o
[361/4645] Building CXX object lib/IR/CMakeFiles/LLVMCore.dir/Constants.cpp.o
[362/4645] Building CXX object lib/IR/CMakeFiles/LLVMCore.dir/DiagnosticPrinter.cpp.o
[363/4645] Building CXX object lib/IR/CMakeFiles/LLVMCore.dir/DebugInfo.cpp.o
[364/4645] Building CXX object lib/IR/CMakeFiles/LLVMCore.dir/DiagnosticInfo.cpp.o
[365/4645] Building CXX object lib/IR/CMakeFiles/LLVMCore.dir/FPEnv.cpp.o
[366/4645] Building CXX object lib/IR/CMakeFiles/LLVMCore.dir/EHPersonalities.cpp.o
[367/4645] Building CXX object lib/IR/CMakeFiles/LLVMCore.dir/DroppedVariableStats.cpp.o
[368/4645] Building CXX object lib/IR/CMakeFiles/LLVMCore.dir/DroppedVariableStatsIR.cpp.o
[369/4645] Building CXX object lib/IR/CMakeFiles/LLVMCore.dir/GVMaterializer.cpp.o
[370/4645] Building CXX object lib/IR/CMakeFiles/LLVMCore.dir/GCStrategy.cpp.o
[371/4645] Building CXX object lib/IR/CMakeFiles/LLVMCore.dir/Function.cpp.o
[372/4645] Building CXX object lib/IR/CMakeFiles/LLVMCore.dir/NVVMIntrinsicUtils.cpp.o
[373/4645] Building CXX object lib/IR/CMakeFiles/LLVMCore.dir/Globals.cpp.o
[374/4645] Building CXX object lib/IR/CMakeFiles/LLVMCore.dir/IRPrintingPasses.cpp.o
[375/4645] Building CXX object lib/IR/CMakeFiles/LLVMCore.dir/DebugInfoMetadata.cpp.o
[376/4645] Building CXX object lib/IR/CMakeFiles/LLVMCore.dir/SSAContext.cpp.o
[377/4645] Building CXX object lib/IR/CMakeFiles/LLVMCore.dir/InlineAsm.cpp.o
[378/4645] Building CXX object lib/IR/CMakeFiles/LLVMCore.dir/IRBuilder.cpp.o
[379/4645] Building CXX object lib/IR/CMakeFiles/LLVMCore.dir/Intrinsics.cpp.o
[380/4645] Building CXX object lib/IR/CMakeFiles/LLVMCore.dir/Instruction.cpp.o
[381/4645] Building CXX object lib/IR/CMakeFiles/LLVMCore.dir/IntrinsicInst.cpp.o
[382/4645] Building CXX object lib/IR/CMakeFiles/LLVMCore.dir/LLVMContext.cpp.o
[383/4645] Building CXX object lib/IR/CMakeFiles/LLVMCore.dir/LLVMRemarkStreamer.cpp.o
[384/4645] Building CXX object lib/IR/CMakeFiles/LLVMCore.dir/MDBuilder.cpp.o
[385/4645] Building CXX object lib/IR/CMakeFiles/LLVMCore.dir/Dominators.cpp.o
[386/4645] Building CXX object lib/IR/CMakeFiles/LLVMCore.dir/MemoryModelRelaxationAnnotations.cpp.o
[387/4645] Building CXX object lib/IR/CMakeFiles/LLVMCore.dir/Mangler.cpp.o
[388/4645] Building CXX object lib/IR/CMakeFiles/LLVMCore.dir/Instructions.cpp.o
[389/4645] Building CXX object lib/IR/CMakeFiles/LLVMCore.dir/LegacyPassManager.cpp.o
[390/4645] Building CXX object lib/IR/CMakeFiles/LLVMCore.dir/Module.cpp.o
[391/4645] Building CXX object lib/IR/CMakeFiles/LLVMCore.dir/PatternMatch.cpp.o
[392/4645] Building CXX object lib/IR/CMakeFiles/LLVMCore.dir/Operator.cpp.o
[393/4645] Building CXX object lib/IR/CMakeFiles/LLVMCore.dir/LLVMContextImpl.cpp.o
[394/4645] Building CXX object lib/IR/CMakeFiles/LLVMCore.dir/OptBisect.cpp.o
[395/4645] Building CXX object lib/IR/CMakeFiles/LLVMCore.dir/Pass.cpp.o
[396/4645] Building CXX object lib/IR/CMakeFiles/LLVMCore.dir/ModuleSummaryIndex.cpp.o
[397/4645] Building CXX object lib/IR/CMakeFiles/LLVMCore.dir/PassInstrumentation.cpp.o
[398/4645] Building CXX object lib/IR/CMakeFiles/LLVMCore.dir/PassRegistry.cpp.o
[399/4645] Building CXX object lib/IR/CMakeFiles/LLVMCore.dir/ProfDataUtils.cpp.o
[400/4645] Building CXX object lib/IR/CMakeFiles/LLVMCore.dir/PrintPasses.cpp.o
[401/4645] Building CXX object lib/IR/CMakeFiles/LLVMCore.dir/PassTimingInfo.cpp.o
[402/4645] Building CXX object lib/IR/CMakeFiles/LLVMCore.dir/ProfileSummary.cpp.o
[403/4645] Building CXX object lib/IR/CMakeFiles/LLVMCore.dir/PseudoProbe.cpp.o
[404/4645] Building CXX object lib/IR/CMakeFiles/LLVMCore.dir/PassManager.cpp.o
[405/4645] Building CXX object lib/IR/CMakeFiles/LLVMCore.dir/ReplaceConstant.cpp.o
[406/4645] Building CXX object lib/IR/CMakeFiles/LLVMCore.dir/Statepoint.cpp.o
[407/4645] Building CXX object lib/IR/CMakeFiles/LLVMCore.dir/SafepointIRVerifier.cpp.o
[408/4645] Building CXX object lib/IR/CMakeFiles/LLVMCore.dir/Use.cpp.o
[409/4645] Building CXX object lib/IR/CMakeFiles/LLVMCore.dir/StructuralHash.cpp.o
[410/4645] Building CXX object lib/IR/CMakeFiles/LLVMCore.dir/TypedPointerType.cpp.o
[411/4645] Building CXX object lib/IR/CMakeFiles/LLVMCore.dir/User.cpp.o
[412/4645] Building CXX object lib/IR/CMakeFiles/LLVMCore.dir/TypeFinder.cpp.o
[413/4645] Building CXX object lib/IR/CMakeFiles/LLVMCore.dir/ValueSymbolTable.cpp.o
[414/4645] Building CXX object lib/IR/CMakeFiles/LLVMCore.dir/Type.cpp.o
[415/4645] Building CXX object lib/IR/CMakeFiles/LLVMCore.dir/VectorTypeUtils.cpp.o
[416/4645] Building CXX object lib/IR/CMakeFiles/LLVMCore.dir/Metadata.cpp.o
[417/4645] Building CXX object lib/IR/CMakeFiles/LLVMCore.dir/Value.cpp.o
[418/4645] Building CXX object lib/IR/CMakeFiles/LLVMCore.dir/VFABIDemangler.cpp.o
[419/4645] Building CXX object lib/Bitcode/Reader/CMakeFiles/LLVMBitReader.dir/BitReader.cpp.o
[420/4645] Building CXX object lib/IR/CMakeFiles/LLVMCore.dir/RuntimeLibcalls.cpp.o
[421/4645] Building CXX object lib/Bitcode/Reader/CMakeFiles/LLVMBitReader.dir/ValueList.cpp.o
[422/4645] Building CXX object lib/MC/CMakeFiles/LLVMMC.dir/MCAsmInfoDarwin.cpp.o
[423/4645] Building CXX object lib/MC/CMakeFiles/LLVMMC.dir/MCAsmInfoCOFF.cpp.o
[424/4645] Building CXX object lib/Bitcode/Reader/CMakeFiles/LLVMBitReader.dir/BitcodeAnalyzer.cpp.o
[425/4645] Building CXX object lib/MC/CMakeFiles/LLVMMC.dir/MCAsmInfoGOFF.cpp.o
[426/4645] Building CXX object lib/MC/CMakeFiles/LLVMMC.dir/MCAsmInfoWasm.cpp.o
[427/4645] Building CXX object lib/MC/CMakeFiles/LLVMMC.dir/MCAsmMacro.cpp.o
[428/4645] Building CXX object lib/MC/CMakeFiles/LLVMMC.dir/MCAsmInfoXCOFF.cpp.o
[429/4645] Building CXX object lib/MC/CMakeFiles/LLVMMC.dir/MCAsmInfoELF.cpp.o
[430/4645] Building CXX object lib/MC/CMakeFiles/LLVMMC.dir/MCCodeEmitter.cpp.o
[431/4645] Building CXX object lib/MC/CMakeFiles/LLVMMC.dir/MCAssembler.cpp.o
[432/4645] Building CXX object lib/MC/CMakeFiles/LLVMMC.dir/MCDXContainerStreamer.cpp.o
[433/4645] Building CXX object lib/MC/CMakeFiles/LLVMMC.dir/MCDXContainerWriter.cpp.o
[434/4645] Building CXX object lib/MC/CMakeFiles/LLVMMC.dir/MCCodeView.cpp.o
[435/4645] Building CXX object lib/MC/CMakeFiles/LLVMMC.dir/MCELFObjectTargetWriter.cpp.o
[436/4645] Building CXX object lib/Bitcode/Reader/CMakeFiles/LLVMBitReader.dir/MetadataLoader.cpp.o
[437/4645] Building CXX object lib/MC/CMakeFiles/LLVMMC.dir/MCAsmStreamer.cpp.o
[438/4645] Building CXX object lib/MC/CMakeFiles/LLVMMC.dir/MCFragment.cpp.o
[439/4645] Building CXX object lib/MC/CMakeFiles/LLVMMC.dir/MCInstPrinter.cpp.o
[440/4645] Building CXX object lib/MC/CMakeFiles/LLVMMC.dir/MCDwarf.cpp.o
[441/4645] Building CXX object lib/MC/CMakeFiles/LLVMMC.dir/MCExpr.cpp.o
[442/4645] Building CXX object lib/MC/CMakeFiles/LLVMMC.dir/MCELFStreamer.cpp.o
[443/4645] Building CXX object lib/MC/CMakeFiles/LLVMMC.dir/MCContext.cpp.o
[444/4645] Building CXX object lib/MC/CMakeFiles/LLVMMC.dir/MCInst.cpp.o
[445/4645] Building CXX object lib/MC/CMakeFiles/LLVMMC.dir/MCInstrAnalysis.cpp.o
[446/4645] Building CXX object lib/MC/CMakeFiles/LLVMMC.dir/MCGOFFStreamer.cpp.o
[447/4645] Building CXX object lib/MC/CMakeFiles/LLVMMC.dir/MCInstrDesc.cpp.o
[448/4645] Building CXX object lib/MC/CMakeFiles/LLVMMC.dir/MCInstrInfo.cpp.o
[449/4645] Building CXX object lib/MC/CMakeFiles/LLVMMC.dir/MCLabel.cpp.o
[450/4645] Building CXX object lib/MC/CMakeFiles/LLVMMC.dir/MCLinkerOptimizationHint.cpp.o
[451/4645] Building CXX object lib/MC/CMakeFiles/LLVMMC.dir/MCMachObjectTargetWriter.cpp.o
[452/4645] Building CXX object lib/MC/CMakeFiles/LLVMMC.dir/MCLFIRewriter.cpp.o
[453/4645] Building CXX object lib/MC/CMakeFiles/LLVMMC.dir/MCNullStreamer.cpp.o
[454/4645] Building CXX object lib/MC/CMakeFiles/LLVMMC.dir/MCLFI.cpp.o
[455/4645] Building CXX object lib/MC/CMakeFiles/LLVMMC.dir/MCRegisterInfo.cpp.o
[456/4645] Building CXX object lib/MC/CMakeFiles/LLVMMC.dir/MCObjectFileInfo.cpp.o
[457/4645] Building CXX object lib/MC/CMakeFiles/LLVMMC.dir/MCSchedule.cpp.o
[458/4645] Building CXX object lib/MC/CMakeFiles/LLVMMC.dir/MCMachOStreamer.cpp.o
[459/4645] Building CXX object lib/MC/CMakeFiles/LLVMMC.dir/MCObjectWriter.cpp.o
[460/4645] Building CXX object lib/MC/CMakeFiles/LLVMMC.dir/MCSection.cpp.o
[461/4645] Building CXX object lib/MC/CMakeFiles/LLVMMC.dir/MCObjectStreamer.cpp.o
[462/4645] Building CXX object lib/IR/CMakeFiles/LLVMCore.dir/Verifier.cpp.o
[463/4645] Building CXX object lib/MC/CMakeFiles/LLVMMC.dir/MCSectionMachO.cpp.o
[464/4645] Linking CXX static library lib/libLLVMCore.a
[465/4645] Building CXX object lib/MC/CMakeFiles/LLVMMC.dir/MCSubtargetInfo.cpp.o
[466/4645] Building CXX object lib/MC/CMakeFiles/LLVMMC.dir/MCSPIRVStreamer.cpp.o
[467/4645] Building CXX object lib/MC/CMakeFiles/LLVMMC.dir/MCSymbolELF.cpp.o
[468/4645] Building CXX object lib/MC/CMakeFiles/LLVMMC.dir/MCSymbolGOFF.cpp.o
[469/4645] Building CXX object lib/MC/CMakeFiles/LLVMMC.dir/MCSymbolXCOFF.cpp.o
[470/4645] Building CXX object lib/MC/CMakeFiles/LLVMMC.dir/MCTargetOptions.cpp.o
[471/4645] Building CXX object lib/MC/CMakeFiles/LLVMMC.dir/MCSFrame.cpp.o
[472/4645] Building CXX object lib/MC/CMakeFiles/LLVMMC.dir/MCSymbol.cpp.o
[473/4645] Building CXX object lib/MC/CMakeFiles/LLVMMC.dir/MCValue.cpp.o
[474/4645] Building CXX object lib/MC/CMakeFiles/LLVMMC.dir/MCPseudoProbe.cpp.o
[475/4645] Building CXX object lib/MC/CMakeFiles/LLVMMC.dir/MCWasmObjectTargetWriter.cpp.o
[476/4645] Building CXX object lib/MC/CMakeFiles/LLVMMC.dir/MCTargetOptionsCommandFlags.cpp.o
[477/4645] Building CXX object lib/Bitcode/Reader/CMakeFiles/LLVMBitReader.dir/BitcodeReader.cpp.o
[478/4645] Building CXX object lib/MC/CMakeFiles/LLVMMC.dir/MCWinEH.cpp.o
[479/4645] Building CXX object lib/MC/CMakeFiles/LLVMMC.dir/MCXCOFFObjectTargetWriter.cpp.o
[480/4645] Building CXX object lib/MC/CMakeFiles/LLVMMC.dir/MCStreamer.cpp.o
[481/4645] Building CXX object lib/MC/CMakeFiles/LLVMMC.dir/MCWasmStreamer.cpp.o
[482/4645] Building CXX object lib/MC/CMakeFiles/LLVMMC.dir/MCXCOFFStreamer.cpp.o
[483/4645] Linking CXX static library lib/libLLVMDebugInfoDWARFLowLevel.a
[484/4645] Building CXX object lib/MC/CMakeFiles/LLVMMC.dir/StringTableBuilder.cpp.o
[485/4645] Building CXX object lib/MC/CMakeFiles/LLVMMC.dir/SPIRVObjectWriter.cpp.o
[486/4645] Building CXX object lib/MC/CMakeFiles/LLVMMC.dir/MCWinCOFFStreamer.cpp.o
[487/4645] Building CXX object lib/MC/CMakeFiles/LLVMMC.dir/TargetRegistry.cpp.o
[488/4645] Building CXX object lib/MC/CMakeFiles/LLVMMC.dir/MCWin64EH.cpp.o
[489/4645] Linking CXX static library lib/libLLVMBitReader.a
[490/4645] Building CXX object lib/MC/CMakeFiles/LLVMMC.dir/MachObjectWriter.cpp.o
[491/4645] Building CXX object lib/MC/CMakeFiles/LLVMMC.dir/WinCOFFObjectWriter.cpp.o
[492/4645] Building CXX object lib/MC/MCParser/CMakeFiles/LLVMMCParser.dir/AsmLexer.cpp.o
[493/4645] Building CXX object lib/MC/CMakeFiles/LLVMMC.dir/XCOFFObjectWriter.cpp.o
[494/4645] Building CXX object lib/AsmParser/CMakeFiles/LLVMAsmParser.dir/Parser.cpp.o
[495/4645] Building CXX object lib/MC/CMakeFiles/LLVMMC.dir/WasmObjectWriter.cpp.o
[496/4645] Linking CXX static library lib/libLLVMMC.a
[497/4645] Building CXX object lib/IRReader/CMakeFiles/LLVMIRReader.dir/IRReader.cpp.o
[498/4645] Building CXX object lib/AsmParser/CMakeFiles/LLVMAsmParser.dir/LLLexer.cpp.o
[499/4645] Building CXX object lib/AsmParser/CMakeFiles/LLVMAsmParser.dir/AsmParserContext.cpp.o
[500/4645] Building CXX object lib/MC/MCParser/CMakeFiles/LLVMMCParser.dir/COFFAsmParser.cpp.o
[501/4645] Building CXX object lib/MC/MCParser/CMakeFiles/LLVMMCParser.dir/GOFFAsmParser.cpp.o
[502/4645] Building CXX object lib/MC/MCParser/CMakeFiles/LLVMMCParser.dir/COFFMasmParser.cpp.o
[503/4645] Building CXX object lib/MC/MCParser/CMakeFiles/LLVMMCParser.dir/LFIAsmParser.cpp.o
[504/4645] Building CXX object lib/MC/MCParser/CMakeFiles/LLVMMCParser.dir/DarwinAsmParser.cpp.o
[505/4645] Building CXX object lib/MC/MCParser/CMakeFiles/LLVMMCParser.dir/MCAsmParser.cpp.o
[506/4645] Building CXX object lib/MC/MCParser/CMakeFiles/LLVMMCParser.dir/MCAsmParserExtension.cpp.o
[507/4645] Building CXX object lib/MC/MCParser/CMakeFiles/LLVMMCParser.dir/ELFAsmParser.cpp.o
[508/4645] Building CXX object lib/MC/MCParser/CMakeFiles/LLVMMCParser.dir/MCTargetAsmParser.cpp.o
[509/4645] Building CXX object lib/TextAPI/CMakeFiles/LLVMTextAPI.dir/ArchitectureSet.cpp.o
[510/4645] Building CXX object lib/TextAPI/CMakeFiles/LLVMTextAPI.dir/Architecture.cpp.o
[511/4645] Building CXX object lib/MC/MCParser/CMakeFiles/LLVMMCParser.dir/WasmAsmParser.cpp.o
[512/4645] Building CXX object lib/MC/MCParser/CMakeFiles/LLVMMCParser.dir/XCOFFAsmParser.cpp.o
[513/4645] Building CXX object lib/TextAPI/CMakeFiles/LLVMTextAPI.dir/PackedVersion.cpp.o
[514/4645] Building CXX object lib/TextAPI/CMakeFiles/LLVMTextAPI.dir/Platform.cpp.o
[515/4645] Building CXX object lib/MC/MCParser/CMakeFiles/LLVMMCParser.dir/AsmParser.cpp.o
[516/4645] Building CXX object lib/TextAPI/CMakeFiles/LLVMTextAPI.dir/RecordVisitor.cpp.o
[517/4645] Building CXX object lib/TextAPI/CMakeFiles/LLVMTextAPI.dir/Symbol.cpp.o
[518/4645] Building CXX object lib/TextAPI/CMakeFiles/LLVMTextAPI.dir/InterfaceFile.cpp.o
[519/4645] Building CXX object lib/TextAPI/CMakeFiles/LLVMTextAPI.dir/SymbolSet.cpp.o
[520/4645] Building CXX object lib/TextAPI/CMakeFiles/LLVMTextAPI.dir/TextAPIError.cpp.o
[521/4645] Building CXX object lib/TextAPI/CMakeFiles/LLVMTextAPI.dir/RecordsSlice.cpp.o
[522/4645] Building CXX object lib/TextAPI/CMakeFiles/LLVMTextAPI.dir/Target.cpp.o
[523/4645] Building CXX object lib/TextAPI/CMakeFiles/LLVMTextAPI.dir/Utils.cpp.o
[524/4645] Building CXX object lib/TextAPI/CMakeFiles/LLVMTextAPI.dir/TextStubCommon.cpp.o
[525/4645] Building CXX object lib/TextAPI/CMakeFiles/LLVMTextAPI.dir/TextStubV5.cpp.o
[526/4645] Building CXX object lib/Object/CMakeFiles/LLVMObject.dir/Archive.cpp.o
[527/4645] Building CXX object lib/MC/MCParser/CMakeFiles/LLVMMCParser.dir/MasmParser.cpp.o
[528/4645] Building CXX object lib/Object/CMakeFiles/LLVMObject.dir/BBAddrMap.cpp.o
[529/4645] Linking CXX static library lib/libLLVMMCParser.a
[530/4645] Building CXX object lib/Object/CMakeFiles/LLVMObject.dir/Binary.cpp.o
[531/4645] Building CXX object lib/Object/CMakeFiles/LLVMObject.dir/COFFImportFile.cpp.o
[532/4645] Building CXX object lib/Object/CMakeFiles/LLVMObject.dir/ArchiveWriter.cpp.o
[533/4645] Building CXX object lib/TextAPI/CMakeFiles/LLVMTextAPI.dir/TextStub.cpp.o
[534/4645] Building CXX object lib/AsmParser/CMakeFiles/LLVMAsmParser.dir/LLParser.cpp.o
[535/4645] Linking CXX static library lib/libLLVMAsmParser.a
[536/4645] Linking CXX static library lib/libLLVMIRReader.a
[537/4645] Building CXX object lib/Object/CMakeFiles/LLVMObject.dir/BuildID.cpp.o
[538/4645] Building CXX object lib/Object/CMakeFiles/LLVMObject.dir/COFFModuleDefinition.cpp.o
[539/4645] Building CXX object lib/Object/CMakeFiles/LLVMObject.dir/Decompressor.cpp.o
[540/4645] Building CXX object lib/Object/CMakeFiles/LLVMObject.dir/DXContainer.cpp.o
[541/4645] Building CXX object lib/Object/CMakeFiles/LLVMObject.dir/Error.cpp.o
[542/4645] Building CXX object lib/Object/CMakeFiles/LLVMObject.dir/FaultMapParser.cpp.o
[543/4645] Building CXX object lib/Object/CMakeFiles/LLVMObject.dir/COFFObjectFile.cpp.o
[544/4645] Building CXX object lib/Object/CMakeFiles/LLVMObject.dir/GOFFObjectFile.cpp.o
[545/4645] Building CXX object lib/Object/CMakeFiles/LLVMObject.dir/IRObjectFile.cpp.o
[546/4645] Building CXX object lib/Object/CMakeFiles/LLVMObject.dir/IRSymtab.cpp.o
[547/4645] Building CXX object lib/Object/CMakeFiles/LLVMObject.dir/MachOUniversal.cpp.o
[548/4645] Building CXX object lib/Object/CMakeFiles/LLVMObject.dir/Minidump.cpp.o
[549/4645] Building CXX object lib/Object/CMakeFiles/LLVMObject.dir/Object.cpp.o
[550/4645] Building CXX object lib/Object/CMakeFiles/LLVMObject.dir/ObjectFile.cpp.o
[551/4645] Building CXX object lib/Object/CMakeFiles/LLVMObject.dir/ModuleSymbolTable.cpp.o
[552/4645] Building CXX object lib/Object/CMakeFiles/LLVMObject.dir/OffloadBinary.cpp.o
[553/4645] Building CXX object lib/Object/CMakeFiles/LLVMObject.dir/MachOObjectFile.cpp.o
[554/4645] Building CXX object lib/Object/CMakeFiles/LLVMObject.dir/OffloadBundle.cpp.o
[555/4645] Building CXX object lib/Object/CMakeFiles/LLVMObject.dir/RelocationResolver.cpp.o
[556/4645] Building CXX object lib/Object/CMakeFiles/LLVMObject.dir/RecordStreamer.cpp.o
[557/4645] Building CXX object lib/Object/CMakeFiles/LLVMObject.dir/ELFObjectFile.cpp.o
[558/4645] Building CXX object lib/Object/CMakeFiles/LLVMObject.dir/SFrameParser.cpp.o
[559/4645] Building CXX object lib/Object/CMakeFiles/LLVMObject.dir/SymbolicFile.cpp.o
[560/4645] Linking CXX static library lib/libLLVMTextAPI.a
[561/4645] Building CXX object lib/Object/CMakeFiles/LLVMObject.dir/TapiFile.cpp.o
[562/4645] Building CXX object lib/Object/CMakeFiles/LLVMObject.dir/SymbolSize.cpp.o
[563/4645] Building CXX object lib/Object/CMakeFiles/LLVMObject.dir/WindowsMachineFlag.cpp.o
[564/4645] Building CXX object lib/DebugInfo/DWARF/CMakeFiles/LLVMDebugInfoDWARF.dir/DWARFAbbreviationDeclaration.cpp.o
[565/4645] Building CXX object lib/Object/CMakeFiles/LLVMObject.dir/TapiUniversal.cpp.o
[566/4645] Building CXX object lib/DebugInfo/DWARF/CMakeFiles/LLVMDebugInfoDWARF.dir/DWARFAddressRange.cpp.o
[567/4645] Building CXX object lib/Object/CMakeFiles/LLVMObject.dir/MachOUniversalWriter.cpp.o
[568/4645] Building CXX object lib/Object/CMakeFiles/LLVMObject.dir/ELF.cpp.o
[569/4645] Building CXX object lib/DebugInfo/DWARF/CMakeFiles/LLVMDebugInfoDWARF.dir/DWARFCFIPrinter.cpp.o
[570/4645] Building CXX object lib/Object/CMakeFiles/LLVMObject.dir/XCOFFObjectFile.cpp.o
[571/4645] Building CXX object lib/DebugInfo/DWARF/CMakeFiles/LLVMDebugInfoDWARF.dir/DWARFCompileUnit.cpp.o
[572/4645] Building CXX object lib/Object/CMakeFiles/LLVMObject.dir/WindowsResource.cpp.o
[573/4645] Building CXX object lib/DebugInfo/DWARF/CMakeFiles/LLVMDebugInfoDWARF.dir/DWARFDebugAbbrev.cpp.o
[574/4645] Building CXX object lib/DebugInfo/DWARF/CMakeFiles/LLVMDebugInfoDWARF.dir/DWARFDebugAddr.cpp.o
[575/4645] Building CXX object lib/DebugInfo/DWARF/CMakeFiles/LLVMDebugInfoDWARF.dir/DWARFDebugArangeSet.cpp.o
[576/4645] Building CXX object lib/DebugInfo/DWARF/CMakeFiles/LLVMDebugInfoDWARF.dir/DWARFDebugInfoEntry.cpp.o
[577/4645] Building CXX object lib/DebugInfo/DWARF/CMakeFiles/LLVMDebugInfoDWARF.dir/DWARFDebugAranges.cpp.o
[578/4645] Building CXX object lib/DebugInfo/DWARF/CMakeFiles/LLVMDebugInfoDWARF.dir/DWARFAcceleratorTable.cpp.o
[579/4645] Building CXX object lib/Object/CMakeFiles/LLVMObject.dir/WasmObjectFile.cpp.o
[580/4645] Linking CXX static library lib/libLLVMObject.a
[581/4645] Building CXX object lib/DebugInfo/DWARF/CMakeFiles/LLVMDebugInfoDWARF.dir/DWARFDebugLoc.cpp.o
[582/4645] Building CXX object lib/DebugInfo/DWARF/CMakeFiles/LLVMDebugInfoDWARF.dir/DWARFDebugFrame.cpp.o
[583/4645] Building CXX object lib/DebugInfo/DWARF/CMakeFiles/LLVMDebugInfoDWARF.dir/DWARFDebugMacro.cpp.o
[584/4645] Building CXX object lib/DebugInfo/DWARF/CMakeFiles/LLVMDebugInfoDWARF.dir/DWARFDebugPubTable.cpp.o
[585/4645] Building CXX object lib/DebugInfo/DWARF/CMakeFiles/LLVMDebugInfoDWARF.dir/DWARFDebugRangeList.cpp.o
[586/4645] Building CXX object lib/DebugInfo/DWARF/CMakeFiles/LLVMDebugInfoDWARF.dir/DWARFDebugRnglists.cpp.o
[587/4645] Building CXX object lib/DebugInfo/DWARF/CMakeFiles/LLVMDebugInfoDWARF.dir/DWARFDebugLine.cpp.o
[588/4645] Building CXX object lib/DebugInfo/DWARF/CMakeFiles/LLVMDebugInfoDWARF.dir/DWARFLocationExpression.cpp.o
[589/4645] Building CXX object lib/DebugInfo/DWARF/CMakeFiles/LLVMDebugInfoDWARF.dir/DWARFGdbIndex.cpp.o
[590/4645] Building CXX object lib/DebugInfo/DWARF/CMakeFiles/LLVMDebugInfoDWARF.dir/DWARFExpressionPrinter.cpp.o
[591/4645] Building CXX object lib/DebugInfo/DWARF/CMakeFiles/LLVMDebugInfoDWARF.dir/DWARFTypeUnit.cpp.o
[592/4645] Building CXX object lib/DebugInfo/DWARF/CMakeFiles/LLVMDebugInfoDWARF.dir/DWARFUnitIndex.cpp.o
[593/4645] Building CXX object lib/DebugInfo/DWARF/CMakeFiles/LLVMDebugInfoDWARF.dir/DWARFListTable.cpp.o
[594/4645] Building CXX object lib/DebugInfo/DWARF/CMakeFiles/LLVMDebugInfoDWARF.dir/DWARFFormValue.cpp.o
[595/4645] Building CXX object lib/DebugInfo/DWARF/CMakeFiles/LLVMDebugInfoDWARF.dir/DWARFContext.cpp.o
[596/4645] Building CXX object lib/DebugInfo/DWARF/CMakeFiles/LLVMDebugInfoDWARF.dir/DWARFDie.cpp.o
[597/4645] Building CXX object lib/DebugInfo/CodeView/CMakeFiles/LLVMDebugInfoCodeView.dir/DebugSubsectionVisitor.cpp.o
[598/4645] Building CXX object lib/DebugInfo/CodeView/CMakeFiles/LLVMDebugInfoCodeView.dir/DebugSymbolRVASubsection.cpp.o
[599/4645] Building CXX object lib/DebugInfo/CodeView/CMakeFiles/LLVMDebugInfoCodeView.dir/DebugSymbolsSubsection.cpp.o
[600/4645] Building CXX object lib/DebugInfo/DWARF/CMakeFiles/LLVMDebugInfoDWARF.dir/DWARFUnwindTablePrinter.cpp.o
[601/4645] Building CXX object lib/DebugInfo/CodeView/CMakeFiles/LLVMDebugInfoCodeView.dir/Formatters.cpp.o
[602/4645] Building CXX object lib/DebugInfo/CodeView/CMakeFiles/LLVMDebugInfoCodeView.dir/EnumTables.cpp.o
[603/4645] Building CXX object lib/DebugInfo/CodeView/CMakeFiles/LLVMDebugInfoCodeView.dir/Line.cpp.o
[604/4645] Building CXX object lib/DebugInfo/CodeView/CMakeFiles/LLVMDebugInfoCodeView.dir/GlobalTypeTableBuilder.cpp.o
[605/4645] Building CXX object lib/DebugInfo/CodeView/CMakeFiles/LLVMDebugInfoCodeView.dir/LazyRandomTypeCollection.cpp.o
[606/4645] Building CXX object lib/DebugInfo/CodeView/CMakeFiles/LLVMDebugInfoCodeView.dir/MergingTypeTableBuilder.cpp.o
[607/4645] Building CXX object lib/DebugInfo/CodeView/CMakeFiles/LLVMDebugInfoCodeView.dir/StringsAndChecksums.cpp.o
[608/4645] Building CXX object lib/DebugInfo/CodeView/CMakeFiles/LLVMDebugInfoCodeView.dir/RecordSerialization.cpp.o
[609/4645] Building CXX object lib/DebugInfo/DWARF/CMakeFiles/LLVMDebugInfoDWARF.dir/DWARFUnit.cpp.o
[610/4645] Building CXX object lib/DebugInfo/CodeView/CMakeFiles/LLVMDebugInfoCodeView.dir/RecordName.cpp.o
[611/4645] Building CXX object lib/DebugInfo/CodeView/CMakeFiles/LLVMDebugInfoCodeView.dir/SimpleTypeSerializer.cpp.o
[612/4645] Building CXX object lib/DebugInfo/CodeView/CMakeFiles/LLVMDebugInfoCodeView.dir/SymbolRecordHelpers.cpp.o
[613/4645] Building CXX object lib/DebugInfo/CodeView/CMakeFiles/LLVMDebugInfoCodeView.dir/SymbolSerializer.cpp.o
[614/4645] Building CXX object lib/DebugInfo/CodeView/CMakeFiles/LLVMDebugInfoCodeView.dir/TypeIndex.cpp.o
[615/4645] Building CXX object lib/DebugInfo/CodeView/CMakeFiles/LLVMDebugInfoCodeView.dir/SymbolRecordMapping.cpp.o
[616/4645] Building CXX object lib/DebugInfo/CodeView/CMakeFiles/LLVMDebugInfoCodeView.dir/TypeHashing.cpp.o
[617/4645] Building CXX object lib/DebugInfo/CodeView/CMakeFiles/LLVMDebugInfoCodeView.dir/TypeIndexDiscovery.cpp.o
[618/4645] Building CXX object lib/DebugInfo/CodeView/CMakeFiles/LLVMDebugInfoCodeView.dir/TypeRecordHelpers.cpp.o
[619/4645] Building CXX object lib/DebugInfo/CodeView/CMakeFiles/LLVMDebugInfoCodeView.dir/TypeDumpVisitor.cpp.o
[620/4645] Building CXX object lib/DebugInfo/CodeView/CMakeFiles/LLVMDebugInfoCodeView.dir/SymbolDumper.cpp.o
[621/4645] Building CXX object lib/DebugInfo/CodeView/CMakeFiles/LLVMDebugInfoCodeView.dir/TypeTableCollection.cpp.o
[622/4645] Building CXX object lib/DebugInfo/GSYM/CMakeFiles/LLVMDebugInfoGSYM.dir/Header.cpp.o
[623/4645] Building CXX object lib/DebugInfo/GSYM/CMakeFiles/LLVMDebugInfoGSYM.dir/HeaderV2.cpp.o
[624/4645] Building CXX object lib/DebugInfo/CodeView/CMakeFiles/LLVMDebugInfoCodeView.dir/TypeStreamMerger.cpp.o
[625/4645] Building CXX object lib/DebugInfo/GSYM/CMakeFiles/LLVMDebugInfoGSYM.dir/FileWriter.cpp.o
[626/4645] Building CXX object lib/DebugInfo/GSYM/CMakeFiles/LLVMDebugInfoGSYM.dir/GlobalData.cpp.o
[627/4645] Building CXX object lib/DebugInfo/CodeView/CMakeFiles/LLVMDebugInfoCodeView.dir/TypeRecordMapping.cpp.o
[628/4645] Building CXX object lib/DebugInfo/GSYM/CMakeFiles/LLVMDebugInfoGSYM.dir/GsymCreatorV1.cpp.o
[629/4645] Building CXX object lib/DebugInfo/GSYM/CMakeFiles/LLVMDebugInfoGSYM.dir/FunctionInfo.cpp.o
[630/4645] Building CXX object lib/DebugInfo/GSYM/CMakeFiles/LLVMDebugInfoGSYM.dir/GsymCreatorV2.cpp.o
[631/4645] Building CXX object lib/DebugInfo/GSYM/CMakeFiles/LLVMDebugInfoGSYM.dir/GsymContext.cpp.o
[632/4645] Building CXX object lib/DebugInfo/GSYM/CMakeFiles/LLVMDebugInfoGSYM.dir/GsymReaderV1.cpp.o
[633/4645] Building CXX object lib/DebugInfo/GSYM/CMakeFiles/LLVMDebugInfoGSYM.dir/LookupResult.cpp.o
[634/4645] Building CXX object lib/DebugInfo/GSYM/CMakeFiles/LLVMDebugInfoGSYM.dir/GsymReader.cpp.o
[635/4645] Building CXX object lib/DebugInfo/GSYM/CMakeFiles/LLVMDebugInfoGSYM.dir/LineTable.cpp.o
[636/4645] Building CXX object lib/DebugInfo/GSYM/CMakeFiles/LLVMDebugInfoGSYM.dir/GsymCreator.cpp.o
[637/4645] Linking CXX static library lib/libLLVMDebugInfoMSF.a
[638/4645] Building CXX object lib/DebugInfo/GSYM/CMakeFiles/LLVMDebugInfoGSYM.dir/DwarfTransformer.cpp.o
[639/4645] Linking CXX static library lib/libLLVMDebugInfoCodeView.a
[640/4645] Building CXX object lib/DebugInfo/GSYM/CMakeFiles/LLVMDebugInfoGSYM.dir/GsymReaderV2.cpp.o
[641/4645] Building CXX object lib/DebugInfo/GSYM/CMakeFiles/LLVMDebugInfoGSYM.dir/InlineInfo.cpp.o
[642/4645] Building CXX object lib/DebugInfo/GSYM/CMakeFiles/LLVMDebugInfoGSYM.dir/ExtractRanges.cpp.o
[643/4645] Building CXX object lib/DebugInfo/PDB/CMakeFiles/LLVMDebugInfoPDB.dir/GenericError.cpp.o
[644/4645] Building CXX object lib/DebugInfo/PDB/CMakeFiles/LLVMDebugInfoPDB.dir/IPDBSourceFile.cpp.o
[645/4645] Building CXX object lib/DebugInfo/GSYM/CMakeFiles/LLVMDebugInfoGSYM.dir/MergedFunctionsInfo.cpp.o
[646/4645] Building CXX object lib/DebugInfo/GSYM/CMakeFiles/LLVMDebugInfoGSYM.dir/CallSiteInfo.cpp.o
[647/4645] Building CXX object lib/DebugInfo/DWARF/CMakeFiles/LLVMDebugInfoDWARF.dir/DWARFVerifier.cpp.o
[648/4645] Building CXX object lib/DebugInfo/PDB/CMakeFiles/LLVMDebugInfoPDB.dir/PDB.cpp.o
[649/4645] Linking CXX static library lib/libLLVMDebugInfoDWARF.a
[650/4645] Building CXX object lib/DebugInfo/PDB/CMakeFiles/LLVMDebugInfoPDB.dir/PDBContext.cpp.o
[651/4645] Building CXX object lib/DebugInfo/PDB/CMakeFiles/LLVMDebugInfoPDB.dir/PDBExtras.cpp.o
[652/4645] Building CXX object lib/DebugInfo/PDB/CMakeFiles/LLVMDebugInfoPDB.dir/PDBInterfaceAnchors.cpp.o
[653/4645] Building CXX object lib/DebugInfo/GSYM/CMakeFiles/LLVMDebugInfoGSYM.dir/ObjectFileTransformer.cpp.o
[654/4645] Building CXX object lib/DebugInfo/PDB/CMakeFiles/LLVMDebugInfoPDB.dir/PDBSymbol.cpp.o
[655/4645] Building CXX object lib/DebugInfo/PDB/CMakeFiles/LLVMDebugInfoPDB.dir/PDBSymbolAnnotation.cpp.o
[656/4645] Building CXX object lib/DebugInfo/PDB/CMakeFiles/LLVMDebugInfoPDB.dir/PDBSymbolBlock.cpp.o
[657/4645] Building CXX object lib/DebugInfo/PDB/CMakeFiles/LLVMDebugInfoPDB.dir/PDBSymbolCompilandDetails.cpp.o
[658/4645] Building CXX object lib/DebugInfo/PDB/CMakeFiles/LLVMDebugInfoPDB.dir/PDBSymbolCompilandEnv.cpp.o
[659/4645] Building CXX object lib/DebugInfo/PDB/CMakeFiles/LLVMDebugInfoPDB.dir/PDBSymbolCompiland.cpp.o
[660/4645] Building CXX object lib/DebugInfo/PDB/CMakeFiles/LLVMDebugInfoPDB.dir/PDBSymbolCustom.cpp.o
[661/4645] Building CXX object lib/DebugInfo/PDB/CMakeFiles/LLVMDebugInfoPDB.dir/PDBSymbolExe.cpp.o
[662/4645] Building CXX object lib/DebugInfo/PDB/CMakeFiles/LLVMDebugInfoPDB.dir/PDBSymbolData.cpp.o
[663/4645] Building CXX object lib/DebugInfo/PDB/CMakeFiles/LLVMDebugInfoPDB.dir/PDBSymbolLabel.cpp.o
[664/4645] Building CXX object lib/DebugInfo/PDB/CMakeFiles/LLVMDebugInfoPDB.dir/PDBSymbolFuncDebugEnd.cpp.o
[665/4645] Building CXX object lib/DebugInfo/PDB/CMakeFiles/LLVMDebugInfoPDB.dir/PDBSymbolFunc.cpp.o
[666/4645] Building CXX object lib/DebugInfo/PDB/CMakeFiles/LLVMDebugInfoPDB.dir/PDBSymbolFuncDebugStart.cpp.o
[667/4645] Building CXX object lib/DebugInfo/PDB/CMakeFiles/LLVMDebugInfoPDB.dir/PDBSymbolThunk.cpp.o
[668/4645] Building CXX object lib/DebugInfo/PDB/CMakeFiles/LLVMDebugInfoPDB.dir/PDBSymbolPublicSymbol.cpp.o
[669/4645] Building CXX object lib/DebugInfo/PDB/CMakeFiles/LLVMDebugInfoPDB.dir/PDBSymbolTypeArray.cpp.o
[670/4645] Building CXX object lib/DebugInfo/PDB/CMakeFiles/LLVMDebugInfoPDB.dir/PDBSymbolTypeBaseClass.cpp.o
[671/4645] Building CXX object lib/DebugInfo/PDB/CMakeFiles/LLVMDebugInfoPDB.dir/PDBSymbolTypeBuiltin.cpp.o
[672/4645] Building CXX object lib/DebugInfo/PDB/CMakeFiles/LLVMDebugInfoPDB.dir/PDBSymbolTypeCustom.cpp.o
[673/4645] Building CXX object lib/DebugInfo/PDB/CMakeFiles/LLVMDebugInfoPDB.dir/PDBSymbolTypeDimension.cpp.o
[674/4645] Building CXX object lib/DebugInfo/PDB/CMakeFiles/LLVMDebugInfoPDB.dir/PDBSymbolTypeFriend.cpp.o
[675/4645] Building CXX object lib/DebugInfo/PDB/CMakeFiles/LLVMDebugInfoPDB.dir/PDBSymbolTypeEnum.cpp.o
[676/4645] Building CXX object lib/DebugInfo/PDB/CMakeFiles/LLVMDebugInfoPDB.dir/PDBSymbolTypeFunctionArg.cpp.o
[677/4645] Building CXX object lib/DebugInfo/PDB/CMakeFiles/LLVMDebugInfoPDB.dir/PDBSymbolTypeFunctionSig.cpp.o
[678/4645] Building CXX object lib/DebugInfo/PDB/CMakeFiles/LLVMDebugInfoPDB.dir/PDBSymbolTypeManaged.cpp.o
[679/4645] Building CXX object lib/DebugInfo/PDB/CMakeFiles/LLVMDebugInfoPDB.dir/PDBSymbolTypePointer.cpp.o
[680/4645] Building CXX object lib/DebugInfo/PDB/CMakeFiles/LLVMDebugInfoPDB.dir/PDBSymbolTypeTypedef.cpp.o
[681/4645] Building CXX object lib/DebugInfo/PDB/CMakeFiles/LLVMDebugInfoPDB.dir/PDBSymbolTypeUDT.cpp.o
[682/4645] Building CXX object lib/DebugInfo/PDB/CMakeFiles/LLVMDebugInfoPDB.dir/PDBSymbolTypeVTable.cpp.o
[683/4645] Building CXX object lib/DebugInfo/PDB/CMakeFiles/LLVMDebugInfoPDB.dir/PDBSymbolTypeVTableShape.cpp.o
[684/4645] Building CXX object lib/DebugInfo/PDB/CMakeFiles/LLVMDebugInfoPDB.dir/PDBSymbolUsingNamespace.cpp.o
[685/4645] Building CXX object lib/DebugInfo/PDB/CMakeFiles/LLVMDebugInfoPDB.dir/PDBSymbolUnknown.cpp.o
[686/4645] Building CXX object lib/DebugInfo/PDB/CMakeFiles/LLVMDebugInfoPDB.dir/PDBSymDumper.cpp.o
[687/4645] Building CXX object lib/DebugInfo/PDB/CMakeFiles/LLVMDebugInfoPDB.dir/Native/DbiModuleDescriptor.cpp.o
[688/4645] Building CXX object lib/DebugInfo/PDB/CMakeFiles/LLVMDebugInfoPDB.dir/Native/DbiModuleDescriptorBuilder.cpp.o
[689/4645] Building CXX object lib/DebugInfo/PDB/CMakeFiles/LLVMDebugInfoPDB.dir/Native/DbiModuleList.cpp.o
[690/4645] Building CXX object lib/DebugInfo/PDB/CMakeFiles/LLVMDebugInfoPDB.dir/Native/Hash.cpp.o
[691/4645] Building CXX object lib/DebugInfo/PDB/CMakeFiles/LLVMDebugInfoPDB.dir/Native/EnumTables.cpp.o
[692/4645] Building CXX object lib/DebugInfo/PDB/CMakeFiles/LLVMDebugInfoPDB.dir/UDTLayout.cpp.o
[693/4645] Building CXX object lib/DebugInfo/PDB/CMakeFiles/LLVMDebugInfoPDB.dir/Native/GlobalsStream.cpp.o
[694/4645] Building CXX object lib/DebugInfo/PDB/CMakeFiles/LLVMDebugInfoPDB.dir/Native/FormatUtil.cpp.o
[695/4645] Building CXX object lib/DebugInfo/PDB/CMakeFiles/LLVMDebugInfoPDB.dir/Native/DbiStream.cpp.o
[696/4645] Building CXX object lib/DebugInfo/PDB/CMakeFiles/LLVMDebugInfoPDB.dir/Native/HashTable.cpp.o
[697/4645] Building CXX object lib/DebugInfo/PDB/CMakeFiles/LLVMDebugInfoPDB.dir/Native/DbiStreamBuilder.cpp.o
[698/4645] Building CXX object lib/DebugInfo/PDB/CMakeFiles/LLVMDebugInfoPDB.dir/Native/InfoStream.cpp.o
[699/4645] Building CXX object lib/DebugInfo/PDB/CMakeFiles/LLVMDebugInfoPDB.dir/Native/InfoStreamBuilder.cpp.o
[700/4645] Building CXX object lib/DebugInfo/PDB/CMakeFiles/LLVMDebugInfoPDB.dir/Native/InjectedSourceStream.cpp.o
[701/4645] Building CXX object lib/DebugInfo/PDB/CMakeFiles/LLVMDebugInfoPDB.dir/Native/NativeCompilandSymbol.cpp.o
[702/4645] Building CXX object lib/DebugInfo/PDB/CMakeFiles/LLVMDebugInfoPDB.dir/Native/ModuleDebugStream.cpp.o
[703/4645] Building CXX object lib/DebugInfo/PDB/CMakeFiles/LLVMDebugInfoPDB.dir/Native/NativeEnumLineNumbers.cpp.o
[704/4645] Building CXX object lib/DebugInfo/PDB/CMakeFiles/LLVMDebugInfoPDB.dir/Native/NativeEnumGlobals.cpp.o
[705/4645] Building CXX object lib/DebugInfo/PDB/CMakeFiles/LLVMDebugInfoPDB.dir/Native/NativeEnumInjectedSources.cpp.o
[706/4645] Building CXX object lib/DebugInfo/PDB/CMakeFiles/LLVMDebugInfoPDB.dir/Native/NativeEnumModules.cpp.o
[707/4645] Building CXX object lib/DebugInfo/PDB/CMakeFiles/LLVMDebugInfoPDB.dir/Native/NativeEnumTypes.cpp.o
[708/4645] Building CXX object lib/DebugInfo/PDB/CMakeFiles/LLVMDebugInfoPDB.dir/Native/InputFile.cpp.o
[709/4645] Building CXX object lib/DebugInfo/PDB/CMakeFiles/LLVMDebugInfoPDB.dir/Native/NativeEnumSymbols.cpp.o
[710/4645] Building CXX object lib/DebugInfo/PDB/CMakeFiles/LLVMDebugInfoPDB.dir/Native/LinePrinter.cpp.o
[711/4645] Building CXX object lib/DebugInfo/PDB/CMakeFiles/LLVMDebugInfoPDB.dir/Native/NativeTypeBuiltin.cpp.o
[712/4645] Building CXX object lib/DebugInfo/PDB/CMakeFiles/LLVMDebugInfoPDB.dir/Native/NativeLineNumber.cpp.o
[713/4645] Building CXX object lib/DebugInfo/PDB/CMakeFiles/LLVMDebugInfoPDB.dir/Native/NativePublicSymbol.cpp.o
[714/4645] Building CXX object lib/DebugInfo/PDB/CMakeFiles/LLVMDebugInfoPDB.dir/Native/NativeTypeArray.cpp.o
[715/4645] Building CXX object lib/DebugInfo/PDB/CMakeFiles/LLVMDebugInfoPDB.dir/Native/NativeRawSymbol.cpp.o
[716/4645] Building CXX object lib/DebugInfo/PDB/CMakeFiles/LLVMDebugInfoPDB.dir/Native/NativeSymbolEnumerator.cpp.o
[717/4645] Building CXX object lib/DebugInfo/PDB/CMakeFiles/LLVMDebugInfoPDB.dir/Native/NativeExeSymbol.cpp.o
[718/4645] Building CXX object lib/DebugInfo/PDB/CMakeFiles/LLVMDebugInfoPDB.dir/Native/NativeSourceFile.cpp.o
[719/4645] Building CXX object lib/DebugInfo/PDB/CMakeFiles/LLVMDebugInfoPDB.dir/Native/NativeFunctionSymbol.cpp.o
[720/4645] Building CXX object lib/DebugInfo/PDB/CMakeFiles/LLVMDebugInfoPDB.dir/Native/NativeInlineSiteSymbol.cpp.o
[721/4645] Building CXX object lib/DebugInfo/PDB/CMakeFiles/LLVMDebugInfoPDB.dir/Native/NativeTypePointer.cpp.o
[722/4645] Building CXX object lib/DebugInfo/PDB/CMakeFiles/LLVMDebugInfoPDB.dir/Native/NativeTypeTypedef.cpp.o
[723/4645] Building CXX object lib/DebugInfo/PDB/CMakeFiles/LLVMDebugInfoPDB.dir/Native/NativeTypeVTShape.cpp.o
[724/4645] Building CXX object lib/DebugInfo/PDB/CMakeFiles/LLVMDebugInfoPDB.dir/Native/NativeTypeUDT.cpp.o
[725/4645] Building CXX object lib/DebugInfo/PDB/CMakeFiles/LLVMDebugInfoPDB.dir/Native/NativeTypeFunctionSig.cpp.o
[726/4645] Building CXX object lib/DebugInfo/PDB/CMakeFiles/LLVMDebugInfoPDB.dir/Native/NativeTypeEnum.cpp.o
[727/4645] Building CXX object lib/DebugInfo/PDB/CMakeFiles/LLVMDebugInfoPDB.dir/Native/NamedStreamMap.cpp.o
[728/4645] Building CXX object lib/DebugInfo/PDB/CMakeFiles/LLVMDebugInfoPDB.dir/Native/RawError.cpp.o
[729/4645] Building CXX object lib/DebugInfo/PDB/CMakeFiles/LLVMDebugInfoPDB.dir/Native/PDBStringTable.cpp.o
[730/4645] Building CXX object lib/DebugInfo/PDB/CMakeFiles/LLVMDebugInfoPDB.dir/Native/PDBStringTableBuilder.cpp.o
[731/4645] Building CXX object lib/DebugInfo/PDB/CMakeFiles/LLVMDebugInfoPDB.dir/Native/PDBFile.cpp.o
[732/4645] Building CXX object lib/DebugInfo/PDB/CMakeFiles/LLVMDebugInfoPDB.dir/Native/SymbolStream.cpp.o
[733/4645] Building CXX object lib/DebugInfo/PDB/CMakeFiles/LLVMDebugInfoPDB.dir/Native/PDBFileBuilder.cpp.o
[734/4645] Building CXX object lib/DebugInfo/PDB/CMakeFiles/LLVMDebugInfoPDB.dir/Native/PublicsStream.cpp.o
[735/4645] Linking CXX static library lib/libLLVMDebugInfoGSYM.a
[736/4645] Building CXX object lib/DebugInfo/PDB/CMakeFiles/LLVMDebugInfoPDB.dir/Native/NativeSession.cpp.o
[737/4645] Building CXX object lib/DebugInfo/PDB/CMakeFiles/LLVMDebugInfoPDB.dir/Native/TpiHashing.cpp.o
[738/4645] Building CXX object lib/DebugInfo/PDB/CMakeFiles/LLVMDebugInfoPDB.dir/Native/TpiStreamBuilder.cpp.o
[739/4645] Building CXX object lib/DebugInfo/BTF/CMakeFiles/LLVMDebugInfoBTF.dir/BTFContext.cpp.o
[740/4645] Building GenVT.inc...
[741/4645] Building CXX object lib/DebugInfo/Symbolize/CMakeFiles/LLVMSymbolize.dir/Markup.cpp.o
[742/4645] Building CXX object lib/DebugInfo/PDB/CMakeFiles/LLVMDebugInfoPDB.dir/Native/TpiStream.cpp.o
[743/4645] Building CXX object lib/DebugInfo/PDB/CMakeFiles/LLVMDebugInfoPDB.dir/Native/GSIStreamBuilder.cpp.o
[744/4645] Building CXX object lib/DebugInfo/Symbolize/CMakeFiles/LLVMSymbolize.dir/DIPrinter.cpp.o
[745/4645] Building CXX object lib/DebugInfo/BTF/CMakeFiles/LLVMDebugInfoBTF.dir/BTFParser.cpp.o
[746/4645] Linking CXX static library lib/libLLVMDebugInfoBTF.a
[747/4645] Building CXX object lib/DebugInfo/Symbolize/CMakeFiles/LLVMSymbolize.dir/MarkupFilter.cpp.o
[748/4645] Building CXX object lib/Frontend/HLSL/CMakeFiles/LLVMFrontendHLSL.dir/CBuffer.cpp.o
[749/4645] Building CXX object lib/Frontend/HLSL/CMakeFiles/LLVMFrontendHLSL.dir/HLSLResource.cpp.o
[750/4645] Building CXX object lib/DebugInfo/Symbolize/CMakeFiles/LLVMSymbolize.dir/SymbolizableObjectFile.cpp.o
[751/4645] Building CXX object lib/Frontend/HLSL/CMakeFiles/LLVMFrontendHLSL.dir/HLSLBinding.cpp.o
[752/4645] Building CXX object lib/DebugInfo/PDB/CMakeFiles/LLVMDebugInfoPDB.dir/Native/SymbolCache.cpp.o
[753/4645] Linking CXX static library lib/libLLVMDebugInfoPDB.a
[754/4645] Building CXX object lib/Frontend/HLSL/CMakeFiles/LLVMFrontendHLSL.dir/RootSignatureValidations.cpp.o
[755/4645] Building CXX object lib/Frontend/HLSL/CMakeFiles/LLVMFrontendHLSL.dir/HLSLRootSignature.cpp.o
[756/4645] Building CXX object lib/Frontend/HLSL/CMakeFiles/LLVMFrontendHLSL.dir/RootSignatureMetadata.cpp.o
[757/4645] Building CXX object lib/DebugInfo/Symbolize/CMakeFiles/LLVMSymbolize.dir/Symbolize.cpp.o
[758/4645] Linking CXX static library lib/libLLVMSymbolize.a
[759/4645] Building CXX object lib/ProfileData/CMakeFiles/LLVMProfileData.dir/ETMTraceDecoder.cpp.o
[760/4645] Building CXX object lib/ProfileData/CMakeFiles/LLVMProfileData.dir/DataAccessProf.cpp.o
[761/4645] Building CXX object lib/ProfileData/CMakeFiles/LLVMProfileData.dir/GCOV.cpp.o
[762/4645] Building CXX object lib/ProfileData/CMakeFiles/LLVMProfileData.dir/MemProfCommon.cpp.o
[763/4645] Building CXX object lib/ProfileData/CMakeFiles/LLVMProfileData.dir/IndexedMemProfData.cpp.o
[764/4645] Building CXX object lib/ProfileData/CMakeFiles/LLVMProfileData.dir/InstrProfCorrelator.cpp.o
[765/4645] Building CXX object lib/ProfileData/CMakeFiles/LLVMProfileData.dir/MemProf.cpp.o
[766/4645] Building CXX object lib/ProfileData/CMakeFiles/LLVMProfileData.dir/MemProfSummary.cpp.o
[767/4645] Building CXX object lib/ProfileData/CMakeFiles/LLVMProfileData.dir/MemProfSummaryBuilder.cpp.o
[768/4645] Building CXX object lib/ProfileData/CMakeFiles/LLVMProfileData.dir/InstrProf.cpp.o
[769/4645] Building CXX object lib/ProfileData/CMakeFiles/LLVMProfileData.dir/InstrProfWriter.cpp.o
[770/4645] Building CXX object lib/ProfileData/CMakeFiles/LLVMProfileData.dir/MemProfRadixTree.cpp.o
[771/4645] Building CXX object lib/ProfileData/CMakeFiles/LLVMProfileData.dir/PGOCtxProfReader.cpp.o
[772/4645] Building CXX object lib/ProfileData/CMakeFiles/LLVMProfileData.dir/PGOCtxProfWriter.cpp.o
[773/4645] Linking CXX static library lib/libLLVMFrontendHLSL.a
[774/4645] Building CXX object lib/CodeGenTypes/CMakeFiles/LLVMCodeGenTypes.dir/LowLevelType.cpp.o
[775/4645] Building CXX object lib/ProfileData/CMakeFiles/LLVMProfileData.dir/SymbolRemappingReader.cpp.o
[776/4645] Building CXX object lib/ProfileData/CMakeFiles/LLVMProfileData.dir/ItaniumManglingCanonicalizer.cpp.o
[777/4645] Building CXX object lib/ProfileData/CMakeFiles/LLVMProfileData.dir/InstrProfReader.cpp.o
[778/4645] Building CXX object lib/ProfileData/CMakeFiles/LLVMProfileData.dir/ProfileSummaryBuilder.cpp.o
[779/4645] Building CXX object lib/Analysis/CMakeFiles/LLVMAnalysis.dir/Analysis.cpp.o
[780/4645] Building CXX object lib/ProfileData/CMakeFiles/LLVMProfileData.dir/MemProfReader.cpp.o
[781/4645] Building CXX object lib/Analysis/CMakeFiles/LLVMAnalysis.dir/AliasAnalysis.cpp.o
[782/4645] Building CXX object lib/Analysis/CMakeFiles/LLVMAnalysis.dir/AliasAnalysisEvaluator.cpp.o
[783/4645] Building CXX object lib/Analysis/CMakeFiles/LLVMAnalysis.dir/AliasSetTracker.cpp.o
[784/4645] Building CXX object lib/ProfileData/CMakeFiles/LLVMProfileData.dir/SampleProf.cpp.o
[785/4645] Building CXX object lib/Analysis/CMakeFiles/LLVMAnalysis.dir/AssumeBundleQueries.cpp.o
[786/4645] Building CXX object lib/ProfileData/CMakeFiles/LLVMProfileData.dir/SampleProfWriter.cpp.o
[787/4645] Building CXX object lib/Analysis/CMakeFiles/LLVMAnalysis.dir/AssumptionCache.cpp.o
[788/4645] Building CXX object lib/ProfileData/CMakeFiles/LLVMProfileData.dir/SampleProfReader.cpp.o
[789/4645] Building CXX object lib/Analysis/CMakeFiles/LLVMAnalysis.dir/CFGSCCPrinter.cpp.o
[790/4645] Building CXX object lib/Analysis/CMakeFiles/LLVMAnalysis.dir/CFG.cpp.o
[791/4645] Building CXX object lib/Analysis/CMakeFiles/LLVMAnalysis.dir/BlockFrequencyInfoImpl.cpp.o
[792/4645] Building CXX object lib/Analysis/CMakeFiles/LLVMAnalysis.dir/CFGPrinter.cpp.o
[793/4645] Building CXX object lib/Analysis/CMakeFiles/LLVMAnalysis.dir/BasicAliasAnalysis.cpp.o
[794/4645] Building CXX object lib/Analysis/CMakeFiles/LLVMAnalysis.dir/BlockFrequencyInfo.cpp.o
[795/4645] Building CXX object lib/Analysis/CMakeFiles/LLVMAnalysis.dir/BranchProbabilityInfo.cpp.o
[796/4645] Building CXX object lib/Analysis/CMakeFiles/LLVMAnalysis.dir/CallGraph.cpp.o
[797/4645] Building CXX object lib/Analysis/CMakeFiles/LLVMAnalysis.dir/CaptureTracking.cpp.o
[798/4645] Building CXX object lib/Analysis/CMakeFiles/LLVMAnalysis.dir/CallGraphSCCPass.cpp.o
[799/4645] Building CXX object lib/Analysis/CMakeFiles/LLVMAnalysis.dir/CallPrinter.cpp.o
[800/4645] Building CXX object lib/Analysis/CMakeFiles/LLVMAnalysis.dir/CmpInstAnalysis.cpp.o
[801/4645] Building CXX object lib/Analysis/CMakeFiles/LLVMAnalysis.dir/CostModel.cpp.o
[802/4645] Building CXX object lib/Analysis/CMakeFiles/LLVMAnalysis.dir/CodeMetrics.cpp.o
[803/4645] Building CXX object lib/Analysis/CMakeFiles/LLVMAnalysis.dir/CycleAnalysis.cpp.o
[804/4645] Building CXX object lib/Analysis/CMakeFiles/LLVMAnalysis.dir/CGSCCPassManager.cpp.o
[805/4645] Building CXX object lib/Analysis/CMakeFiles/LLVMAnalysis.dir/ConstraintSystem.cpp.o
[806/4645] Building CXX object lib/Analysis/CMakeFiles/LLVMAnalysis.dir/DDGPrinter.cpp.o
[807/4645] Building CXX object lib/Analysis/CMakeFiles/LLVMAnalysis.dir/DemandedBits.cpp.o
[808/4645] Building CXX object lib/Analysis/CMakeFiles/LLVMAnalysis.dir/CtxProfAnalysis.cpp.o
[809/4645] Building CXX object lib/Analysis/CMakeFiles/LLVMAnalysis.dir/DevelopmentModeInlineAdvisor.cpp.o
[810/4645] Building CXX object lib/Analysis/CMakeFiles/LLVMAnalysis.dir/DDG.cpp.o
[811/4645] Building CXX object lib/Analysis/CMakeFiles/LLVMAnalysis.dir/Delinearization.cpp.o
[812/4645] Building CXX object lib/Analysis/CMakeFiles/LLVMAnalysis.dir/DomConditionCache.cpp.o
[813/4645] Building CXX object lib/Analysis/CMakeFiles/LLVMAnalysis.dir/DependenceAnalysis.cpp.o
[814/4645] Building CXX object lib/Analysis/CMakeFiles/LLVMAnalysis.dir/ConstantFolding.cpp.o
[815/4645] Building CXX object lib/Analysis/CMakeFiles/LLVMAnalysis.dir/DependenceGraphBuilder.cpp.o
[816/4645] Building CXX object lib/Analysis/CMakeFiles/LLVMAnalysis.dir/EphemeralValuesCache.cpp.o
[817/4645] Building CXX object lib/Analysis/CMakeFiles/LLVMAnalysis.dir/DomPrinter.cpp.o
[818/4645] Building CXX object lib/Analysis/CMakeFiles/LLVMAnalysis.dir/DXILMetadataAnalysis.cpp.o
[819/4645] Building CXX object lib/Analysis/CMakeFiles/LLVMAnalysis.dir/DominanceFrontier.cpp.o
[820/4645] Building CXX object lib/Analysis/CMakeFiles/LLVMAnalysis.dir/FloatingPointPredicateUtils.cpp.o
[821/4645] Building CXX object lib/Analysis/CMakeFiles/LLVMAnalysis.dir/DomTreeUpdater.cpp.o
[822/4645] Building CXX object lib/Analysis/CMakeFiles/LLVMAnalysis.dir/DXILResource.cpp.o
[823/4645] Building CXX object lib/Analysis/CMakeFiles/LLVMAnalysis.dir/GuardUtils.cpp.o
[824/4645] Building CXX object lib/Analysis/CMakeFiles/LLVMAnalysis.dir/HeatUtils.cpp.o
[825/4645] Building CXX object lib/Analysis/CMakeFiles/LLVMAnalysis.dir/HashRecognize.cpp.o
[826/4645] Building CXX object lib/Analysis/CMakeFiles/LLVMAnalysis.dir/FunctionPropertiesAnalysis.cpp.o
[827/4645] Building CXX object lib/Analysis/CMakeFiles/LLVMAnalysis.dir/GlobalsModRef.cpp.o
[828/4645] Building CXX object lib/Analysis/CMakeFiles/LLVMAnalysis.dir/IR2Vec.cpp.o
[829/4645] Building CXX object lib/Analysis/CMakeFiles/LLVMAnalysis.dir/IVUsers.cpp.o
[830/4645] Building CXX object lib/Analysis/CMakeFiles/LLVMAnalysis.dir/IndirectCallPromotionAnalysis.cpp.o
[831/4645] Building CXX object lib/Analysis/CMakeFiles/LLVMAnalysis.dir/ImportedFunctionsInliningStatistics.cpp.o
[832/4645] Building CXX object lib/Analysis/CMakeFiles/LLVMAnalysis.dir/IVDescriptors.cpp.o
[833/4645] Building CXX object lib/Analysis/CMakeFiles/LLVMAnalysis.dir/InstCount.cpp.o
[834/4645] Building CXX object lib/Analysis/CMakeFiles/LLVMAnalysis.dir/InstructionPrecedenceTracking.cpp.o
[835/4645] Building CXX object lib/Analysis/CMakeFiles/LLVMAnalysis.dir/IRSimilarityIdentifier.cpp.o
[836/4645] Building CXX object lib/Analysis/CMakeFiles/LLVMAnalysis.dir/InlineAdvisor.cpp.o
[837/4645] Building CXX object lib/Analysis/CMakeFiles/LLVMAnalysis.dir/LastRunTrackingAnalysis.cpp.o
[838/4645] Building CXX object lib/Analysis/CMakeFiles/LLVMAnalysis.dir/InteractiveModelRunner.cpp.o
[839/4645] Building CXX object lib/Analysis/CMakeFiles/LLVMAnalysis.dir/KernelInfo.cpp.o
[840/4645] Building CXX object lib/Analysis/CMakeFiles/LLVMAnalysis.dir/InlineOrder.cpp.o
[841/4645] Building CXX object lib/Analysis/CMakeFiles/LLVMAnalysis.dir/InlineCost.cpp.o
[842/4645] Building CXX object lib/Analysis/CMakeFiles/LLVMAnalysis.dir/LazyBranchProbabilityInfo.cpp.o
[843/4645] Building CXX object lib/Analysis/CMakeFiles/LLVMAnalysis.dir/LazyBlockFrequencyInfo.cpp.o
[844/4645] Building CXX object lib/Analysis/CMakeFiles/LLVMAnalysis.dir/Local.cpp.o
[845/4645] Building CXX object lib/Analysis/CMakeFiles/LLVMAnalysis.dir/Lint.cpp.o
[846/4645] Building CXX object lib/Analysis/CMakeFiles/LLVMAnalysis.dir/Loads.cpp.o
[847/4645] Building CXX object lib/Analysis/CMakeFiles/LLVMAnalysis.dir/LoopUnrollAnalyzer.cpp.o
[848/4645] Building CXX object lib/Analysis/CMakeFiles/LLVMAnalysis.dir/LoopAnalysisManager.cpp.o
[849/4645] Building CXX object lib/Analysis/CMakeFiles/LLVMAnalysis.dir/LoopNestAnalysis.cpp.o
[850/4645] Building CXX object lib/Analysis/CMakeFiles/LLVMAnalysis.dir/InstructionSimplify.cpp.o
[851/4645] Building CXX object lib/Analysis/CMakeFiles/LLVMAnalysis.dir/LazyValueInfo.cpp.o
[852/4645] Building CXX object lib/Analysis/CMakeFiles/LLVMAnalysis.dir/LoopCacheAnalysis.cpp.o
[853/4645] Building CXX object lib/Analysis/CMakeFiles/LLVMAnalysis.dir/LazyCallGraph.cpp.o
[854/4645] Building CXX object lib/Analysis/CMakeFiles/LLVMAnalysis.dir/LoopPass.cpp.o
[855/4645] Building CXX object lib/Analysis/CMakeFiles/LLVMAnalysis.dir/MemDerefPrinter.cpp.o
[856/4645] Building CXX object lib/Analysis/CMakeFiles/LLVMAnalysis.dir/MemoryLocation.cpp.o
[857/4645] Building CXX object lib/Analysis/CMakeFiles/LLVMAnalysis.dir/LoopAccessAnalysis.cpp.o
[858/4645] Building CXX object lib/Analysis/CMakeFiles/LLVMAnalysis.dir/MemoryProfileInfo.cpp.o
[859/4645] Building CXX object lib/Analysis/CMakeFiles/LLVMAnalysis.dir/LoopInfo.cpp.o
[860/4645] Building CXX object lib/Analysis/CMakeFiles/LLVMAnalysis.dir/ModelUnderTrainingRunner.cpp.o
[861/4645] Building CXX object lib/Analysis/CMakeFiles/LLVMAnalysis.dir/MemoryBuiltins.cpp.o
[862/4645] Building CXX object lib/Analysis/CMakeFiles/LLVMAnalysis.dir/MLInlineAdvisor.cpp.o
[863/4645] Building CXX object lib/Analysis/CMakeFiles/LLVMAnalysis.dir/ModuleDebugInfoPrinter.cpp.o
[864/4645] Building CXX object lib/Analysis/CMakeFiles/LLVMAnalysis.dir/MemoryDependenceAnalysis.cpp.o
[865/4645] Building CXX object lib/Analysis/CMakeFiles/LLVMAnalysis.dir/NoInferenceModelRunner.cpp.o
[866/4645] Building CXX object lib/Analysis/CMakeFiles/LLVMAnalysis.dir/ObjCARCAliasAnalysis.cpp.o
[867/4645] Building CXX object lib/Analysis/CMakeFiles/LLVMAnalysis.dir/ObjCARCAnalysisUtils.cpp.o
[868/4645] Building CXX object lib/Analysis/CMakeFiles/LLVMAnalysis.dir/MemorySSA.cpp.o
[869/4645] Building CXX object lib/Analysis/CMakeFiles/LLVMAnalysis.dir/ObjCARCInstKind.cpp.o
[870/4645] Building CXX object lib/Analysis/CMakeFiles/LLVMAnalysis.dir/OverflowInstAnalysis.cpp.o
[871/4645] Building CXX object lib/Analysis/CMakeFiles/LLVMAnalysis.dir/MustExecute.cpp.o
[872/4645] Building CXX object lib/Analysis/CMakeFiles/LLVMAnalysis.dir/OptimizationRemarkEmitter.cpp.o
[873/4645] Building CXX object lib/Analysis/CMakeFiles/LLVMAnalysis.dir/MemorySSAUpdater.cpp.o
[874/4645] Building CXX object lib/Analysis/CMakeFiles/LLVMAnalysis.dir/PHITransAddr.cpp.o
[875/4645] Building CXX object lib/Analysis/CMakeFiles/LLVMAnalysis.dir/PostDominators.cpp.o
[876/4645] Building CXX object lib/Analysis/CMakeFiles/LLVMAnalysis.dir/PtrUseVisitor.cpp.o
[877/4645] Building CXX object lib/Analysis/CMakeFiles/LLVMAnalysis.dir/PhiValues.cpp.o
[878/4645] Building CXX object lib/Analysis/CMakeFiles/LLVMAnalysis.dir/RegionPass.cpp.o
[879/4645] Building CXX object lib/Analysis/CMakeFiles/LLVMAnalysis.dir/ProfileSummaryInfo.cpp.o
[880/4645] Building CXX object lib/Analysis/CMakeFiles/LLVMAnalysis.dir/RuntimeLibcallInfo.cpp.o
[881/4645] Building CXX object lib/Analysis/CMakeFiles/LLVMAnalysis.dir/ModuleSummaryAnalysis.cpp.o
[882/4645] Building CXX object lib/Analysis/CMakeFiles/LLVMAnalysis.dir/RegionPrinter.cpp.o
[883/4645] Building CXX object lib/Analysis/CMakeFiles/LLVMAnalysis.dir/ReplayInlineAdvisor.cpp.o
[884/4645] Building CXX object lib/Analysis/CMakeFiles/LLVMAnalysis.dir/ScalarEvolutionAliasAnalysis.cpp.o
[885/4645] Building CXX object lib/Analysis/CMakeFiles/LLVMAnalysis.dir/RegionInfo.cpp.o
[886/4645] Building CXX object lib/Analysis/CMakeFiles/LLVMAnalysis.dir/ScalarEvolutionDivision.cpp.o
[887/4645] Building CXX object lib/Analysis/CMakeFiles/LLVMAnalysis.dir/ScalarEvolutionNormalization.cpp.o
[888/4645] Building CXX object lib/Analysis/CMakeFiles/LLVMAnalysis.dir/StructuralHash.cpp.o
[889/4645] Building CXX object lib/Analysis/CMakeFiles/LLVMAnalysis.dir/StaticDataProfileInfo.cpp.o
[890/4645] Building CXX object lib/Analysis/CMakeFiles/LLVMAnalysis.dir/TFLiteUtils.cpp.o
[891/4645] Building CXX object lib/Analysis/CMakeFiles/LLVMAnalysis.dir/StackLifetime.cpp.o
[892/4645] Building CXX object lib/Analysis/CMakeFiles/LLVMAnalysis.dir/SyntheticCountsUtils.cpp.o
[893/4645] Building CXX object lib/Analysis/CMakeFiles/LLVMAnalysis.dir/Trace.cpp.o
[894/4645] Building CXX object lib/Analysis/CMakeFiles/LLVMAnalysis.dir/TensorSpec.cpp.o
[895/4645] Building CXX object lib/Analysis/CMakeFiles/LLVMAnalysis.dir/TrainingLogger.cpp.o
[896/4645] Building CXX object lib/Analysis/CMakeFiles/LLVMAnalysis.dir/TypeBasedAliasAnalysis.cpp.o
[897/4645] Building CXX object lib/Analysis/CMakeFiles/LLVMAnalysis.dir/TypeMetadataUtils.cpp.o
[898/4645] Building CXX object lib/Analysis/CMakeFiles/LLVMAnalysis.dir/StackSafetyAnalysis.cpp.o
[899/4645] Linking CXX static library lib/libLLVMProfileData.a
[900/4645] Building CXX object lib/Analysis/CMakeFiles/LLVMAnalysis.dir/TargetTransformInfo.cpp.o
[901/4645] Building CXX object lib/Analysis/CMakeFiles/LLVMAnalysis.dir/ScopedNoAliasAA.cpp.o
[902/4645] Building CXX object lib/Analysis/CMakeFiles/LLVMAnalysis.dir/ValueLattice.cpp.o
[903/4645] Building CXX object lib/Analysis/CMakeFiles/LLVMAnalysis.dir/ValueLatticeUtils.cpp.o
[904/4645] Building CXX object lib/Analysis/CMakeFiles/LLVMAnalysis.dir/UniformityAnalysis.cpp.o
[905/4645] Building CXX object utils/TableGen/CMakeFiles/llvm-tblgen.dir/CodeEmitterGen.cpp.o
[906/4645] Building CXX object utils/TableGen/CMakeFiles/llvm-tblgen.dir/CodeGenMapTable.cpp.o
[907/4645] Building CXX object utils/TableGen/CMakeFiles/llvm-tblgen.dir/CallingConvEmitter.cpp.o
[908/4645] Building CXX object lib/Analysis/CMakeFiles/LLVMAnalysis.dir/VectorUtils.cpp.o
[909/4645] Building CXX object utils/TableGen/CMakeFiles/llvm-tblgen.dir/CTagsEmitter.cpp.o
[910/4645] Building CXX object utils/TableGen/CMakeFiles/llvm-tblgen.dir/CompressInstEmitter.cpp.o
[911/4645] Building CXX object lib/Analysis/CMakeFiles/LLVMAnalysis.dir/TargetLibraryInfo.cpp.o
[912/4645] Building CXX object utils/TableGen/CMakeFiles/llvm-tblgen.dir/DAGISelEmitter.cpp.o
[913/4645] Building CXX object utils/TableGen/CMakeFiles/llvm-tblgen.dir/AsmWriterEmitter.cpp.o
[914/4645] Building CXX object utils/TableGen/CMakeFiles/llvm-tblgen.dir/DAGISelMatcher.cpp.o
[915/4645] Building CXX object utils/TableGen/CMakeFiles/llvm-tblgen.dir/DecoderTableEmitter.cpp.o
[916/4645] Building CXX object utils/TableGen/CMakeFiles/llvm-tblgen.dir/DecoderTree.cpp.o
[917/4645] Building CXX object utils/TableGen/CMakeFiles/llvm-tblgen.dir/DAGISelMatcherGen.cpp.o
[918/4645] Building CXX object utils/TableGen/CMakeFiles/llvm-tblgen.dir/DAGISelMatcherOpt.cpp.o
[919/4645] Building CXX object utils/TableGen/CMakeFiles/llvm-tblgen.dir/DisassemblerEmitter.cpp.o
[920/4645] Building CXX object lib/Analysis/CMakeFiles/LLVMAnalysis.dir/ValueTracking.cpp.o
[921/4645] Building CXX object utils/TableGen/CMakeFiles/llvm-tblgen.dir/AsmMatcherEmitter.cpp.o
[922/4645] Building CXX object utils/TableGen/CMakeFiles/llvm-tblgen.dir/DFAEmitter.cpp.o
[923/4645] Building CXX object utils/TableGen/CMakeFiles/llvm-tblgen.dir/DecoderEmitter.cpp.o
[924/4645] Building CXX object utils/TableGen/CMakeFiles/llvm-tblgen.dir/DAGISelMatcherEmitter.cpp.o
[925/4645] Building CXX object utils/TableGen/CMakeFiles/llvm-tblgen.dir/DFAPacketizerEmitter.cpp.o
[926/4645] Building CXX object utils/TableGen/CMakeFiles/llvm-tblgen.dir/ExegesisEmitter.cpp.o
[927/4645] Building CXX object lib/Analysis/CMakeFiles/LLVMAnalysis.dir/ScalarEvolution.cpp.o
[928/4645] Building CXX object utils/TableGen/CMakeFiles/llvm-tblgen.dir/llvm-tblgen.cpp.o
[929/4645] Building CXX object utils/TableGen/CMakeFiles/llvm-tblgen.dir/DXILEmitter.cpp.o
[930/4645] Building CXX object utils/TableGen/CMakeFiles/llvm-tblgen.dir/MacroFusionPredicatorEmitter.cpp.o
[931/4645] Building CXX object utils/TableGen/CMakeFiles/llvm-tblgen.dir/InstrDocsEmitter.cpp.o
[932/4645] Building CXX object utils/TableGen/CMakeFiles/llvm-tblgen.dir/OptionRSTEmitter.cpp.o
[933/4645] Building CXX object utils/TableGen/CMakeFiles/llvm-tblgen.dir/PseudoLoweringEmitter.cpp.o
[934/4645] Building CXX object utils/TableGen/CMakeFiles/llvm-tblgen.dir/OptionParserEmitter.cpp.o
[935/4645] Building CXX object utils/TableGen/CMakeFiles/llvm-tblgen.dir/RegisterBankEmitter.cpp.o
[936/4645] Building CXX object utils/TableGen/CMakeFiles/llvm-tblgen.dir/FastISelEmitter.cpp.o
[937/4645] Building CXX object utils/TableGen/CMakeFiles/llvm-tblgen.dir/WebAssemblyDisassemblerEmitter.cpp.o
[938/4645] Building CXX object utils/TableGen/CMakeFiles/llvm-tblgen.dir/X86DisassemblerTables.cpp.o
[939/4645] Building CXX object utils/TableGen/CMakeFiles/llvm-tblgen.dir/SDNodeInfoEmitter.cpp.o
[940/4645] Building CXX object utils/TableGen/CMakeFiles/llvm-tblgen.dir/X86InstrMappingEmitter.cpp.o
[941/4645] Building CXX object utils/TableGen/CMakeFiles/llvm-tblgen.dir/SearchableTableEmitter.cpp.o
[942/4645] Building CXX object utils/TableGen/CMakeFiles/llvm-tblgen.dir/X86ModRMFilters.cpp.o
[943/4645] Building CXX object utils/TableGen/CMakeFiles/llvm-tblgen.dir/GlobalISelCombinerEmitter.cpp.o
[944/4645] Building CXX object utils/TableGen/CMakeFiles/llvm-tblgen.dir/InstrInfoEmitter.cpp.o
[945/4645] Building CXX object utils/TableGen/CMakeFiles/llvm-tblgen.dir/GlobalISelEmitter.cpp.o
[946/4645] Building CXX object utils/TableGen/CMakeFiles/llvm-tblgen.dir/X86MnemonicTables.cpp.o
[947/4645] Building CXX object utils/TableGen/CMakeFiles/llvm-tblgen.dir/X86FoldTablesEmitter.cpp.o
[948/4645] Building CXX object utils/TableGen/Common/CMakeFiles/obj.LLVMTableGenCommon.dir/GlobalISel/CodeExpander.cpp.o
[949/4645] Building CXX object utils/TableGen/Common/CMakeFiles/obj.LLVMTableGenCommon.dir/GlobalISel/MatchTable/Types.cpp.o
[950/4645] Building CXX object utils/TableGen/Common/CMakeFiles/obj.LLVMTableGenCommon.dir/GlobalISel/MatchTable/MatchTable.cpp.o
[951/4645] Building CXX object utils/TableGen/CMakeFiles/llvm-tblgen.dir/X86RecognizableInstr.cpp.o
[952/4645] Building CXX object utils/TableGen/Common/CMakeFiles/obj.LLVMTableGenCommon.dir/GlobalISel/CombinerUtils.cpp.o
[953/4645] Building CXX object utils/TableGen/Common/CMakeFiles/obj.LLVMTableGenCommon.dir/GlobalISel/CXXPredicates.cpp.o
[954/4645] Building CXX object utils/TableGen/CMakeFiles/llvm-tblgen.dir/SubtargetEmitter.cpp.o
[955/4645] Building CXX object utils/TableGen/Common/CMakeFiles/obj.LLVMTableGenCommon.dir/AsmWriterInst.cpp.o
[956/4645] Building CXX object utils/TableGen/Common/CMakeFiles/obj.LLVMTableGenCommon.dir/GlobalISel/PatternParser.cpp.o
[957/4645] Building CXX object utils/TableGen/Common/CMakeFiles/obj.LLVMTableGenCommon.dir/CodeGenHwModes.cpp.o
[958/4645] Building CXX object utils/TableGen/Common/CMakeFiles/obj.LLVMTableGenCommon.dir/GlobalISel/Patterns.cpp.o
[959/4645] Building CXX object utils/TableGen/Common/CMakeFiles/obj.LLVMTableGenCommon.dir/CodeGenInstAlias.cpp.o
[960/4645] Building CXX object utils/TableGen/CMakeFiles/llvm-tblgen.dir/RegisterInfoEmitter.cpp.o
[961/4645] Building CXX object utils/TableGen/Common/CMakeFiles/obj.LLVMTableGenCommon.dir/GlobalISel/GlobalISelMatchTableExecutorEmitter.cpp.o
[962/4645] Building CXX object utils/TableGen/Common/CMakeFiles/obj.LLVMTableGenCommon.dir/CodeGenInstruction.cpp.o
[963/4645] Building CXX object utils/TableGen/Common/CMakeFiles/obj.LLVMTableGenCommon.dir/OptEmitter.cpp.o
[964/4645] Building CXX object utils/TableGen/Common/CMakeFiles/obj.LLVMTableGenCommon.dir/PredicateExpander.cpp.o
[965/4645] Building CXX object utils/TableGen/Common/CMakeFiles/obj.LLVMTableGenCommon.dir/Types.cpp.o
[966/4645] Building CXX object utils/TableGen/Common/CMakeFiles/obj.LLVMTableGenCommon.dir/InstructionEncoding.cpp.o
[967/4645] Linking CXX static library lib/libLLVMCodeGenTypes.a
[968/4645] Building CXX object utils/TableGen/Common/CMakeFiles/obj.LLVMTableGenCommon.dir/InfoByHwMode.cpp.o
[969/4645] Building CXX object utils/TableGen/Common/CMakeFiles/obj.LLVMTableGenCommon.dir/SubtargetFeatureInfo.cpp.o
[970/4645] Building CXX object utils/TableGen/Common/CMakeFiles/obj.LLVMTableGenCommon.dir/Utils.cpp.o
[971/4645] Building CXX object utils/TableGen/Common/CMakeFiles/obj.LLVMTableGenCommon.dir/GlobalISel/MatchTable/Matchers.cpp.o
[972/4645] Building CXX object utils/TableGen/Common/CMakeFiles/obj.LLVMTableGenCommon.dir/CodeGenTarget.cpp.o
[973/4645] Building CXX object utils/TableGen/Common/CMakeFiles/obj.LLVMTableGenCommon.dir/VarLenCodeEmitterGen.cpp.o
[974/4645] Building CXX object lib/Transforms/Utils/CMakeFiles/LLVMTransformUtils.dir/AMDGPUEmitPrintf.cpp.o
[975/4645] Building CXX object lib/Transforms/Utils/CMakeFiles/LLVMTransformUtils.dir/ASanStackFrameLayout.cpp.o
[976/4645] Building CXX object lib/Transforms/Utils/CMakeFiles/LLVMTransformUtils.dir/AddDiscriminators.cpp.o
[977/4645] Building CXX object utils/TableGen/Common/CMakeFiles/obj.LLVMTableGenCommon.dir/CodeGenSchedule.cpp.o
[978/4645] Building CXX object utils/TableGen/Common/CMakeFiles/obj.LLVMTableGenCommon.dir/CodeGenDAGPatterns.cpp.o
[979/4645] Building CXX object lib/Transforms/Utils/CMakeFiles/LLVMTransformUtils.dir/AssumeBundleBuilder.cpp.o
[980/4645] Building CXX object lib/Transforms/Utils/CMakeFiles/LLVMTransformUtils.dir/BreakCriticalEdges.cpp.o
[981/4645] Building CXX object lib/Transforms/Utils/CMakeFiles/LLVMTransformUtils.dir/CanonicalizeAliases.cpp.o
[982/4645] Building CXX object lib/Transforms/Utils/CMakeFiles/LLVMTransformUtils.dir/BypassSlowDivision.cpp.o
[983/4645] Building CXX object lib/Transforms/Utils/CMakeFiles/LLVMTransformUtils.dir/BuildLibCalls.cpp.o
[984/4645] Building CXX object lib/Transforms/Utils/CMakeFiles/LLVMTransformUtils.dir/CallGraphUpdater.cpp.o
[985/4645] Building CXX object lib/Transforms/Utils/CMakeFiles/LLVMTransformUtils.dir/CallPromotionUtils.cpp.o
[986/4645] Building CXX object lib/Transforms/Utils/CMakeFiles/LLVMTransformUtils.dir/BasicBlockUtils.cpp.o
[987/4645] Building CXX object lib/Transforms/Utils/CMakeFiles/LLVMTransformUtils.dir/CloneModule.cpp.o
[988/4645] Building CXX object lib/Transforms/Utils/CMakeFiles/LLVMTransformUtils.dir/CanonicalizeFreezeInLoops.cpp.o
[989/4645] Building CXX object utils/TableGen/Common/CMakeFiles/obj.LLVMTableGenCommon.dir/CodeGenRegisters.cpp.o
[990/4645] Building CXX object lib/Transforms/Utils/CMakeFiles/LLVMTransformUtils.dir/ControlFlowUtils.cpp.o
[991/4645] Building CXX object lib/Transforms/Utils/CMakeFiles/LLVMTransformUtils.dir/CtorUtils.cpp.o
[992/4645] Building CXX object lib/Transforms/Utils/CMakeFiles/LLVMTransformUtils.dir/CodeMoverUtils.cpp.o
[993/4645] Building CXX object lib/Transforms/Utils/CMakeFiles/LLVMTransformUtils.dir/CountVisits.cpp.o
[994/4645] Building CXX object lib/Transforms/Utils/CMakeFiles/LLVMTransformUtils.dir/CloneFunction.cpp.o
[995/4645] Building CXX object lib/Transforms/Utils/CMakeFiles/LLVMTransformUtils.dir/DXILUpgrade.cpp.o
[996/4645] Building CXX object lib/Transforms/Utils/CMakeFiles/LLVMTransformUtils.dir/DeclareRuntimeLibcalls.cpp.o
[997/4645] Building CXX object lib/Transforms/Utils/CMakeFiles/LLVMTransformUtils.dir/CodeLayout.cpp.o
[998/4645] Building CXX object lib/Transforms/Utils/CMakeFiles/LLVMTransformUtils.dir/EscapeEnumerator.cpp.o
[999/4645] Building CXX object lib/Transforms/Utils/CMakeFiles/LLVMTransformUtils.dir/DemoteRegToStack.cpp.o
[1000/4645] Building CXX object lib/Transforms/Utils/CMakeFiles/LLVMTransformUtils.dir/EntryExitInstrumenter.cpp.o
[1001/4645] Building CXX object lib/Transforms/Utils/CMakeFiles/LLVMTransformUtils.dir/CodeExtractor.cpp.o
[1002/4645] Building CXX object lib/Transforms/Utils/CMakeFiles/LLVMTransformUtils.dir/DebugSSAUpdater.cpp.o
[1003/4645] Building CXX object lib/Transforms/Utils/CMakeFiles/LLVMTransformUtils.dir/GlobalStatus.cpp.o
[1004/4645] Building CXX object lib/Transforms/Utils/CMakeFiles/LLVMTransformUtils.dir/Debugify.cpp.o
[1005/4645] Building CXX object lib/Transforms/Utils/CMakeFiles/LLVMTransformUtils.dir/Evaluator.cpp.o
[1006/4645] Building CXX object lib/Transforms/Utils/CMakeFiles/LLVMTransformUtils.dir/HelloWorld.cpp.o
[1007/4645] Building CXX object lib/Transforms/Utils/CMakeFiles/LLVMTransformUtils.dir/FlattenCFG.cpp.o
[1008/4645] Building CXX object lib/Transforms/Utils/CMakeFiles/LLVMTransformUtils.dir/FunctionImportUtils.cpp.o
[1009/4645] Building CXX object lib/Transforms/Utils/CMakeFiles/LLVMTransformUtils.dir/GuardUtils.cpp.o
[1010/4645] Building CXX object lib/Transforms/Utils/CMakeFiles/LLVMTransformUtils.dir/FunctionComparator.cpp.o
[1011/4645] Building CXX object lib/Transforms/Utils/CMakeFiles/LLVMTransformUtils.dir/FixIrreducible.cpp.o
[1012/4645] Building CXX object lib/Transforms/Utils/CMakeFiles/LLVMTransformUtils.dir/InstructionNamer.cpp.o
[1013/4645] Building CXX object lib/Transforms/Utils/CMakeFiles/LLVMTransformUtils.dir/Instrumentation.cpp.o
[1014/4645] Building CXX object lib/Transforms/Utils/CMakeFiles/LLVMTransformUtils.dir/KCFIHash.cpp.o
[1015/4645] Building CXX object lib/Transforms/Utils/CMakeFiles/LLVMTransformUtils.dir/IntegerDivision.cpp.o
[1016/4645] Building CXX object lib/Transforms/Utils/CMakeFiles/LLVMTransformUtils.dir/InjectTLIMappings.cpp.o
[1017/4645] Building CXX object lib/Transforms/Utils/CMakeFiles/LLVMTransformUtils.dir/LibCallsShrinkWrap.cpp.o
[1018/4645] Building CXX object lib/Transforms/Utils/CMakeFiles/LLVMTransformUtils.dir/LCSSA.cpp.o
[1019/4645] Building CXX object lib/Transforms/Utils/CMakeFiles/LLVMTransformUtils.dir/IRNormalizer.cpp.o
[1020/4645] Building CXX object lib/Transforms/Utils/CMakeFiles/LLVMTransformUtils.dir/LoopConstrainer.cpp.o
[1021/4645] Building CXX object lib/Transforms/Utils/CMakeFiles/LLVMTransformUtils.dir/LoopRotationUtils.cpp.o
[1022/4645] Building CXX object lib/Transforms/Utils/CMakeFiles/LLVMTransformUtils.dir/LoopSimplify.cpp.o
[1023/4645] Building CXX object lib/Transforms/Utils/CMakeFiles/LLVMTransformUtils.dir/LoopPeel.cpp.o
[1024/4645] Building CXX object lib/Transforms/Utils/CMakeFiles/LLVMTransformUtils.dir/InlineFunction.cpp.o
[1025/4645] Building CXX object lib/Transforms/Utils/CMakeFiles/LLVMTransformUtils.dir/LoopUnrollAndJam.cpp.o
[1026/4645] Building CXX object lib/Transforms/Utils/CMakeFiles/LLVMTransformUtils.dir/LowerAtomic.cpp.o
[1027/4645] Building CXX object lib/Transforms/Utils/CMakeFiles/LLVMTransformUtils.dir/LoopUnrollRuntime.cpp.o
[1028/4645] Building CXX object lib/Transforms/Utils/CMakeFiles/LLVMTransformUtils.dir/Local.cpp.o
[1029/4645] Building CXX object lib/Transforms/Utils/CMakeFiles/LLVMTransformUtils.dir/LowerIFunc.cpp.o
[1030/4645] Building CXX object lib/Transforms/Utils/CMakeFiles/LLVMTransformUtils.dir/LoopUnroll.cpp.o
[1031/4645] Building CXX object lib/Transforms/Utils/CMakeFiles/LLVMTransformUtils.dir/LowerGlobalDtors.cpp.o
[1032/4645] Building CXX object lib/Transforms/Utils/CMakeFiles/LLVMTransformUtils.dir/LowerInvoke.cpp.o
[1033/4645] Building CXX object lib/Transforms/Utils/CMakeFiles/LLVMTransformUtils.dir/LoopVersioning.cpp.o
[1034/4645] Building CXX object lib/Transforms/Utils/CMakeFiles/LLVMTransformUtils.dir/LowerVectorIntrinsics.cpp.o
[1035/4645] Building CXX object lib/Transforms/Utils/CMakeFiles/LLVMTransformUtils.dir/MatrixUtils.cpp.o
[1036/4645] Building CXX object lib/Transforms/Utils/CMakeFiles/LLVMTransformUtils.dir/Mem2Reg.cpp.o
[1037/4645] Building CXX object lib/Transforms/Utils/CMakeFiles/LLVMTransformUtils.dir/LoopUtils.cpp.o
[1038/4645] Building CXX object lib/Transforms/Utils/CMakeFiles/LLVMTransformUtils.dir/MemoryOpRemark.cpp.o
[1039/4645] Building CXX object lib/Transforms/Utils/CMakeFiles/LLVMTransformUtils.dir/LowerSwitch.cpp.o
[1040/4645] Building CXX object lib/Transforms/Utils/CMakeFiles/LLVMTransformUtils.dir/LowerMemIntrinsics.cpp.o
[1041/4645] Building CXX object lib/Transforms/Utils/CMakeFiles/LLVMTransformUtils.dir/MemoryTaggingSupport.cpp.o
[1042/4645] Building CXX object lib/Transforms/Utils/CMakeFiles/LLVMTransformUtils.dir/MetaRenamer.cpp.o
[1043/4645] Building CXX object lib/Transforms/Utils/CMakeFiles/LLVMTransformUtils.dir/MisExpect.cpp.o
[1044/4645] Building CXX object lib/Transforms/Utils/CMakeFiles/LLVMTransformUtils.dir/NameAnonGlobals.cpp.o
[1045/4645] Building CXX object lib/Transforms/Utils/CMakeFiles/LLVMTransformUtils.dir/MoveAutoInit.cpp.o
[1046/4645] Building CXX object lib/Transforms/Utils/CMakeFiles/LLVMTransformUtils.dir/ModuleUtils.cpp.o
[1047/4645] Building CXX object lib/Transforms/Utils/CMakeFiles/LLVMTransformUtils.dir/ProfileVerify.cpp.o
[1048/4645] Building CXX object lib/Transforms/Utils/CMakeFiles/LLVMTransformUtils.dir/RelLookupTableConverter.cpp.o
[1049/4645] Building CXX object lib/Transforms/Utils/CMakeFiles/LLVMTransformUtils.dir/StripConvergenceIntrinsics.cpp.o
[1050/4645] Building CXX object lib/Transforms/Utils/CMakeFiles/LLVMTransformUtils.dir/PredicateInfo.cpp.o
[1051/4645] Building CXX object lib/Transforms/Utils/CMakeFiles/LLVMTransformUtils.dir/StripGCRelocates.cpp.o
[1052/4645] Building CXX object lib/Transforms/Utils/CMakeFiles/LLVMTransformUtils.dir/SanitizerStats.cpp.o
[1053/4645] Building CXX object lib/Transforms/Utils/CMakeFiles/LLVMTransformUtils.dir/SSAUpdater.cpp.o
[1054/4645] Building CXX object lib/Transforms/Utils/CMakeFiles/LLVMTransformUtils.dir/PromoteMemoryToRegister.cpp.o
[1055/4645] Building CXX object lib/Transforms/Utils/CMakeFiles/LLVMTransformUtils.dir/SSAUpdaterBulk.cpp.o
[1056/4645] Building CXX object lib/Transforms/Utils/CMakeFiles/LLVMTransformUtils.dir/SampleProfileLoaderBaseUtil.cpp.o
[1057/4645] Building CXX object lib/Transforms/Utils/CMakeFiles/LLVMTransformUtils.dir/SampleProfileInference.cpp.o
[1058/4645] Building CXX object lib/Transforms/Utils/CMakeFiles/LLVMTransformUtils.dir/SCCPSolver.cpp.o
[1059/4645] Building CXX object lib/Transforms/Utils/CMakeFiles/LLVMTransformUtils.dir/ScalarEvolutionExpander.cpp.o
[1060/4645] Building CXX object lib/Transforms/Utils/CMakeFiles/LLVMTransformUtils.dir/SizeOpts.cpp.o
[1061/4645] Building CXX object lib/Transforms/Utils/CMakeFiles/LLVMTransformUtils.dir/StripNonLineTableDebugInfo.cpp.o
[1062/4645] Building CXX object lib/Transforms/Utils/CMakeFiles/LLVMTransformUtils.dir/SimplifyIndVar.cpp.o
[1063/4645] Building CXX object lib/Transforms/Utils/CMakeFiles/LLVMTransformUtils.dir/TriggerCrashPass.cpp.o
[1064/4645] Building CXX object lib/Transforms/Utils/CMakeFiles/LLVMTransformUtils.dir/SplitModule.cpp.o
[1065/4645] Building CXX object lib/Transforms/Utils/CMakeFiles/LLVMTransformUtils.dir/SplitModuleByCategory.cpp.o
[1066/4645] Linking CXX static library lib/libLLVMAnalysis.a
[1067/4645] Building CXX object lib/Transforms/Utils/CMakeFiles/LLVMTransformUtils.dir/UnifyFunctionExitNodes.cpp.o
[1068/4645] Building CXX object lib/Transforms/Utils/CMakeFiles/LLVMTransformUtils.dir/SymbolRewriter.cpp.o
[1069/4645] Building CXX object lib/Transforms/Utils/CMakeFiles/LLVMTransformUtils.dir/Utils.cpp.o
[1070/4645] Building CXX object lib/Transforms/Utils/CMakeFiles/LLVMTransformUtils.dir/UnifyLoopExits.cpp.o
[1071/4645] Building CXX object lib/Transforms/Utils/CMakeFiles/LLVMTransformUtils.dir/SimplifyLibCalls.cpp.o
[1072/4645] Building CXX object tools/clang/utils/TableGen/CMakeFiles/clang-tblgen.dir/ASTTableGen.cpp.o
[1073/4645] Building CXX object lib/Transforms/Utils/CMakeFiles/LLVMTransformUtils.dir/VNCoercion.cpp.o
[1074/4645] Building CXX object tools/clang/utils/TableGen/CMakeFiles/clang-tblgen.dir/CIRLoweringEmitter.cpp.o
[1075/4645] Building CXX object tools/clang/utils/TableGen/CMakeFiles/clang-tblgen.dir/ClangASTNodesEmitter.cpp.o
[1076/4645] Building CXX object tools/clang/utils/TableGen/CMakeFiles/clang-tblgen.dir/ClangASTPropertiesEmitter.cpp.o
[1077/4645] Building CXX object tools/clang/utils/TableGen/CMakeFiles/clang-tblgen.dir/ClangCommentCommandInfoEmitter.cpp.o
[1078/4645] Building CXX object lib/Transforms/Utils/CMakeFiles/LLVMTransformUtils.dir/ValueMapper.cpp.o
[1079/4645] Building CXX object tools/clang/utils/TableGen/CMakeFiles/clang-tblgen.dir/ClangBuiltinTemplatesEmitter.cpp.o
[1080/4645] Building CXX object tools/clang/utils/TableGen/CMakeFiles/clang-tblgen.dir/ClangCommentHTMLNamedCharacterReferenceEmitter.cpp.o
[1081/4645] Building CXX object tools/clang/utils/TableGen/CMakeFiles/clang-tblgen.dir/ClangCommentHTMLTagsEmitter.cpp.o
[1082/4645] Building CXX object tools/clang/utils/TableGen/CMakeFiles/clang-tblgen.dir/ClangDataCollectorsEmitter.cpp.o
[1083/4645] Building CXX object tools/clang/utils/TableGen/CMakeFiles/clang-tblgen.dir/ClangBuiltinsEmitter.cpp.o
[1084/4645] Building CXX object tools/clang/utils/TableGen/CMakeFiles/clang-tblgen.dir/ClangSACheckersEmitter.cpp.o
[1085/4645] Building CXX object tools/clang/utils/TableGen/CMakeFiles/clang-tblgen.dir/ClangTypeNodesEmitter.cpp.o
[1086/4645] Building CXX object tools/clang/utils/TableGen/CMakeFiles/clang-tblgen.dir/ClangOpcodesEmitter.cpp.o
[1087/4645] Building CXX object tools/clang/utils/TableGen/CMakeFiles/clang-tblgen.dir/ClangSyntaxEmitter.cpp.o
[1088/4645] Building CXX object tools/clang/utils/TableGen/CMakeFiles/clang-tblgen.dir/ClangOptionDocEmitter.cpp.o
[1089/4645] Building CXX object tools/clang/utils/TableGen/CMakeFiles/clang-tblgen.dir/ClangOpenCLBuiltinEmitter.cpp.o
[1090/4645] Building CXX object tools/clang/utils/TableGen/CMakeFiles/clang-tblgen.dir/HLSLEmitter.cpp.o
[1091/4645] Linking CXX executable bin/llvm-tblgen
[1092/4645] Building CXX object tools/clang/utils/TableGen/CMakeFiles/clang-tblgen.dir/TableGen.cpp.o
[1093/4645] Building CXX object lib/Transforms/Utils/CMakeFiles/LLVMTransformUtils.dir/SimplifyCFG.cpp.o
[1094/4645] Linking CXX static library lib/libLLVMTransformUtils.a
[1095/4645] Building CXX object tools/clang/utils/TableGen/CMakeFiles/clang-tblgen.dir/ClangDiagnosticsEmitter.cpp.o
[1096/4645] Building CXX object tools/clang/lib/Support/CMakeFiles/obj.clangSupport.dir/RISCVVIntrinsicUtils.cpp.o
[1097/4645] Building CXX object tools/clang/utils/TableGen/CMakeFiles/clang-tblgen.dir/RISCVVEmitter.cpp.o
[1098/4645] Building CXX object tools/clang/utils/TableGen/CMakeFiles/clang-tblgen.dir/MveEmitter.cpp.o
[1099/4645] Building CXX object lib/Transforms/InstCombine/CMakeFiles/LLVMInstCombine.dir/InstCombineAtomicRMW.cpp.o
[1100/4645] Building CXX object lib/Transforms/AggressiveInstCombine/CMakeFiles/LLVMAggressiveInstCombine.dir/TruncInstCombine.cpp.o
[1101/4645] Building CXX object tools/clang/utils/TableGen/CMakeFiles/clang-tblgen.dir/NeonEmitter.cpp.o
[1102/4645] Building CXX object tools/clang/utils/TableGen/CMakeFiles/clang-tblgen.dir/SveEmitter.cpp.o
[1103/4645] Building CXX object tools/clang/utils/TableGen/CMakeFiles/clang-tblgen.dir/ClangAttrEmitter.cpp.o
[1104/4645] Building CXX object lib/Transforms/AggressiveInstCombine/CMakeFiles/LLVMAggressiveInstCombine.dir/AggressiveInstCombine.cpp.o
[1105/4645] Building CXX object lib/Transforms/InstCombine/CMakeFiles/LLVMInstCombine.dir/InstCombineAddSub.cpp.o
[1106/4645] Building CXX object lib/Transforms/InstCombine/CMakeFiles/LLVMInstCombine.dir/InstCombineNegator.cpp.o
[1107/4645] Building CXX object lib/Transforms/InstCombine/CMakeFiles/LLVMInstCombine.dir/InstCombineLoadStoreAlloca.cpp.o
[1108/4645] Building CXX object lib/Transforms/InstCombine/CMakeFiles/LLVMInstCombine.dir/InstCombineMulDivRem.cpp.o
[1109/4645] Building CXX object lib/Transforms/InstCombine/CMakeFiles/LLVMInstCombine.dir/InstCombineCasts.cpp.o
[1110/4645] Building CXX object lib/Transforms/InstCombine/CMakeFiles/LLVMInstCombine.dir/InstCombineAndOrXor.cpp.o
[1111/4645] Building CXX object lib/ObjectYAML/CMakeFiles/LLVMObjectYAML.dir/ArchiveEmitter.cpp.o
[1112/4645] Building CXX object lib/Transforms/InstCombine/CMakeFiles/LLVMInstCombine.dir/InstCombinePHI.cpp.o
[1113/4645] Building CXX object lib/ObjectYAML/CMakeFiles/LLVMObjectYAML.dir/ArchiveYAML.cpp.o
[1114/4645] Building CXX object lib/Transforms/InstCombine/CMakeFiles/LLVMInstCombine.dir/InstCombineCalls.cpp.o
[1115/4645] Building CXX object lib/ObjectYAML/CMakeFiles/LLVMObjectYAML.dir/BBAddrMapYAML.cpp.o
[1116/4645] Building CXX object lib/Transforms/InstCombine/CMakeFiles/LLVMInstCombine.dir/InstructionCombining.cpp.o
[1117/4645] Building CXX object lib/Transforms/InstCombine/CMakeFiles/LLVMInstCombine.dir/InstCombineShifts.cpp.o
[1118/4645] Building CXX object lib/ObjectYAML/CMakeFiles/LLVMObjectYAML.dir/CodeViewYAMLTypeHashing.cpp.o
[1119/4645] Building CXX object lib/Transforms/InstCombine/CMakeFiles/LLVMInstCombine.dir/InstCombineSimplifyDemanded.cpp.o
[1120/4645] Building CXX object lib/Transforms/InstCombine/CMakeFiles/LLVMInstCombine.dir/InstCombineCompares.cpp.o
[1121/4645] Building CXX object lib/Transforms/InstCombine/CMakeFiles/LLVMInstCombine.dir/InstCombineVectorOps.cpp.o
[1122/4645] Building CXX object lib/Transforms/InstCombine/CMakeFiles/LLVMInstCombine.dir/InstCombineSelect.cpp.o
[1123/4645] Building CXX object lib/ObjectYAML/CMakeFiles/LLVMObjectYAML.dir/COFFYAML.cpp.o
[1124/4645] Building CXX object lib/ObjectYAML/CMakeFiles/LLVMObjectYAML.dir/CodeViewYAMLDebugSections.cpp.o
[1125/4645] Building CXX object lib/ObjectYAML/CMakeFiles/LLVMObjectYAML.dir/COFFEmitter.cpp.o
[1126/4645] Building CXX object lib/ObjectYAML/CMakeFiles/LLVMObjectYAML.dir/CodeViewYAMLSymbols.cpp.o
[1127/4645] Building CXX object lib/ObjectYAML/CMakeFiles/LLVMObjectYAML.dir/CodeViewYAMLTypes.cpp.o
[1128/4645] Building CXX object lib/ObjectYAML/CMakeFiles/LLVMObjectYAML.dir/GOFFYAML.cpp.o
[1129/4645] Building CXX object lib/ObjectYAML/CMakeFiles/LLVMObjectYAML.dir/DWARFEmitter.cpp.o
[1130/4645] Building CXX object lib/ObjectYAML/CMakeFiles/LLVMObjectYAML.dir/DXContainerEmitter.cpp.o
[1131/4645] Building CXX object lib/ObjectYAML/CMakeFiles/LLVMObjectYAML.dir/GOFFEmitter.cpp.o
[1132/4645] Building CXX object lib/ObjectYAML/CMakeFiles/LLVMObjectYAML.dir/MinidumpEmitter.cpp.o
[1133/4645] Building CXX object lib/ObjectYAML/CMakeFiles/LLVMObjectYAML.dir/DXContainerYAML.cpp.o
[1134/4645] Building CXX object lib/ObjectYAML/CMakeFiles/LLVMObjectYAML.dir/OffloadEmitter.cpp.o
[1135/4645] Building CXX object lib/ObjectYAML/CMakeFiles/LLVMObjectYAML.dir/OffloadYAML.cpp.o
[1136/4645] Building CXX object lib/ObjectYAML/CMakeFiles/LLVMObjectYAML.dir/DWARFYAML.cpp.o
[1137/4645] Building CXX object lib/ObjectYAML/CMakeFiles/LLVMObjectYAML.dir/MachOYAML.cpp.o
[1138/4645] Building CXX object lib/ObjectYAML/CMakeFiles/LLVMObjectYAML.dir/MachOEmitter.cpp.o
[1139/4645] Building CXX object lib/ObjectYAML/CMakeFiles/LLVMObjectYAML.dir/MinidumpYAML.cpp.o
[1140/4645] Building CXX object lib/ObjectYAML/CMakeFiles/LLVMObjectYAML.dir/ObjectYAML.cpp.o
[1141/4645] Building OMP.h.inc...
[1142/4645] Building OMP.inc...
[1143/4645] Linking CXX executable bin/clang-tblgen
[1144/4645] Building CXX object lib/ObjectYAML/CMakeFiles/LLVMObjectYAML.dir/YAML.cpp.o
[1145/4645] Building CXX object lib/Frontend/Directive/CMakeFiles/LLVMFrontendDirective.dir/Spelling.cpp.o
[1146/4645] Building CXX object lib/ObjectYAML/CMakeFiles/LLVMObjectYAML.dir/XCOFFYAML.cpp.o
[1147/4645] Building CXX object lib/ObjectYAML/CMakeFiles/LLVMObjectYAML.dir/WasmYAML.cpp.o
[1148/4645] Linking CXX static library lib/libLLVMAggressiveInstCombine.a
[1149/4645] Linking CXX static library lib/libLLVMInstCombine.a
[1150/4645] Building CXX object lib/Frontend/Atomic/CMakeFiles/LLVMFrontendAtomic.dir/Atomic.cpp.o
[1151/4645] Building CXX object lib/ObjectYAML/CMakeFiles/LLVMObjectYAML.dir/XCOFFEmitter.cpp.o
[1152/4645] Building CXX object lib/ObjectYAML/CMakeFiles/LLVMObjectYAML.dir/WasmEmitter.cpp.o
[1153/4645] Building CXX object lib/ObjectYAML/CMakeFiles/LLVMObjectYAML.dir/yaml2obj.cpp.o
[1154/4645] Building CXX object lib/Frontend/Offloading/CMakeFiles/LLVMFrontendOffloading.dir/OffloadWrapper.cpp.o
[1155/4645] Building CXX object lib/ObjectYAML/CMakeFiles/LLVMObjectYAML.dir/ELFEmitter.cpp.o
[1156/4645] Building CXX object lib/Frontend/Offloading/CMakeFiles/LLVMFrontendOffloading.dir/PropertySet.cpp.o
[1157/4645] Building CXX object lib/Frontend/Offloading/CMakeFiles/LLVMFrontendOffloading.dir/Utility.cpp.o
[1158/4645] Building CXX object lib/Transforms/Scalar/CMakeFiles/LLVMScalarOpts.dir/BDCE.cpp.o
[1159/4645] Building CXX object lib/Transforms/Scalar/CMakeFiles/LLVMScalarOpts.dir/AlignmentFromAssumptions.cpp.o
[1160/4645] Building CXX object lib/Transforms/Scalar/CMakeFiles/LLVMScalarOpts.dir/AnnotationRemarks.cpp.o
[1161/4645] Building CXX object lib/ObjectYAML/CMakeFiles/LLVMObjectYAML.dir/ELFYAML.cpp.o
[1162/4645] Building CXX object lib/Transforms/Scalar/CMakeFiles/LLVMScalarOpts.dir/ADCE.cpp.o
[1163/4645] Building CXX object lib/Transforms/Scalar/CMakeFiles/LLVMScalarOpts.dir/CallSiteSplitting.cpp.o
[1164/4645] Building CXX object lib/Transforms/Scalar/CMakeFiles/LLVMScalarOpts.dir/DCE.cpp.o
[1165/4645] Building CXX object lib/Transforms/Scalar/CMakeFiles/LLVMScalarOpts.dir/CorrelatedValuePropagation.cpp.o
[1166/4645] Building CXX object lib/Transforms/Scalar/CMakeFiles/LLVMScalarOpts.dir/ConstantHoisting.cpp.o
[1167/4645] Building CXX object lib/Transforms/Scalar/CMakeFiles/LLVMScalarOpts.dir/DivRemPairs.cpp.o
[1168/4645] Building CXX object lib/Transforms/Scalar/CMakeFiles/LLVMScalarOpts.dir/DropUnnecessaryAssumes.cpp.o
[1169/4645] Building CXX object lib/Transforms/Scalar/CMakeFiles/LLVMScalarOpts.dir/FlattenCFGPass.cpp.o
[1170/4645] Building CXX object lib/Transforms/Scalar/CMakeFiles/LLVMScalarOpts.dir/ExpandMemCmp.cpp.o
[1171/4645] Building CXX object lib/Transforms/Scalar/CMakeFiles/LLVMScalarOpts.dir/ConstraintElimination.cpp.o
[1172/4645] Building CXX object lib/Transforms/Scalar/CMakeFiles/LLVMScalarOpts.dir/Float2Int.cpp.o
[1173/4645] Building CXX object lib/Transforms/Scalar/CMakeFiles/LLVMScalarOpts.dir/GuardWidening.cpp.o
[1174/4645] Building CXX object lib/Transforms/Scalar/CMakeFiles/LLVMScalarOpts.dir/EarlyCSE.cpp.o
[1175/4645] Building CXX object lib/Transforms/Scalar/CMakeFiles/LLVMScalarOpts.dir/DeadStoreElimination.cpp.o
[1176/4645] Building CXX object lib/Transforms/Scalar/CMakeFiles/LLVMScalarOpts.dir/DFAJumpThreading.cpp.o
[1177/4645] Building CXX object lib/Transforms/Scalar/CMakeFiles/LLVMScalarOpts.dir/IVUsersPrinter.cpp.o
[1178/4645] Building CXX object lib/Transforms/Scalar/CMakeFiles/LLVMScalarOpts.dir/GVNHoist.cpp.o
[1179/4645] Building CXX object lib/Transforms/Scalar/CMakeFiles/LLVMScalarOpts.dir/InductiveRangeCheckElimination.cpp.o
[1180/4645] Building CXX object lib/Transforms/Scalar/CMakeFiles/LLVMScalarOpts.dir/InferAlignment.cpp.o
[1181/4645] Building CXX object lib/Transforms/Scalar/CMakeFiles/LLVMScalarOpts.dir/InstSimplifyPass.cpp.o
[1182/4645] Building CXX object lib/Transforms/Scalar/CMakeFiles/LLVMScalarOpts.dir/GVNSink.cpp.o
[1183/4645] Building CXX object lib/Transforms/Scalar/CMakeFiles/LLVMScalarOpts.dir/GVN.cpp.o
[1184/4645] Building CXX object lib/Transforms/Scalar/CMakeFiles/LLVMScalarOpts.dir/InferAddressSpaces.cpp.o
[1185/4645] Building CXX object lib/Transforms/Scalar/CMakeFiles/LLVMScalarOpts.dir/IndVarSimplify.cpp.o
[1186/4645] Building CXX object lib/Transforms/Scalar/CMakeFiles/LLVMScalarOpts.dir/LoopAccessAnalysisPrinter.cpp.o
[1187/4645] Building CXX object lib/Transforms/Scalar/CMakeFiles/LLVMScalarOpts.dir/JumpTableToSwitch.cpp.o
[1188/4645] Building CXX object lib/Transforms/Scalar/CMakeFiles/LLVMScalarOpts.dir/LoopBoundSplit.cpp.o
[1189/4645] Building CXX object lib/Transforms/Scalar/CMakeFiles/LLVMScalarOpts.dir/JumpThreading.cpp.o
[1190/4645] Building CXX object lib/Transforms/Scalar/CMakeFiles/LLVMScalarOpts.dir/LoopSink.cpp.o
[1191/4645] Building CXX object lib/Transforms/Scalar/CMakeFiles/LLVMScalarOpts.dir/LoopDeletion.cpp.o
[1192/4645] Building CXX object lib/Transforms/Scalar/CMakeFiles/LLVMScalarOpts.dir/LoopDataPrefetch.cpp.o
[1193/4645] Building CXX object lib/Transforms/Scalar/CMakeFiles/LLVMScalarOpts.dir/LoopInstSimplify.cpp.o
[1194/4645] Building CXX object lib/Transforms/Scalar/CMakeFiles/LLVMScalarOpts.dir/LICM.cpp.o
[1195/4645] Building CXX object lib/Transforms/Scalar/CMakeFiles/LLVMScalarOpts.dir/LoopFuse.cpp.o
[1196/4645] Building CXX object lib/Transforms/Scalar/CMakeFiles/LLVMScalarOpts.dir/LoopDistribute.cpp.o
[1197/4645] Building CXX object lib/Transforms/Scalar/CMakeFiles/LLVMScalarOpts.dir/LoopPassManager.cpp.o
[1198/4645] Building CXX object lib/Transforms/Scalar/CMakeFiles/LLVMScalarOpts.dir/LoopRotation.cpp.o
[1199/4645] Building CXX object lib/Transforms/Scalar/CMakeFiles/LLVMScalarOpts.dir/LoopFlatten.cpp.o
[1200/4645] Building CXX object lib/Transforms/Scalar/CMakeFiles/LLVMScalarOpts.dir/LoopPredication.cpp.o
[1201/4645] Building CXX object lib/Transforms/Scalar/CMakeFiles/LLVMScalarOpts.dir/LoopIdiomRecognize.cpp.o
[1202/4645] Building CXX object lib/Transforms/Scalar/CMakeFiles/LLVMScalarOpts.dir/LoopLoadElimination.cpp.o
[1203/4645] Building CXX object lib/Transforms/Scalar/CMakeFiles/LLVMScalarOpts.dir/LoopTermFold.cpp.o
[1204/4645] Building CXX object lib/Transforms/Scalar/CMakeFiles/LLVMScalarOpts.dir/LoopInterchange.cpp.o
[1205/4645] Building CXX object lib/Transforms/Scalar/CMakeFiles/LLVMScalarOpts.dir/LoopSimplifyCFG.cpp.o
[1206/4645] Building CXX object lib/Transforms/Scalar/CMakeFiles/LLVMScalarOpts.dir/LowerAtomicPass.cpp.o
[1207/4645] Building CXX object lib/Transforms/Scalar/CMakeFiles/LLVMScalarOpts.dir/LoopUnrollAndJamPass.cpp.o
[1208/4645] Building CXX object lib/Transforms/Scalar/CMakeFiles/LLVMScalarOpts.dir/LowerExpectIntrinsic.cpp.o
[1209/4645] Building CXX object lib/Transforms/Scalar/CMakeFiles/LLVMScalarOpts.dir/LowerConstantIntrinsics.cpp.o
[1210/4645] Building CXX object lib/Transforms/Scalar/CMakeFiles/LLVMScalarOpts.dir/LoopVersioningLICM.cpp.o
[1211/4645] Building CXX object lib/Transforms/Scalar/CMakeFiles/LLVMScalarOpts.dir/LowerGuardIntrinsic.cpp.o
[1212/4645] Building CXX object lib/Transforms/Scalar/CMakeFiles/LLVMScalarOpts.dir/LowerWidenableCondition.cpp.o
[1213/4645] Building CXX object lib/Transforms/Scalar/CMakeFiles/LLVMScalarOpts.dir/MakeGuardsExplicit.cpp.o
[1214/4645] Building CXX object lib/Transforms/Scalar/CMakeFiles/LLVMScalarOpts.dir/LoopUnrollPass.cpp.o
[1215/4645] Building CXX object lib/Transforms/Scalar/CMakeFiles/LLVMScalarOpts.dir/MergedLoadStoreMotion.cpp.o
[1216/4645] Building CXX object lib/Transforms/Scalar/CMakeFiles/LLVMScalarOpts.dir/PartiallyInlineLibCalls.cpp.o
[1217/4645] Building CXX object lib/Transforms/Scalar/CMakeFiles/LLVMScalarOpts.dir/MemCpyOptimizer.cpp.o
[1218/4645] Building CXX object lib/Transforms/Scalar/CMakeFiles/LLVMScalarOpts.dir/NaryReassociate.cpp.o
[1219/4645] Building CXX object lib/Transforms/Scalar/CMakeFiles/LLVMScalarOpts.dir/MergeICmps.cpp.o
[1220/4645] Building CXX object lib/Transforms/Scalar/CMakeFiles/LLVMScalarOpts.dir/Reg2Mem.cpp.o
[1221/4645] Building CXX object lib/Transforms/Scalar/CMakeFiles/LLVMScalarOpts.dir/PlaceSafepoints.cpp.o
[1222/4645] Building CXX object lib/Transforms/Scalar/CMakeFiles/LLVMScalarOpts.dir/SCCP.cpp.o
[1223/4645] Building CXX object lib/Transforms/Scalar/CMakeFiles/LLVMScalarOpts.dir/LoopStrengthReduce.cpp.o
/Users/ravn/z80/llvm-z80-pre-pr40/llvm/lib/Transforms/Scalar/LoopStrengthReduce.cpp:1438:21: warning: unused variable 'DL' [-Wunused-variable]
 1438 |   const DataLayout &DL = L->getHeader()->getModule()->getDataLayout();
      |                     ^~
1 warning generated.
[1224/4645] Building CXX object lib/Transforms/Scalar/CMakeFiles/LLVMScalarOpts.dir/Scalar.cpp.o
[1225/4645] Building CXX object lib/Transforms/Scalar/CMakeFiles/LLVMScalarOpts.dir/LowerMatrixIntrinsics.cpp.o
[1226/4645] Building CXX object lib/Transforms/Scalar/CMakeFiles/LLVMScalarOpts.dir/Reassociate.cpp.o
[1227/4645] Building CXX object lib/Transforms/Scalar/CMakeFiles/LLVMScalarOpts.dir/ScalarizeMaskedMemIntrin.cpp.o
[1228/4645] Building CXX object lib/Transforms/Scalar/CMakeFiles/LLVMScalarOpts.dir/Sink.cpp.o
[1229/4645] Building CXX object lib/Transforms/Scalar/CMakeFiles/LLVMScalarOpts.dir/SimplifyCFGPass.cpp.o
[1230/4645] Building CXX object lib/Transforms/Scalar/CMakeFiles/LLVMScalarOpts.dir/Scalarizer.cpp.o
[1231/4645] Building CXX object lib/Transforms/Scalar/CMakeFiles/LLVMScalarOpts.dir/SeparateConstOffsetFromGEP.cpp.o
[1232/4645] Building CXX object lib/Transforms/Scalar/CMakeFiles/LLVMScalarOpts.dir/RewriteStatepointsForGC.cpp.o
[1233/4645] Linking CXX static library lib/libLLVMObjectYAML.a
[1234/4645] Building CXX object lib/Transforms/Scalar/CMakeFiles/LLVMScalarOpts.dir/SpeculativeExecution.cpp.o
[1235/4645] Building Attrs.inc...
[1236/4645] Building AttrImpl.inc...
[1237/4645] Building AttrTextNodeDump.inc...
[1238/4645] Building StmtNodes.inc...
[1239/4645] Building AttrNodeTraverse.inc...
[1240/4645] Building AttrVisitor.inc...
[1241/4645] Building DeclNodes.inc...
[1242/4645] Building TypeNodes.inc...
[1243/4645] Building AbstractBasicReader.inc...
[1244/4645] Building AbstractBasicWriter.inc...
[1245/4645] Building AbstractTypeReader.inc...
[1246/4645] Building AbstractTypeWriter.inc...
[1247/4645] Building CommentNodes.inc...
[1248/4645] Building CommentHTMLTagsProperties.inc...
[1249/4645] Building CommentHTMLTags.inc...
[1250/4645] Building CommentHTMLNamedCharacterReferences.inc...
[1251/4645] Building CommentCommandInfo.inc...
[1252/4645] Building CommentCommandList.inc...
[1253/4645] Building StmtDataCollectors.inc...
[1254/4645] Building DiagnosticAnalysisCompatIDs.inc...
[1255/4645] Building DiagnosticAnalysisEnums.inc...
[1256/4645] Building DiagnosticAnalysisKinds.inc...
[1257/4645] Building DiagnosticAnalysisInterface.inc...
[1258/4645] Building DiagnosticASTKinds.inc...
[1259/4645] Building DiagnosticASTEnums.inc...
[1260/4645] Building DiagnosticASTCompatIDs.inc...
[1261/4645] Building DiagnosticASTInterface.inc...
[1262/4645] Building DiagnosticCommentKinds.inc...
[1263/4645] Building DiagnosticCommentEnums.inc...
[1264/4645] Building DiagnosticCommentCompatIDs.inc...
[1265/4645] Building DiagnosticCommentInterface.inc...
[1266/4645] Building DiagnosticCommonKinds.inc...
[1267/4645] Building DiagnosticCommonEnums.inc...
[1268/4645] Building DiagnosticCommonCompatIDs.inc...
[1269/4645] Building DiagnosticCommonInterface.inc...
[1270/4645] Building DiagnosticCrossTUKinds.inc...
[1271/4645] Building DiagnosticCrossTUEnums.inc...
[1272/4645] Building DiagnosticCrossTUCompatIDs.inc...
[1273/4645] Building DiagnosticCrossTUInterface.inc...
[1274/4645] Building DiagnosticDriverKinds.inc...
[1275/4645] Building DiagnosticDriverCompatIDs.inc...
[1276/4645] Building DiagnosticDriverEnums.inc...
[1277/4645] Building DiagnosticDriverInterface.inc...
[1278/4645] Building DiagnosticFrontendKinds.inc...
[1279/4645] Building DiagnosticFrontendEnums.inc...
[1280/4645] Building DiagnosticFrontendCompatIDs.inc...
[1281/4645] Building DiagnosticFrontendInterface.inc...
[1282/4645] Building DiagnosticInstallAPIEnums.inc...
[1283/4645] Building DiagnosticInstallAPIKinds.inc...
[1284/4645] Building DiagnosticInstallAPICompatIDs.inc...
[1285/4645] Building DiagnosticInstallAPIInterface.inc...
[1286/4645] Building DiagnosticLexKinds.inc...
[1287/4645] Building DiagnosticLexEnums.inc...
[1288/4645] Building DiagnosticLexCompatIDs.inc...
[1289/4645] Building DiagnosticLexInterface.inc...
[1290/4645] Building DiagnosticParseKinds.inc...
[1291/4645] Building DiagnosticParseEnums.inc...
[1292/4645] Building DiagnosticParseCompatIDs.inc...
[1293/4645] Building DiagnosticParseInterface.inc...
[1294/4645] Building DiagnosticRefactoringKinds.inc...
[1295/4645] Building DiagnosticRefactoringEnums.inc...
[1296/4645] Building DiagnosticRefactoringCompatIDs.inc...
[1297/4645] Building DiagnosticRefactoringInterface.inc...
[1298/4645] Building CXX object lib/Transforms/Scalar/CMakeFiles/LLVMScalarOpts.dir/NewGVN.cpp.o
[1299/4645] Building DiagnosticSemaEnums.inc...
[1300/4645] Building DiagnosticSemaKinds.inc...
[1301/4645] Building DiagnosticSemaCompatIDs.inc...
[1302/4645] Building DiagnosticSemaInterface.inc...
[1303/4645] Building DiagnosticSerializationKinds.inc...
[1304/4645] Building DiagnosticSerializationEnums.inc...
[1305/4645] Building DiagnosticSerializationCompatIDs.inc...
[1306/4645] Building DiagnosticSerializationInterface.inc...
[1307/4645] Building DiagnosticTrapKinds.inc...
[1308/4645] Building DiagnosticTrapCompatIDs.inc...
[1309/4645] Building DiagnosticTrapInterface.inc...
[1310/4645] Building DiagnosticTrapEnums.inc...
[1311/4645] Building DiagnosticIndexName.inc...
[1312/4645] Building DiagnosticGroups.inc...
[1313/4645] Building DiagnosticStableIDs.inc...
[1314/4645] Building DiagnosticAllCompatIDs.inc...
[1315/4645] Building AttrList.inc...
[1316/4645] Building AttrSubMatchRulesList.inc...
[1317/4645] Building AttrParsedAttrList.inc...
[1318/4645] Building RegularKeywordAttrInfo.inc...
[1319/4645] Building AttrHasAttributeImpl.inc...
[1320/4645] Building AttributeSpellingList.inc...
[1321/4645] Building CXX11AttributeInfo.inc...
[1322/4645] Building Builtins.inc...
[1323/4645] Building BuiltinsAArch64.inc...
[1324/4645] Building BuiltinsBPF.inc...
[1325/4645] Building BuiltinsAMDGPU.inc...
[1326/4645] Building BuiltinsDirectX.inc...
[1327/4645] Building BuiltinsNVPTX.inc...
[1328/4645] Building BuiltinsHexagon.inc...
[1329/4645] Building BuiltinsRISCV.inc...
[1330/4645] Building BuiltinsSPIRVCommon.inc...
[1331/4645] Building BuiltinsSPIRVVK.inc...
[1332/4645] Building BuiltinsSPIRVCL.inc...
[1333/4645] Building BuiltinsSystemZ.inc...
[1334/4645] Building BuiltinsX86.inc...
[1335/4645] Building BuiltinsZ80.inc...
[1336/4645] Building BuiltinsX86_64.inc...
[1337/4645] Building BuiltinTemplates.inc...
[1338/4645] Building arm_fp16.inc...
[1339/4645] Building arm_immcheck_types.inc...
[1340/4645] Building arm_neon.inc...
[1341/4645] Building arm_mve_builtins.inc...
[1342/4645] Building arm_mve_builtin_sema.inc...
[1343/4645] Building arm_mve_builtin_aliases.inc...
[1344/4645] Building arm_mve_builtin_cg.inc...
[1345/4645] Building arm_sve_typeflags.inc...
[1346/4645] Building arm_sve_builtins.json...
[1347/4645] Building arm_sve_builtins.inc...
[1348/4645] Building arm_sve_streaming_attrs.inc...
[1349/4645] Building arm_sve_builtin_cg.inc...
[1350/4645] Building arm_sme_builtins.json...
[1351/4645] Building arm_sme_builtins.inc...
[1352/4645] Building arm_sme_builtin_cg.inc...
[1353/4645] Building arm_sve_sema_rangechecks.inc...
[1354/4645] Building arm_sme_streaming_attrs.inc...
[1355/4645] Building arm_sme_sema_rangechecks.inc...
[1356/4645] Building arm_sme_builtins_za_state.inc...
[1357/4645] Building arm_cde_builtins.inc...
[1358/4645] Building arm_cde_builtin_cg.inc...
[1359/4645] Building arm_cde_builtin_sema.inc...
[1360/4645] Building arm_cde_builtin_aliases.inc...
[1361/4645] Building riscv_sifive_vector_builtins.inc...
[1362/4645] Building riscv_sifive_vector_builtin_cg.inc...
[1363/4645] Building riscv_vector_builtins.inc...
[1364/4645] Building riscv_vector_builtin_sema.inc...
[1365/4645] Building riscv_sifive_vector_builtin_sema.inc...
[1366/4645] Building riscv_andes_vector_builtins.inc...
[1367/4645] Building riscv_vector_builtin_cg.inc...
[1368/4645] Building riscv_andes_vector_builtin_sema.inc...
[1369/4645] Building riscv_andes_vector_builtin_cg.inc...
[1370/4645] Building AttrParserStringSwitches.inc...
[1371/4645] Building AttrSubMatchRulesParserStringSwitches.inc...
[1372/4645] Building AttrTemplateInstantiate.inc...
[1373/4645] Building AttrIsTypeDependent.inc...
[1374/4645] Building AttrSpellingListIndex.inc...
[1375/4645] Building AttrParsedAttrKinds.inc...
[1376/4645] Building AttrPCHRead.inc...
[1377/4645] Building AttrPCHWrite.inc...
[1378/4645] Building AttrParsedAttrImpl.inc...
[1379/4645] Building Nodes.inc...
[1380/4645] Building Checkers.inc...
[1381/4645] Building NodeClasses.inc...
[1382/4645] Building CXX object lib/Transforms/Scalar/CMakeFiles/LLVMScalarOpts.dir/WarnMissedTransforms.cpp.o
[1383/4645] Linking CXX static library lib/libLLVMFrontendAtomic.a
[1384/4645] Linking CXX static library lib/libLLVMFrontendDirective.a
[1385/4645] Building Options.inc...
[1386/4645] Linking CXX static library lib/libLLVMFrontendOffloading.a
[1387/4645] Generating VCSVersion.inc
[1388/4645] Building CXX object lib/Transforms/Scalar/CMakeFiles/LLVMScalarOpts.dir/StraightLineStrengthReduce.cpp.o
[1389/4645] Building CXX object lib/Transforms/Scalar/CMakeFiles/LLVMScalarOpts.dir/TailRecursionElimination.cpp.o
[1390/4645] Building CXX object tools/clang/lib/Basic/CMakeFiles/obj.clangBasic.dir/ASTSourceDescriptor.cpp.o
[1391/4645] Building CXX object lib/Frontend/OpenMP/CMakeFiles/LLVMFrontendOpenMP.dir/DirectiveNameParser.cpp.o
[1392/4645] Building CXX object lib/Transforms/Scalar/CMakeFiles/LLVMScalarOpts.dir/SROA.cpp.o
[1393/4645] Building CXX object tools/clang/lib/Basic/CMakeFiles/obj.clangBasic.dir/CLWarnings.cpp.o
[1394/4645] Building CXX object tools/clang/lib/Basic/CMakeFiles/obj.clangBasic.dir/CharInfo.cpp.o
[1395/4645] Building CXX object tools/clang/lib/Basic/CMakeFiles/obj.clangBasic.dir/Builtins.cpp.o
[1396/4645] Building CXX object lib/Frontend/OpenMP/CMakeFiles/LLVMFrontendOpenMP.dir/OMPContext.cpp.o
[1397/4645] Building CXX object tools/clang/lib/Basic/CMakeFiles/obj.clangBasic.dir/Cuda.cpp.o
[1398/4645] Building CXX object tools/clang/lib/Basic/CMakeFiles/obj.clangBasic.dir/CodeGenOptions.cpp.o
[1399/4645] Building CXX object lib/Frontend/OpenMP/CMakeFiles/LLVMFrontendOpenMP.dir/OMP.cpp.o
[1400/4645] Building CXX object tools/clang/lib/Basic/CMakeFiles/obj.clangBasic.dir/DiagnosticOptions.cpp.o
[1401/4645] Building CXX object lib/Transforms/Scalar/CMakeFiles/LLVMScalarOpts.dir/StructurizeCFG.cpp.o
[1402/4645] Building CXX object tools/clang/lib/Basic/CMakeFiles/obj.clangBasic.dir/ExpressionTraits.cpp.o
[1403/4645] Building CXX object tools/clang/lib/Basic/CMakeFiles/obj.clangBasic.dir/DarwinSDKInfo.cpp.o
[1404/4645] Building CXX object tools/clang/lib/Basic/CMakeFiles/obj.clangBasic.dir/FileEntry.cpp.o
[1405/4645] Building CXX object lib/Transforms/Scalar/CMakeFiles/LLVMScalarOpts.dir/SimpleLoopUnswitch.cpp.o
[1406/4645] Linking CXX static library lib/libLLVMScalarOpts.a
[1407/4645] Building CXX object tools/clang/lib/Basic/CMakeFiles/obj.clangBasic.dir/LangOptions.cpp.o
[1408/4645] Building CXX object tools/clang/lib/Basic/CMakeFiles/obj.clangBasic.dir/MakeSupport.cpp.o
[1409/4645] Building CXX object tools/clang/lib/Basic/CMakeFiles/obj.clangBasic.dir/FileManager.cpp.o
[1410/4645] Building CXX object tools/clang/lib/Basic/CMakeFiles/obj.clangBasic.dir/LangStandards.cpp.o
[1411/4645] Building CXX object tools/clang/lib/Basic/CMakeFiles/obj.clangBasic.dir/Diagnostic.cpp.o
[1412/4645] Building CXX object tools/clang/lib/Basic/CMakeFiles/obj.clangBasic.dir/DiagnosticIDs.cpp.o
[1413/4645] Building CXX object tools/clang/lib/Basic/CMakeFiles/obj.clangBasic.dir/ObjCRuntime.cpp.o
[1414/4645] Building CXX object tools/clang/lib/Basic/CMakeFiles/obj.clangBasic.dir/OffloadArch.cpp.o
[1415/4645] Building CXX object tools/clang/lib/Basic/CMakeFiles/obj.clangBasic.dir/OperatorPrecedence.cpp.o
[1416/4645] Building CXX object tools/clang/lib/Basic/CMakeFiles/obj.clangBasic.dir/IdentifierTable.cpp.o
[1417/4645] Building CXX object tools/clang/lib/Basic/CMakeFiles/obj.clangBasic.dir/ParsedAttrInfo.cpp.o
[1418/4645] Building CXX object tools/clang/lib/Basic/CMakeFiles/obj.clangBasic.dir/Attributes.cpp.o
[1419/4645] Building CXX object tools/clang/lib/Basic/CMakeFiles/obj.clangBasic.dir/OpenMPKinds.cpp.o
[1420/4645] Building CXX object tools/clang/lib/Basic/CMakeFiles/obj.clangBasic.dir/OpenCLOptions.cpp.o
[1421/4645] Building CXX object tools/clang/lib/Basic/CMakeFiles/obj.clangBasic.dir/Module.cpp.o
[1422/4645] Building CXX object tools/clang/lib/Basic/CMakeFiles/obj.clangBasic.dir/SanitizerSpecialCaseList.cpp.o
[1423/4645] Building CXX object tools/clang/lib/Basic/CMakeFiles/obj.clangBasic.dir/NoSanitizeList.cpp.o
[1424/4645] Building CXX object tools/clang/lib/Basic/CMakeFiles/obj.clangBasic.dir/SimpleTypoCorrection.cpp.o
[1425/4645] Building CXX object tools/clang/lib/Basic/CMakeFiles/obj.clangBasic.dir/ProfileList.cpp.o
[1426/4645] Building CXX object tools/clang/lib/Basic/CMakeFiles/obj.clangBasic.dir/Stack.cpp.o
[1427/4645] Building CXX object tools/clang/lib/Basic/CMakeFiles/obj.clangBasic.dir/Sanitizers.cpp.o
[1428/4645] Building CXX object tools/clang/lib/Basic/CMakeFiles/obj.clangBasic.dir/StackExhaustionHandler.cpp.o
[1429/4645] Building CXX object tools/clang/lib/Basic/CMakeFiles/obj.clangBasic.dir/SourceLocation.cpp.o
[1430/4645] Building CXX object tools/clang/lib/Basic/CMakeFiles/obj.clangBasic.dir/SourceMgrAdapter.cpp.o
[1431/4645] Building CXX object tools/clang/lib/Basic/CMakeFiles/obj.clangBasic.dir/TargetID.cpp.o
[1432/4645] Building CXX object tools/clang/lib/Basic/CMakeFiles/obj.clangBasic.dir/Sarif.cpp.o
[1433/4645] Building CXX object tools/clang/lib/Basic/CMakeFiles/obj.clangBasic.dir/TargetInfo.cpp.o
[1434/4645] Building CXX object tools/clang/lib/Basic/CMakeFiles/obj.clangBasic.dir/Targets/ARC.cpp.o
[1435/4645] Building CXX object tools/clang/lib/Basic/CMakeFiles/obj.clangBasic.dir/Targets/AVR.cpp.o
[1436/4645] Building CXX object tools/clang/lib/Basic/CMakeFiles/obj.clangBasic.dir/Targets/AMDGPU.cpp.o
[1437/4645] Building CXX object tools/clang/lib/Basic/CMakeFiles/obj.clangBasic.dir/Targets/BPF.cpp.o
[1438/4645] Building CXX object tools/clang/lib/Basic/CMakeFiles/obj.clangBasic.dir/Targets/CSKY.cpp.o
[1439/4645] Building CXX object tools/clang/lib/Basic/CMakeFiles/obj.clangBasic.dir/SourceManager.cpp.o
[1440/4645] Building CXX object tools/clang/lib/Basic/CMakeFiles/obj.clangBasic.dir/Targets/DirectX.cpp.o
[1441/4645] Building CXX object tools/clang/lib/Basic/CMakeFiles/obj.clangBasic.dir/Targets/ARM.cpp.o
[1442/4645] Building CXX object tools/clang/lib/Basic/CMakeFiles/obj.clangBasic.dir/Targets/AArch64.cpp.o
[1443/4645] Building CXX object tools/clang/lib/Basic/CMakeFiles/obj.clangBasic.dir/Targets/Lanai.cpp.o
[1444/4645] Building CXX object tools/clang/lib/Basic/CMakeFiles/obj.clangBasic.dir/Targets/Hexagon.cpp.o
[1445/4645] Building CXX object tools/clang/lib/Basic/CMakeFiles/obj.clangBasic.dir/Targets/MSP430.cpp.o
[1446/4645] Building CXX object tools/clang/lib/Basic/CMakeFiles/obj.clangBasic.dir/Targets/M68k.cpp.o
[1447/4645] Building CXX object tools/clang/lib/Basic/CMakeFiles/obj.clangBasic.dir/Targets/NVPTX.cpp.o
[1448/4645] Building CXX object tools/clang/lib/Basic/CMakeFiles/obj.clangBasic.dir/Targets/LoongArch.cpp.o
[1449/4645] Building CXX object tools/clang/lib/Basic/CMakeFiles/obj.clangBasic.dir/Targets/OSTargets.cpp.o
[1450/4645] Building CXX object tools/clang/lib/Basic/CMakeFiles/obj.clangBasic.dir/Targets/Mips.cpp.o
[1451/4645] Building CXX object tools/clang/lib/Basic/CMakeFiles/obj.clangBasic.dir/Targets/Sparc.cpp.o
[1452/4645] Building CXX object tools/clang/lib/Basic/CMakeFiles/obj.clangBasic.dir/Targets.cpp.o
[1453/4645] Building CXX object tools/clang/lib/Basic/CMakeFiles/obj.clangBasic.dir/Targets/SPIR.cpp.o
[1454/4645] Building CXX object tools/clang/lib/Basic/CMakeFiles/obj.clangBasic.dir/Targets/TCE.cpp.o
[1455/4645] Building CXX object tools/clang/lib/Basic/CMakeFiles/obj.clangBasic.dir/Targets/PPC.cpp.o
[1456/4645] Building CXX object tools/clang/lib/Basic/CMakeFiles/obj.clangBasic.dir/Targets/SystemZ.cpp.o
[1457/4645] Building CXX object tools/clang/lib/Basic/CMakeFiles/obj.clangBasic.dir/Targets/RISCV.cpp.o
[1458/4645] Building CXX object tools/clang/lib/Basic/CMakeFiles/obj.clangBasic.dir/Targets/VE.cpp.o
[1459/4645] Building CXX object tools/clang/lib/Basic/CMakeFiles/obj.clangBasic.dir/TokenKinds.cpp.o
[1460/4645] Building CXX object tools/clang/lib/Basic/CMakeFiles/obj.clangBasic.dir/Targets/WebAssembly.cpp.o
[1461/4645] Building CXX object tools/clang/lib/Basic/CMakeFiles/obj.clangBasic.dir/TypeTraits.cpp.o
[1462/4645] Building Opcodes.inc...
[1463/4645] Building AttrDocTable.inc...
[1464/4645] Building CXX object tools/clang/lib/Basic/CMakeFiles/obj.clangBasic.dir/Version.cpp.o
[1465/4645] Building CXX object tools/clang/lib/Basic/CMakeFiles/obj.clangBasic.dir/Targets/Xtensa.cpp.o
[1466/4645] Building CXX object tools/clang/lib/Basic/CMakeFiles/obj.clangBasic.dir/Targets/XCore.cpp.o
[1467/4645] Building CXX object tools/clang/lib/Basic/CMakeFiles/obj.clangBasic.dir/Targets/Z80.cpp.o
[1468/4645] Building CXX object tools/clang/lib/Basic/CMakeFiles/obj.clangBasic.dir/XRayInstr.cpp.o
[1469/4645] Building CXX object lib/Frontend/OpenMP/CMakeFiles/LLVMFrontendOpenMP.dir/OMPIRBuilder.cpp.o
[1470/4645] Linking CXX static library lib/libLLVMFrontendOpenMP.a
[1471/4645] Building CXX object tools/clang/lib/Basic/CMakeFiles/obj.clangBasic.dir/Warnings.cpp.o
[1472/4645] Building CXX object tools/clang/lib/Lex/CMakeFiles/obj.clangLex.dir/HeaderMap.cpp.o
[1473/4645] Building CXX object tools/clang/lib/Basic/CMakeFiles/obj.clangBasic.dir/XRayLists.cpp.o
[1474/4645] Building CXX object tools/clang/lib/Basic/CMakeFiles/obj.clangBasic.dir/Targets/X86.cpp.o
[1475/4645] Linking CXX static library lib/libclangBasic.a
[1476/4645] Building CXX object tools/clang/lib/Lex/CMakeFiles/obj.clangLex.dir/DependencyDirectivesScanner.cpp.o
[1477/4645] Building CXX object tools/clang/lib/Lex/CMakeFiles/obj.clangLex.dir/LexHLSLRootSignature.cpp.o
[1478/4645] Building CXX object tools/clang/lib/Lex/CMakeFiles/obj.clangLex.dir/InitHeaderSearch.cpp.o
[1479/4645] Building CXX object tools/clang/lib/Lex/CMakeFiles/obj.clangLex.dir/MacroArgs.cpp.o
[1480/4645] Building CXX object tools/clang/lib/Lex/CMakeFiles/obj.clangLex.dir/PPCallbacks.cpp.o
[1481/4645] Building CXX object tools/clang/lib/Lex/CMakeFiles/obj.clangLex.dir/MacroInfo.cpp.o
[1482/4645] Building CXX object tools/clang/lib/Lex/CMakeFiles/obj.clangLex.dir/PPCaching.cpp.o
[1483/4645] Building CXX object tools/clang/lib/Lex/CMakeFiles/obj.clangLex.dir/LiteralSupport.cpp.o
[1484/4645] Building CXX object tools/clang/lib/Lex/CMakeFiles/obj.clangLex.dir/Lexer.cpp.o
[1485/4645] Building CXX object tools/clang/lib/Lex/CMakeFiles/obj.clangLex.dir/PPConditionalDirectiveRecord.cpp.o
[1486/4645] Building CXX object tools/clang/lib/Lex/CMakeFiles/obj.clangLex.dir/ModuleMapFile.cpp.o
[1487/4645] Building CXX object tools/clang/lib/Lex/CMakeFiles/obj.clangLex.dir/HeaderSearch.cpp.o
[1488/4645] Building CXX object tools/clang/lib/Lex/CMakeFiles/obj.clangLex.dir/PPExpressions.cpp.o
[1489/4645] Building CXX object tools/clang/lib/Lex/CMakeFiles/obj.clangLex.dir/ScratchBuffer.cpp.o
[1490/4645] Building CXX object tools/clang/lib/Lex/CMakeFiles/obj.clangLex.dir/PreprocessingRecord.cpp.o
[1491/4645] Building CXX object tools/clang/lib/Lex/CMakeFiles/obj.clangLex.dir/PPLexerChange.cpp.o
[1492/4645] Building ACC.h.inc...
[1493/4645] Building ACC.inc...
[1494/4645] Building CXX object tools/clang/lib/Lex/CMakeFiles/obj.clangLex.dir/PreprocessorLexer.cpp.o
[1495/4645] Building CXX object tools/clang/lib/Lex/CMakeFiles/obj.clangLex.dir/ModuleMap.cpp.o
[1496/4645] Building CXX object tools/clang/lib/Lex/CMakeFiles/obj.clangLex.dir/Pragma.cpp.o
[1497/4645] Building CXX object tools/clang/lib/Lex/CMakeFiles/obj.clangLex.dir/PPMacroExpansion.cpp.o
[1498/4645] Building CXX object tools/clang/lib/Lex/CMakeFiles/obj.clangLex.dir/TokenConcatenation.cpp.o
[1499/4645] Building CXX object tools/clang/lib/Lex/CMakeFiles/obj.clangLex.dir/PPDirectives.cpp.o
[1500/4645] Building OpenCLBuiltins.inc...
[1501/4645] Building CXX object tools/clang/lib/APINotes/CMakeFiles/obj.clangAPINotes.dir/APINotesTypes.cpp.o
[1502/4645] Building CXX object tools/clang/lib/Lex/CMakeFiles/obj.clangLex.dir/TokenLexer.cpp.o
[1503/4645] Building CXX object tools/clang/lib/APINotes/CMakeFiles/obj.clangAPINotes.dir/APINotesManager.cpp.o
[1504/4645] Linking CXX static library lib/libclangSupport.a
[1505/4645] Building CXX object tools/clang/lib/Lex/CMakeFiles/obj.clangLex.dir/Preprocessor.cpp.o
[1506/4645] Linking CXX static library lib/libclangLex.a
[1507/4645] Building CXX object lib/Option/CMakeFiles/LLVMOption.dir/Arg.cpp.o
[1508/4645] Building CXX object lib/Option/CMakeFiles/LLVMOption.dir/Option.cpp.o
[1509/4645] Building CXX object lib/Option/CMakeFiles/LLVMOption.dir/ArgList.cpp.o
[1510/4645] Building CXX object lib/Option/CMakeFiles/LLVMOption.dir/OptTable.cpp.o
[1511/4645] Linking CXX static library lib/libLLVMOption.a
[1512/4645] Building CXX object lib/Plugins/CMakeFiles/LLVMPlugins.dir/PassPlugin.cpp.o
[1513/4645] Building CXX object lib/Bitcode/Writer/CMakeFiles/LLVMBitWriter.dir/BitWriter.cpp.o
[1514/4645] Building CXX object tools/clang/lib/APINotes/CMakeFiles/obj.clangAPINotes.dir/APINotesReader.cpp.o
[1515/4645] Building CXX object lib/Bitcode/Writer/CMakeFiles/LLVMBitWriter.dir/BitcodeWriterPass.cpp.o
[1516/4645] Building CXX object tools/clang/lib/APINotes/CMakeFiles/obj.clangAPINotes.dir/APINotesYAMLCompiler.cpp.o
[1517/4645] Building CXX object tools/clang/lib/AST/CMakeFiles/obj.clangAST.dir/cmake_pch.hxx.pch
[1518/4645] Building CXX object lib/Bitcode/Writer/CMakeFiles/LLVMBitWriter.dir/ValueEnumerator.cpp.o
[1519/4645] Building CXX object tools/clang/lib/AST/CMakeFiles/obj.clangAST.dir/APValue.cpp.o
[1520/4645] Building CXX object tools/clang/lib/Parse/CMakeFiles/obj.clangParse.dir/ParseAST.cpp.o
[1521/4645] Building CXX object tools/clang/lib/AST/CMakeFiles/obj.clangAST.dir/ASTConcept.cpp.o
[1522/4645] Building CXX object tools/clang/lib/Parse/CMakeFiles/obj.clangParse.dir/ParseCXXInlineMethods.cpp.o
[1523/4645] Building CXX object tools/clang/lib/APINotes/CMakeFiles/obj.clangAPINotes.dir/APINotesWriter.cpp.o
[1524/4645] Building CXX object tools/clang/lib/AST/CMakeFiles/obj.clangAST.dir/ASTConsumer.cpp.o
[1525/4645] Building CXX object lib/Bitcode/Writer/CMakeFiles/LLVMBitWriter.dir/BitcodeWriter.cpp.o
[1526/4645] Building CXX object tools/clang/lib/Parse/CMakeFiles/obj.clangParse.dir/ParseExpr.cpp.o
[1527/4645] Building CXX object tools/clang/lib/Parse/CMakeFiles/obj.clangParse.dir/ParseExprCXX.cpp.o
[1528/4645] Building CXX object tools/clang/lib/AST/CMakeFiles/obj.clangAST.dir/ASTDiagnostic.cpp.o
[1529/4645] Building CXX object tools/clang/lib/Parse/CMakeFiles/obj.clangParse.dir/ParseDeclCXX.cpp.o
[1530/4645] Building CXX object tools/clang/lib/Parse/CMakeFiles/obj.clangParse.dir/ParseDecl.cpp.o
[1531/4645] Building CXX object tools/clang/lib/AST/CMakeFiles/obj.clangAST.dir/AttrDocTable.cpp.o
[1532/4645] Building CXX object tools/clang/lib/AST/CMakeFiles/obj.clangAST.dir/ASTTypeTraits.cpp.o
[1533/4645] Building CXX object tools/clang/lib/AST/CMakeFiles/obj.clangAST.dir/Availability.cpp.o
[1534/4645] Building CXX object tools/clang/lib/AST/CMakeFiles/obj.clangAST.dir/ASTStructuralEquivalence.cpp.o
[1535/4645] Building CXX object tools/clang/lib/AST/CMakeFiles/obj.clangAST.dir/CommentBriefParser.cpp.o
[1536/4645] Building CXX object tools/clang/lib/AST/CMakeFiles/obj.clangAST.dir/Comment.cpp.o
[1537/4645] Building CXX object tools/clang/lib/AST/CMakeFiles/obj.clangAST.dir/ASTDumper.cpp.o
[1538/4645] Building CXX object tools/clang/lib/AST/CMakeFiles/obj.clangAST.dir/CommentCommandTraits.cpp.o
[1539/4645] Building CXX object tools/clang/lib/AST/CMakeFiles/obj.clangAST.dir/CommentLexer.cpp.o
[1540/4645] Building CXX object tools/clang/lib/AST/CMakeFiles/obj.clangAST.dir/ASTImporterLookupTable.cpp.o
[1541/4645] Building CXX object tools/clang/lib/AST/CMakeFiles/obj.clangAST.dir/CommentParser.cpp.o
[1542/4645] Building CXX object tools/clang/lib/AST/CMakeFiles/obj.clangAST.dir/ComparisonCategories.cpp.o
[1543/4645] Building CXX object tools/clang/lib/AST/CMakeFiles/obj.clangAST.dir/ComputeDependence.cpp.o
[1544/4645] Building CXX object tools/clang/lib/AST/CMakeFiles/obj.clangAST.dir/CXXInheritance.cpp.o
[1545/4645] Building CXX object tools/clang/lib/AST/CMakeFiles/obj.clangAST.dir/DataCollection.cpp.o
[1546/4645] Building CXX object tools/clang/lib/AST/CMakeFiles/obj.clangAST.dir/CommentSema.cpp.o
[1547/4645] Building CXX object tools/clang/lib/AST/CMakeFiles/obj.clangAST.dir/DeclarationName.cpp.o
[1548/4645] Building CXX object tools/clang/lib/AST/CMakeFiles/obj.clangAST.dir/DeclFriend.cpp.o
[1549/4645] Building CXX object tools/clang/lib/AST/CMakeFiles/obj.clangAST.dir/DeclGroup.cpp.o
[1550/4645] Building CXX object tools/clang/lib/AST/CMakeFiles/obj.clangAST.dir/ASTImporter.cpp.o
[1551/4645] Building CXX object tools/clang/lib/AST/CMakeFiles/obj.clangAST.dir/DeclOpenACC.cpp.o
[1552/4645] Building CXX object tools/clang/lib/AST/CMakeFiles/obj.clangAST.dir/DeclBase.cpp.o
[1553/4645] Building CXX object tools/clang/lib/AST/CMakeFiles/obj.clangAST.dir/DeclCXX.cpp.o
[1554/4645] Building CXX object tools/clang/lib/AST/CMakeFiles/obj.clangAST.dir/Decl.cpp.o
[1555/4645] Building CXX object tools/clang/lib/AST/CMakeFiles/obj.clangAST.dir/DeclObjC.cpp.o
[1556/4645] Building CXX object tools/clang/lib/AST/CMakeFiles/obj.clangAST.dir/DeclOpenMP.cpp.o
[1557/4645] Building CXX object tools/clang/lib/AST/CMakeFiles/obj.clangAST.dir/DeclTemplate.cpp.o
[1558/4645] Building CXX object tools/clang/lib/AST/CMakeFiles/obj.clangAST.dir/ExprClassification.cpp.o
[1559/4645] Building CXX object tools/clang/lib/AST/CMakeFiles/obj.clangAST.dir/DeclPrinter.cpp.o
[1560/4645] Building CXX object tools/clang/lib/AST/CMakeFiles/obj.clangAST.dir/ExprConcepts.cpp.o
[1561/4645] Building CXX object tools/clang/lib/AST/CMakeFiles/obj.clangAST.dir/ASTContext.cpp.o
[1562/4645] Building CXX object tools/clang/lib/AST/CMakeFiles/obj.clangAST.dir/ExprObjC.cpp.o
[1563/4645] Building CXX object tools/clang/lib/AST/CMakeFiles/obj.clangAST.dir/ExternalASTSource.cpp.o
[1564/4645] Building CXX object tools/clang/lib/AST/CMakeFiles/obj.clangAST.dir/ExprCXX.cpp.o
[1565/4645] Building CXX object tools/clang/lib/AST/CMakeFiles/obj.clangAST.dir/ExternalASTMerger.cpp.o
[1566/4645] Building CXX object tools/clang/lib/AST/CMakeFiles/obj.clangAST.dir/FormatString.cpp.o
[1567/4645] Building CXX object tools/clang/lib/AST/CMakeFiles/obj.clangAST.dir/Expr.cpp.o
[1568/4645] Building CXX object tools/clang/lib/AST/CMakeFiles/obj.clangAST.dir/InferAlloc.cpp.o
[1569/4645] Building CXX object tools/clang/lib/AST/CMakeFiles/obj.clangAST.dir/ParentMapContext.cpp.o
[1570/4645] Building CXX object tools/clang/lib/AST/CMakeFiles/obj.clangAST.dir/InheritViz.cpp.o
[1571/4645] Building CXX object tools/clang/lib/AST/CMakeFiles/obj.clangAST.dir/ByteCode/BitcastBuffer.cpp.o
[1572/4645] Building CXX object tools/clang/lib/AST/CMakeFiles/obj.clangAST.dir/AttrImpl.cpp.o
[1573/4645] Building CXX object tools/clang/lib/AST/CMakeFiles/obj.clangAST.dir/ByteCode/Descriptor.cpp.o
[1574/4645] Building CXX object tools/clang/lib/AST/CMakeFiles/obj.clangAST.dir/ByteCode/Function.cpp.o
[1575/4645] Building CXX object tools/clang/lib/AST/CMakeFiles/obj.clangAST.dir/ByteCode/Context.cpp.o
[1576/4645] Building CXX object tools/clang/lib/AST/CMakeFiles/obj.clangAST.dir/ByteCode/ByteCodeEmitter.cpp.o
[1577/4645] Building CXX object tools/clang/lib/AST/CMakeFiles/obj.clangAST.dir/ByteCode/Floating.cpp.o
[1578/4645] Building CXX object tools/clang/lib/AST/CMakeFiles/obj.clangAST.dir/ByteCode/DynamicAllocator.cpp.o
[1579/4645] Building CXX object tools/clang/lib/AST/CMakeFiles/obj.clangAST.dir/ByteCode/EvaluationResult.cpp.o
[1580/4645] Building CXX object tools/clang/lib/AST/CMakeFiles/obj.clangAST.dir/ByteCode/InterpBuiltinBitCast.cpp.o
[1581/4645] Building CXX object tools/clang/lib/AST/CMakeFiles/obj.clangAST.dir/ByteCode/Compiler.cpp.o
[1582/4645] Building CXX object tools/clang/lib/AST/CMakeFiles/obj.clangAST.dir/DynamicRecursiveASTVisitor.cpp.o
[1583/4645] Building CXX object tools/clang/lib/AST/CMakeFiles/obj.clangAST.dir/ByteCode/InitMap.cpp.o
[1584/4645] Building CXX object tools/clang/lib/AST/CMakeFiles/obj.clangAST.dir/ByteCode/InterpBlock.cpp.o
[1585/4645] Building CXX object tools/clang/lib/AST/CMakeFiles/obj.clangAST.dir/ByteCode/InterpFrame.cpp.o
[1586/4645] Building CXX object tools/clang/lib/AST/CMakeFiles/obj.clangAST.dir/ByteCode/InterpStack.cpp.o
[1587/4645] Building CXX object tools/clang/lib/AST/CMakeFiles/obj.clangAST.dir/ByteCode/InterpState.cpp.o
[1588/4645] Building CXX object tools/clang/lib/AST/CMakeFiles/obj.clangAST.dir/ByteCode/Disasm.cpp.o
[1589/4645] Building CXX object tools/clang/lib/AST/CMakeFiles/obj.clangAST.dir/ByteCode/InterpBuiltin.cpp.o
[1590/4645] Building CXX object tools/clang/lib/AST/CMakeFiles/obj.clangAST.dir/ByteCode/PrimType.cpp.o
[1591/4645] Building CXX object tools/clang/lib/AST/CMakeFiles/obj.clangAST.dir/ByteCode/Pointer.cpp.o
[1592/4645] Building CXX object tools/clang/lib/AST/CMakeFiles/obj.clangAST.dir/ByteCode/Record.cpp.o
[1593/4645] Building CXX object tools/clang/lib/AST/CMakeFiles/obj.clangAST.dir/ByteCode/Source.cpp.o
[1594/4645] Building CXX object tools/clang/lib/AST/CMakeFiles/obj.clangAST.dir/ByteCode/Program.cpp.o
[1595/4645] Building CXX object tools/clang/lib/AST/CMakeFiles/obj.clangAST.dir/ByteCode/State.cpp.o
[1596/4645] Building CXX object tools/clang/lib/AST/CMakeFiles/obj.clangAST.dir/ByteCode/InterpShared.cpp.o
[1597/4645] Building CXX object tools/clang/lib/AST/CMakeFiles/obj.clangAST.dir/ByteCode/MemberPointer.cpp.o
[1598/4645] Building CXX object tools/clang/lib/AST/CMakeFiles/obj.clangAST.dir/HLSLResource.cpp.o
[1599/4645] Building CXX object tools/clang/lib/AST/CMakeFiles/obj.clangAST.dir/ExprConstant.cpp.o
[1600/4645] Building CXX object tools/clang/lib/AST/CMakeFiles/obj.clangAST.dir/ItaniumCXXABI.cpp.o
[1601/4645] Building CXX object tools/clang/lib/AST/CMakeFiles/obj.clangAST.dir/Mangle.cpp.o
[1602/4645] Building CXX object tools/clang/lib/AST/CMakeFiles/obj.clangAST.dir/MicrosoftCXXABI.cpp.o
[1603/4645] Building CXX object tools/clang/lib/AST/CMakeFiles/obj.clangAST.dir/NestedNameSpecifier.cpp.o
[1604/4645] Building CXX object tools/clang/lib/AST/CMakeFiles/obj.clangAST.dir/NSAPI.cpp.o
[1605/4645] Building CXX object tools/clang/lib/AST/CMakeFiles/obj.clangAST.dir/JSONNodeDumper.cpp.o
[1606/4645] Building CXX object tools/clang/lib/AST/CMakeFiles/obj.clangAST.dir/ItaniumMangle.cpp.o
[1607/4645] Building CXX object tools/clang/lib/AST/CMakeFiles/obj.clangAST.dir/OpenACCClause.cpp.o
[1608/4645] Building CXX object tools/clang/lib/AST/CMakeFiles/obj.clangAST.dir/ODRHash.cpp.o
[1609/4645] Building CXX object tools/clang/lib/AST/CMakeFiles/obj.clangAST.dir/MicrosoftMangle.cpp.o
[1610/4645] Building CXX object tools/clang/lib/AST/CMakeFiles/obj.clangAST.dir/OSLog.cpp.o
[1611/4645] Building CXX object tools/clang/lib/AST/CMakeFiles/obj.clangAST.dir/ParentMap.cpp.o
[1612/4645] Building CXX object tools/clang/lib/AST/CMakeFiles/obj.clangAST.dir/ODRDiagsEmitter.cpp.o
[1613/4645] Building CXX object tools/clang/lib/AST/CMakeFiles/obj.clangAST.dir/PrintfFormatString.cpp.o
[1614/4645] Building CXX object tools/clang/lib/AST/CMakeFiles/obj.clangAST.dir/OpenMPClause.cpp.o
[1615/4645] Building CXX object tools/clang/lib/AST/CMakeFiles/obj.clangAST.dir/ByteCode/EvalEmitter.cpp.o
[1616/4645] Building CXX object tools/clang/lib/AST/CMakeFiles/obj.clangAST.dir/QualTypeNames.cpp.o
[1617/4645] Building CXX object tools/clang/lib/AST/CMakeFiles/obj.clangAST.dir/Randstruct.cpp.o
[1618/4645] Building CXX object tools/clang/lib/AST/CMakeFiles/obj.clangAST.dir/RecordLayout.cpp.o
[1619/4645] Building CXX object tools/clang/lib/AST/CMakeFiles/obj.clangAST.dir/ScanfFormatString.cpp.o
[1620/4645] Building CXX object tools/clang/lib/AST/CMakeFiles/obj.clangAST.dir/RawCommentList.cpp.o
[1621/4645] Building CXX object tools/clang/lib/AST/CMakeFiles/obj.clangAST.dir/SelectorLocationsKind.cpp.o
[1622/4645] Building CXX object tools/clang/lib/AST/CMakeFiles/obj.clangAST.dir/StmtCXX.cpp.o
[1623/4645] Building CXX object tools/clang/lib/AST/CMakeFiles/obj.clangAST.dir/StmtIterator.cpp.o
[1624/4645] Building CXX object tools/clang/lib/AST/CMakeFiles/obj.clangAST.dir/StmtObjC.cpp.o
[1625/4645] Building CXX object tools/clang/lib/AST/CMakeFiles/obj.clangAST.dir/RecordLayoutBuilder.cpp.o
[1626/4645] Building CXX object tools/clang/lib/AST/CMakeFiles/obj.clangAST.dir/StmtOpenACC.cpp.o
[1627/4645] Building CXX object tools/clang/lib/AST/CMakeFiles/obj.clangAST.dir/Stmt.cpp.o
[1628/4645] Building CXX object tools/clang/lib/AST/CMakeFiles/obj.clangAST.dir/StmtViz.cpp.o
[1629/4645] Building CXX object tools/clang/lib/AST/CMakeFiles/obj.clangAST.dir/StmtOpenMP.cpp.o
[1630/4645] Building CXX object tools/clang/lib/AST/CMakeFiles/obj.clangAST.dir/TemplateBase.cpp.o
[1631/4645] Building CXX object tools/clang/lib/AST/CMakeFiles/obj.clangAST.dir/StmtProfile.cpp.o
[1632/4645] Building CXX object tools/clang/lib/AST/CMakeFiles/obj.clangAST.dir/TemplateName.cpp.o
[1633/4645] Building CXX object tools/clang/lib/AST/CMakeFiles/obj.clangAST.dir/StmtPrinter.cpp.o
[1634/4645] Building CXX object tools/clang/lib/AST/CMakeFiles/obj.clangAST.dir/TypeLoc.cpp.o
[1635/4645] Building CXX object tools/clang/lib/AST/CMakeFiles/obj.clangAST.dir/VTTBuilder.cpp.o
[1636/4645] Building CXX object tools/clang/lib/ASTMatchers/CMakeFiles/obj.clangASTMatchers.dir/LowLevelHelpers.cpp.o
[1637/4645] Building CXX object tools/clang/lib/AST/CMakeFiles/obj.clangAST.dir/ByteCode/Interp.cpp.o
[1638/4645] Building CXX object tools/clang/lib/AST/CMakeFiles/obj.clangAST.dir/TypePrinter.cpp.o
/Users/ravn/z80/llvm-z80-pre-pr40/clang/lib/AST/TypePrinter.cpp:1995:11: warning: 5 enumeration values not handled in switch: 'SDCCCall', 'Z80AllReg', 'Z80Callee'... [-Wswitch]
 1995 |   switch (T->getAttrKind()) {
      |           ^~~~~~~~~~~~~~~~
/Users/ravn/z80/llvm-z80-pre-pr40/clang/lib/AST/TypePrinter.cpp:1995:11: note: add missing switch cases
 1995 |   switch (T->getAttrKind()) {
      |           ^
1 warning generated.
[1639/4645] Building CXX object tools/clang/lib/AST/CMakeFiles/obj.clangAST.dir/Type.cpp.o
[1640/4645] Building CXX object tools/clang/lib/Analysis/CMakeFiles/obj.clangAnalysis.dir/AnnexKDetection.cpp.o
[1641/4645] Building CXX object tools/clang/lib/Analysis/CMakeFiles/obj.clangAnalysis.dir/AnalysisDeclContext.cpp.o
[1642/4645] Building CXX object tools/clang/lib/Analysis/CMakeFiles/obj.clangAnalysis.dir/BodyFarm.cpp.o
[1643/4645] Building CXX object tools/clang/lib/Analysis/CMakeFiles/obj.clangAnalysis.dir/CFGBackEdges.cpp.o
[1644/4645] Building CXX object tools/clang/lib/AST/CMakeFiles/obj.clangAST.dir/TextNodeDumper.cpp.o
[1645/4645] Building CXX object tools/clang/lib/ASTMatchers/CMakeFiles/obj.clangASTMatchers.dir/ASTMatchersInternal.cpp.o
[1646/4645] Building CXX object tools/clang/lib/Analysis/CMakeFiles/obj.clangAnalysis.dir/CalledOnceCheck.cpp.o
[1647/4645] Building CXX object tools/clang/lib/AST/CMakeFiles/obj.clangAST.dir/VTableBuilder.cpp.o
[1648/4645] Building CXX object tools/clang/lib/Analysis/CMakeFiles/obj.clangAnalysis.dir/CFGStmtMap.cpp.o
[1649/4645] Building CXX object tools/clang/lib/Analysis/CMakeFiles/obj.clangAnalysis.dir/CFGReachabilityAnalysis.cpp.o
[1650/4645] Linking CXX static library lib/libclangAST.a
[1651/4645] Building CXX object tools/clang/lib/Analysis/CMakeFiles/obj.clangAnalysis.dir/CallGraph.cpp.o
[1652/4645] Building CXX object tools/clang/lib/Analysis/CMakeFiles/obj.clangAnalysis.dir/CocoaConventions.cpp.o
[1653/4645] Building CXX object tools/clang/lib/Analysis/CMakeFiles/obj.clangAnalysis.dir/ConstructionContext.cpp.o
[1654/4645] Building CXX object tools/clang/lib/Analysis/CMakeFiles/obj.clangAnalysis.dir/CFG.cpp.o
[1655/4645] Building CXX object tools/clang/lib/Analysis/CMakeFiles/obj.clangAnalysis.dir/CloneDetection.cpp.o
[1656/4645] Building CXX object tools/clang/lib/Analysis/CMakeFiles/obj.clangAnalysis.dir/CodeInjector.cpp.o
[1657/4645] Building CXX object tools/clang/lib/Analysis/CMakeFiles/obj.clangAnalysis.dir/Dominators.cpp.o
[1658/4645] Building CXX object tools/clang/lib/Analysis/CMakeFiles/obj.clangAnalysis.dir/Consumed.cpp.o
[1659/4645] Building CXX object tools/clang/lib/Analysis/CMakeFiles/obj.clangAnalysis.dir/FixitUtil.cpp.o
[1660/4645] Building CXX object tools/clang/lib/Analysis/CMakeFiles/obj.clangAnalysis.dir/IssueHash.cpp.o
[1661/4645] Building CXX object tools/clang/lib/Analysis/CMakeFiles/obj.clangAnalysis.dir/IntervalPartition.cpp.o
[1662/4645] Building CXX object tools/clang/lib/Analysis/CMakeFiles/obj.clangAnalysis.dir/ObjCNoReturn.cpp.o
[1663/4645] Building CXX object tools/clang/lib/Analysis/CMakeFiles/obj.clangAnalysis.dir/MacroExpansionContext.cpp.o
[1664/4645] Building CXX object tools/clang/lib/Analysis/CMakeFiles/obj.clangAnalysis.dir/PostOrderCFGView.cpp.o
[1665/4645] Building CXX object tools/clang/lib/Analysis/CMakeFiles/obj.clangAnalysis.dir/PathDiagnostic.cpp.o
[1666/4645] Building CXX object tools/clang/lib/Analysis/CMakeFiles/obj.clangAnalysis.dir/LiveVariables.cpp.o
[1667/4645] Building CXX object tools/clang/lib/Analysis/CMakeFiles/obj.clangAnalysis.dir/ProgramPoint.cpp.o
[1668/4645] Building CXX object tools/clang/lib/Analysis/CMakeFiles/obj.clangAnalysis.dir/ReachableCode.cpp.o
[1669/4645] Building CXX object tools/clang/lib/Analysis/CMakeFiles/obj.clangAnalysis.dir/ThreadSafetyLogical.cpp.o
[1670/4645] Building CXX object tools/clang/lib/ASTMatchers/CMakeFiles/obj.clangASTMatchers.dir/ASTMatchFinder.cpp.o
[1671/4645] Linking CXX static library lib/libclangASTMatchers.a
[1672/4645] Building CXX object tools/clang/lib/Analysis/CMakeFiles/obj.clangAnalysis.dir/ThreadSafetyTIL.cpp.o
[1673/4645] Building CXX object tools/clang/lib/Analysis/CMakeFiles/obj.clangAnalysis.dir/RetainSummaryManager.cpp.o
[1674/4645] Building CXX object tools/clang/lib/Analysis/CMakeFiles/obj.clangAnalysis.dir/ExprMutationAnalyzer.cpp.o
[1675/4645] Building CXX object tools/clang/lib/Analysis/CMakeFiles/obj.clangAnalysis.dir/ThreadSafetyCommon.cpp.o
[1676/4645] Building CXX object tools/clang/lib/Analysis/CMakeFiles/obj.clangAnalysis.dir/UninitializedValues.cpp.o
[1677/4645] Building CXX object tools/clang/lib/Analysis/LifetimeSafety/CMakeFiles/obj.clangAnalysisLifetimeSafety.dir/Facts.cpp.o
[1678/4645] Building CXX object tools/clang/lib/Analysis/CMakeFiles/obj.clangAnalysis.dir/ThreadSafety.cpp.o
[1679/4645] Building CXX object tools/clang/lib/Analysis/LifetimeSafety/CMakeFiles/obj.clangAnalysisLifetimeSafety.dir/LifetimeAnnotations.cpp.o
[1680/4645] Building CXX object tools/clang/lib/Analysis/LifetimeSafety/CMakeFiles/obj.clangAnalysisLifetimeSafety.dir/FactsGenerator.cpp.o
[1681/4645] Building CXX object tools/clang/lib/Analysis/LifetimeSafety/CMakeFiles/obj.clangAnalysisLifetimeSafety.dir/LifetimeStats.cpp.o
[1682/4645] Building CXX object tools/clang/lib/Analysis/LifetimeSafety/CMakeFiles/obj.clangAnalysisLifetimeSafety.dir/Checker.cpp.o
[1683/4645] Building CXX object tools/clang/lib/Analysis/LifetimeSafety/CMakeFiles/obj.clangAnalysisLifetimeSafety.dir/LifetimeSafety.cpp.o
[1684/4645] Linking CXX static library lib/libclangAPINotes.a
[1685/4645] Building CXX object tools/clang/lib/Analysis/LifetimeSafety/CMakeFiles/obj.clangAnalysisLifetimeSafety.dir/LiveOrigins.cpp.o
[1686/4645] Building CXX object tools/clang/lib/Analysis/LifetimeSafety/CMakeFiles/obj.clangAnalysisLifetimeSafety.dir/Loans.cpp.o
[1687/4645] Building CXX object tools/clang/lib/Analysis/LifetimeSafety/CMakeFiles/obj.clangAnalysisLifetimeSafety.dir/MovedLoans.cpp.o
[1688/4645] Building CXX object tools/clang/lib/Analysis/LifetimeSafety/CMakeFiles/obj.clangAnalysisLifetimeSafety.dir/LoanPropagation.cpp.o
[1689/4645] Building CXX object tools/clang/lib/Edit/CMakeFiles/obj.clangEdit.dir/Commit.cpp.o
[1690/4645] Building CXX object tools/clang/lib/Edit/CMakeFiles/obj.clangEdit.dir/RewriteObjCFoundationAPI.cpp.o
[1691/4645] Building CXX object tools/clang/lib/Edit/CMakeFiles/obj.clangEdit.dir/EditedSource.cpp.o
[1692/4645] Building CXX object tools/clang/lib/Analysis/CMakeFiles/obj.clangAnalysis.dir/UnsafeBufferUsage.cpp.o
[1693/4645] Linking CXX static library lib/libclangAnalysis.a
[1694/4645] Building CXX object tools/clang/lib/Sema/CMakeFiles/obj.clangSema.dir/DelayedDiagnostic.cpp.o
[1695/4645] Building CXX object tools/clang/lib/Sema/CMakeFiles/obj.clangSema.dir/CheckExprLifetime.cpp.o
[1696/4645] Building CXX object tools/clang/lib/Sema/CMakeFiles/obj.clangSema.dir/HeuristicResolver.cpp.o
[1697/4645] Building CXX object tools/clang/lib/Sema/CMakeFiles/obj.clangSema.dir/CodeCompleteConsumer.cpp.o
[1698/4645] Building CXX object tools/clang/lib/Sema/CMakeFiles/obj.clangSema.dir/IdentifierResolver.cpp.o
[1699/4645] Building CXX object tools/clang/lib/Sema/CMakeFiles/obj.clangSema.dir/DeclSpec.cpp.o
[1700/4645] Building CXX object tools/clang/lib/Sema/CMakeFiles/obj.clangSema.dir/HLSLExternalSemaSource.cpp.o
[1701/4645] Building CXX object tools/clang/lib/Sema/CMakeFiles/obj.clangSema.dir/HLSLBuiltinTypeDeclBuilder.cpp.o
[1702/4645] Building CXX object tools/clang/lib/Sema/CMakeFiles/obj.clangSema.dir/Scope.cpp.o
[1703/4645] Building CXX object tools/clang/lib/Sema/CMakeFiles/obj.clangSema.dir/MultiplexExternalSemaSource.cpp.o
[1704/4645] Building CXX object tools/clang/lib/Sema/CMakeFiles/obj.clangSema.dir/ScopeInfo.cpp.o
[1705/4645] Building CXX object tools/clang/lib/Sema/CMakeFiles/obj.clangSema.dir/JumpDiagnostics.cpp.o
[1706/4645] Building CXX object tools/clang/lib/Sema/CMakeFiles/obj.clangSema.dir/AnalysisBasedWarnings.cpp.o
[1707/4645] Building CXX object tools/clang/lib/Analysis/LifetimeSafety/CMakeFiles/obj.clangAnalysisLifetimeSafety.dir/Origins.cpp.o
[1708/4645] Building CXX object tools/clang/lib/Sema/CMakeFiles/obj.clangSema.dir/SemaAVR.cpp.o
[1709/4645] Building CXX object tools/clang/lib/Sema/CMakeFiles/obj.clangSema.dir/SemaAMDGPU.cpp.o
[1710/4645] Building CXX object tools/clang/lib/Sema/CMakeFiles/obj.clangSema.dir/SemaAccess.cpp.o
[1711/4645] Building CXX object tools/clang/lib/Sema/CMakeFiles/obj.clangSema.dir/SemaBPF.cpp.o
[1712/4645] Building CXX object tools/clang/lib/Sema/CMakeFiles/obj.clangSema.dir/SemaBase.cpp.o
[1713/4645] Building CXX object tools/clang/lib/Sema/CMakeFiles/obj.clangSema.dir/SemaARM.cpp.o
[1714/4645] Building CXX object tools/clang/lib/Sema/CMakeFiles/obj.clangSema.dir/SemaBoundsSafety.cpp.o
[1715/4645] Building CXX object tools/clang/lib/Sema/CMakeFiles/obj.clangSema.dir/SemaAvailability.cpp.o
[1716/4645] Building CXX object tools/clang/lib/Sema/CMakeFiles/obj.clangSema.dir/SemaAttr.cpp.o
[1717/4645] Building CXX object tools/clang/lib/Sema/CMakeFiles/obj.clangSema.dir/SemaAPINotes.cpp.o
[1718/4645] Building CXX object tools/clang/lib/Sema/CMakeFiles/obj.clangSema.dir/ParsedAttr.cpp.o
[1719/4645] Building CXX object tools/clang/lib/Sema/CMakeFiles/obj.clangSema.dir/Sema.cpp.o
[1720/4645] Building CXX object tools/clang/lib/Sema/CMakeFiles/obj.clangSema.dir/SemaConsumer.cpp.o
[1721/4645] Building CXX object tools/clang/lib/Sema/CMakeFiles/obj.clangSema.dir/SemaCXXScopeSpec.cpp.o
[1722/4645] Building CXX object tools/clang/lib/Sema/CMakeFiles/obj.clangSema.dir/SemaDirectX.cpp.o
[1723/4645] Building CXX object tools/clang/lib/Sema/CMakeFiles/obj.clangSema.dir/SemaCast.cpp.o
[1724/4645] Building CXX object tools/clang/lib/Sema/CMakeFiles/obj.clangSema.dir/SemaCoroutine.cpp.o
[1725/4645] Building CXX object tools/clang/lib/Sema/CMakeFiles/obj.clangSema.dir/SemaCUDA.cpp.o
[1726/4645] Building CXX object tools/clang/lib/Sema/CMakeFiles/obj.clangSema.dir/SemaCodeComplete.cpp.o
[1727/4645] Building CXX object tools/clang/lib/Sema/CMakeFiles/obj.clangSema.dir/SemaExceptionSpec.cpp.o
[1728/4645] Building CXX object tools/clang/lib/Sema/CMakeFiles/obj.clangSema.dir/SemaDeclObjC.cpp.o
[1729/4645] Building CXX object tools/clang/lib/Sema/CMakeFiles/obj.clangSema.dir/SemaChecking.cpp.o
[1730/4645] Building CXX object tools/clang/lib/Sema/CMakeFiles/obj.clangSema.dir/SemaDeclAttr.cpp.o
[1731/4645] Building CXX object tools/clang/lib/Sema/CMakeFiles/obj.clangSema.dir/SemaExprCXX.cpp.o
[1732/4645] Building CXX object tools/clang/lib/Sema/CMakeFiles/obj.clangSema.dir/SemaExprMember.cpp.o
[1733/4645] Building CXX object tools/clang/lib/Sema/CMakeFiles/obj.clangSema.dir/SemaFixItUtils.cpp.o
[1734/4645] Building CXX object tools/clang/lib/Sema/CMakeFiles/obj.clangSema.dir/SemaFunctionEffects.cpp.o
[1735/4645] Building CXX object tools/clang/lib/Sema/CMakeFiles/obj.clangSema.dir/SemaConcept.cpp.o
[1736/4645] Building CXX object tools/clang/lib/Sema/CMakeFiles/obj.clangSema.dir/SemaExprObjC.cpp.o
[1737/4645] Building CXX object tools/clang/lib/Sema/CMakeFiles/obj.clangSema.dir/SemaDeclCXX.cpp.o
[1738/4645] Building CXX object tools/clang/lib/Sema/CMakeFiles/obj.clangSema.dir/SemaHexagon.cpp.o
[1739/4645] Building CXX object tools/clang/lib/Sema/CMakeFiles/obj.clangSema.dir/SemaDecl.cpp.o
[1740/4645] Building CXX object tools/clang/lib/Sema/CMakeFiles/obj.clangSema.dir/SemaM68k.cpp.o
[1741/4645] Building CXX object tools/clang/lib/Sema/CMakeFiles/obj.clangSema.dir/SemaLoongArch.cpp.o
[1742/4645] Building CXX object tools/clang/lib/Sema/CMakeFiles/obj.clangSema.dir/SemaLambda.cpp.o
[1743/4645] Building CXX object tools/clang/lib/Sema/CMakeFiles/obj.clangSema.dir/SemaMIPS.cpp.o
[1744/4645] Building CXX object tools/clang/lib/Sema/CMakeFiles/obj.clangSema.dir/SemaMSP430.cpp.o
[1745/4645] Building CXX object tools/clang/lib/Sema/CMakeFiles/obj.clangSema.dir/SemaHLSL.cpp.o
[1746/4645] Building CXX object tools/clang/lib/Sema/CMakeFiles/obj.clangSema.dir/SemaNVPTX.cpp.o
[1747/4645] Building CXX object tools/clang/lib/Sema/CMakeFiles/obj.clangSema.dir/SemaInit.cpp.o
[1748/4645] Building CXX object tools/clang/lib/Sema/CMakeFiles/obj.clangSema.dir/SemaOpenACCAtomic.cpp.o
[1749/4645] Building CXX object tools/clang/lib/Sema/CMakeFiles/obj.clangSema.dir/SemaModule.cpp.o
[1750/4645] Building CXX object tools/clang/lib/Sema/CMakeFiles/obj.clangSema.dir/SemaOpenACCClauseAppertainment.cpp.o
[1751/4645] Building CXX object tools/clang/lib/Sema/CMakeFiles/obj.clangSema.dir/SemaLookup.cpp.o
[1752/4645] Building CXX object tools/clang/lib/Sema/CMakeFiles/obj.clangSema.dir/SemaObjCProperty.cpp.o
[1753/4645] Building CXX object tools/clang/lib/Sema/CMakeFiles/obj.clangSema.dir/SemaObjC.cpp.o
[1754/4645] Building CXX object tools/clang/lib/Sema/CMakeFiles/obj.clangSema.dir/SemaOpenACC.cpp.o
[1755/4645] Building CXX object tools/clang/lib/Sema/CMakeFiles/obj.clangSema.dir/SemaOpenACCClause.cpp.o
[1756/4645] Building CXX object tools/clang/lib/Sema/CMakeFiles/obj.clangSema.dir/SemaOpenCL.cpp.o
[1757/4645] Building CXX object tools/clang/lib/Sema/CMakeFiles/obj.clangSema.dir/SemaPPC.cpp.o
[1758/4645] Building CXX object tools/clang/lib/Sema/CMakeFiles/obj.clangSema.dir/SemaPseudoObject.cpp.o
[1759/4645] Building CXX object tools/clang/lib/Sema/CMakeFiles/obj.clangSema.dir/SemaSPIRV.cpp.o
[1760/4645] Building CXX object tools/clang/lib/Sema/CMakeFiles/obj.clangSema.dir/SemaRISCV.cpp.o
[1761/4645] Building CXX object tools/clang/lib/Sema/CMakeFiles/obj.clangSema.dir/SemaStmtAttr.cpp.o
[1762/4645] Building CXX object tools/clang/lib/Sema/CMakeFiles/obj.clangSema.dir/SemaStmtAsm.cpp.o
[1763/4645] Building CXX object tools/clang/lib/Sema/CMakeFiles/obj.clangSema.dir/SemaExpr.cpp.o
[1764/4645] Building CXX object tools/clang/lib/Sema/CMakeFiles/obj.clangSema.dir/SemaSystemZ.cpp.o
[1765/4645] Building CXX object tools/clang/lib/Sema/CMakeFiles/obj.clangSema.dir/SemaSwift.cpp.o
[1766/4645] Building CXX object tools/clang/lib/Sema/CMakeFiles/obj.clangSema.dir/SemaStmt.cpp.o
[1767/4645] Building CXX object tools/clang/lib/Sema/CMakeFiles/obj.clangSema.dir/SemaOverload.cpp.o
[1768/4645] Building CXX object tools/clang/lib/Sema/CMakeFiles/obj.clangSema.dir/SemaTemplateVariadic.cpp.o
[1769/4645] Building CXX object tools/clang/lib/Sema/CMakeFiles/obj.clangSema.dir/SemaSYCL.cpp.o
[1770/4645] Building CXX object tools/clang/lib/Sema/CMakeFiles/obj.clangSema.dir/SemaTypeTraits.cpp.o
[1771/4645] Building CXX object tools/clang/lib/Sema/CMakeFiles/obj.clangSema.dir/SemaTemplateDeductionGuide.cpp.o
[1772/4645] Building CXX object tools/clang/lib/Sema/CMakeFiles/obj.clangSema.dir/SemaWasm.cpp.o
[1773/4645] Linking CXX static library lib/libclangEdit.a
[1774/4645] Linking CXX static library lib/libclangAnalysisLifetimeSafety.a
[1775/4645] Building CXX object tools/clang/lib/Sema/CMakeFiles/obj.clangSema.dir/TypeLocBuilder.cpp.o
[1776/4645] Building CXX object tools/clang/lib/Sema/CMakeFiles/obj.clangSema.dir/SemaType.cpp.o
[1777/4645] Building CXX object tools/clang/lib/Sema/CMakeFiles/obj.clangSema.dir/SemaX86.cpp.o
[1778/4645] Building CXX object tools/clang/lib/Sema/CMakeFiles/obj.clangSema.dir/SemaTemplateDeduction.cpp.o
[1779/4645] Building CXX object tools/clang/lib/Sema/CMakeFiles/obj.clangSema.dir/SemaTemplate.cpp.o
[1780/4645] Building CXX object tools/clang/lib/UnifiedSymbolResolution/CMakeFiles/obj.clangUnifiedSymbolResolution.dir/USRGeneration.cpp.o
[1781/4645] Building CXX object tools/clang/lib/Sema/CMakeFiles/obj.clangSema.dir/SemaTemplateInstantiateDecl.cpp.o
[1782/4645] Building CXX object tools/clang/lib/Parse/CMakeFiles/obj.clangParse.dir/ParseHLSL.cpp.o
[1783/4645] Building CXX object tools/clang/lib/Parse/CMakeFiles/obj.clangParse.dir/ParseInit.cpp.o
[1784/4645] Building CXX object tools/clang/lib/Sema/CMakeFiles/obj.clangSema.dir/SemaTemplateInstantiate.cpp.o
[1785/4645] Building CXX object tools/clang/lib/Parse/CMakeFiles/obj.clangParse.dir/ParseHLSLRootSignature.cpp.o
[1786/4645] Building CXX object tools/clang/lib/Parse/CMakeFiles/obj.clangParse.dir/ParseObjc.cpp.o
[1787/4645] Building CXX object tools/clang/lib/Sema/CMakeFiles/obj.clangSema.dir/SemaOpenMP.cpp.o
[1788/4645] Linking CXX static library lib/libclangSema.a
[1789/4645] Building CXX object tools/clang/lib/Parse/CMakeFiles/obj.clangParse.dir/ParseOpenMP.cpp.o
[1790/4645] Building CXX object tools/clang/lib/Parse/CMakeFiles/obj.clangParse.dir/ParseStmt.cpp.o
[1791/4645] Building CXX object tools/clang/lib/Options/CMakeFiles/obj.clangOptions.dir/OptionUtils.cpp.o
[1792/4645] Building CXX object tools/clang/lib/Parse/CMakeFiles/obj.clangParse.dir/ParsePragma.cpp.o
[1793/4645] Building CXX object tools/clang/lib/Options/CMakeFiles/obj.clangOptions.dir/DriverOptions.cpp.o
[1794/4645] Building CXX object tools/clang/lib/Parse/CMakeFiles/obj.clangParse.dir/ParseTentative.cpp.o
[1795/4645] Building CXX object tools/clang/lib/Parse/CMakeFiles/obj.clangParse.dir/ParseTemplate.cpp.o
[1796/4645] Building CXX object tools/clang/lib/Parse/CMakeFiles/obj.clangParse.dir/ParseStmtAsm.cpp.o
[1797/4645] Building CXX object tools/clang/lib/Parse/CMakeFiles/obj.clangParse.dir/Parser.cpp.o
[1798/4645] Building CXX object tools/clang/lib/Parse/CMakeFiles/obj.clangParse.dir/ParseReflect.cpp.o
[1799/4645] Building CXX object tools/clang/lib/Parse/CMakeFiles/obj.clangParse.dir/ParseOpenACC.cpp.o
[1800/4645] Building CXX object tools/clang/lib/Serialization/CMakeFiles/obj.clangSerialization.dir/ASTCommon.cpp.o
[1801/4645] Building CXX object tools/clang/lib/Serialization/CMakeFiles/obj.clangSerialization.dir/InMemoryModuleCache.cpp.o
[1802/4645] Building CXX object tools/clang/lib/Serialization/CMakeFiles/obj.clangSerialization.dir/ModuleCache.cpp.o
[1803/4645] Building CXX object tools/clang/lib/Serialization/CMakeFiles/obj.clangSerialization.dir/GeneratePCH.cpp.o
[1804/4645] Building CXX object tools/clang/lib/Serialization/CMakeFiles/obj.clangSerialization.dir/GlobalModuleIndex.cpp.o
[1805/4645] Building CXX object tools/clang/lib/Serialization/CMakeFiles/obj.clangSerialization.dir/ASTReaderStmt.cpp.o
[1806/4645] Building CXX object tools/clang/lib/Serialization/CMakeFiles/obj.clangSerialization.dir/ASTWriterStmt.cpp.o
[1807/4645] Building CXX object tools/clang/lib/Serialization/CMakeFiles/obj.clangSerialization.dir/ASTWriterDecl.cpp.o
[1808/4645] Building CXX object tools/clang/lib/Serialization/CMakeFiles/obj.clangSerialization.dir/ModuleFileExtension.cpp.o
[1809/4645] Building CXX object tools/clang/lib/Serialization/CMakeFiles/obj.clangSerialization.dir/ModuleFile.cpp.o
[1810/4645] Building CXX object tools/clang/lib/Serialization/CMakeFiles/obj.clangSerialization.dir/PCHContainerOperations.cpp.o
[1811/4645] Building CXX object tools/clang/lib/Serialization/CMakeFiles/obj.clangSerialization.dir/TemplateArgumentHasher.cpp.o
[1812/4645] Building CXX object tools/clang/lib/Serialization/CMakeFiles/obj.clangSerialization.dir/ObjectFilePCHContainerReader.cpp.o
[1813/4645] Building CXX object tools/clang/lib/ScalableStaticAnalysisFramework/Core/CMakeFiles/obj.clangScalableStaticAnalysisFrameworkCore.dir/ASTEntityMapping.cpp.o
[1814/4645] Building CXX object tools/clang/lib/Serialization/CMakeFiles/obj.clangSerialization.dir/ModuleManager.cpp.o
[1815/4645] Building CXX object tools/clang/lib/ScalableStaticAnalysisFramework/Core/CMakeFiles/obj.clangScalableStaticAnalysisFrameworkCore.dir/Model/BuildNamespace.cpp.o
[1816/4645] Building CXX object tools/clang/lib/ScalableStaticAnalysisFramework/Core/CMakeFiles/obj.clangScalableStaticAnalysisFrameworkCore.dir/EntityLinker/EntityLinker.cpp.o
[1817/4645] Building CXX object tools/clang/lib/ScalableStaticAnalysisFramework/Core/CMakeFiles/obj.clangScalableStaticAnalysisFrameworkCore.dir/Model/EntityId.cpp.o
[1818/4645] Building CXX object tools/clang/lib/ScalableStaticAnalysisFramework/Core/CMakeFiles/obj.clangScalableStaticAnalysisFrameworkCore.dir/Model/EntityLinkage.cpp.o
[1819/4645] Building CXX object tools/clang/lib/Serialization/CMakeFiles/obj.clangSerialization.dir/ASTReaderDecl.cpp.o
[1820/4645] Building CXX object tools/clang/lib/ScalableStaticAnalysisFramework/Core/CMakeFiles/obj.clangScalableStaticAnalysisFrameworkCore.dir/Model/EntityIdTable.cpp.o
[1821/4645] Building CXX object tools/clang/lib/ScalableStaticAnalysisFramework/Core/CMakeFiles/obj.clangScalableStaticAnalysisFrameworkCore.dir/Model/SummaryName.cpp.o
[1822/4645] Building CXX object tools/clang/lib/ScalableStaticAnalysisFramework/Core/CMakeFiles/obj.clangScalableStaticAnalysisFrameworkCore.dir/Model/EntityName.cpp.o
[1823/4645] Building CXX object tools/clang/lib/ScalableStaticAnalysisFramework/Core/CMakeFiles/obj.clangScalableStaticAnalysisFrameworkCore.dir/Serialization/JSONFormat/JSONEntitySummaryEncoding.cpp.o
[1824/4645] Building CXX object tools/clang/lib/ScalableStaticAnalysisFramework/Core/CMakeFiles/obj.clangScalableStaticAnalysisFrameworkCore.dir/Serialization/JSONFormat/LUSummary.cpp.o
[1825/4645] Building CXX object tools/clang/lib/ScalableStaticAnalysisFramework/Core/CMakeFiles/obj.clangScalableStaticAnalysisFrameworkCore.dir/Serialization/JSONFormat/LUSummaryEncoding.cpp.o
[1826/4645] Building CXX object tools/clang/lib/ScalableStaticAnalysisFramework/Core/CMakeFiles/obj.clangScalableStaticAnalysisFrameworkCore.dir/Serialization/SerializationFormatRegistry.cpp.o
[1827/4645] Building CXX object tools/clang/lib/ScalableStaticAnalysisFramework/Core/CMakeFiles/obj.clangScalableStaticAnalysisFrameworkCore.dir/Serialization/JSONFormat/TUSummary.cpp.o
[1828/4645] Building CXX object tools/clang/lib/ScalableStaticAnalysisFramework/Core/CMakeFiles/obj.clangScalableStaticAnalysisFrameworkCore.dir/Serialization/JSONFormat/TUSummaryEncoding.cpp.o
[1829/4645] Building CXX object tools/clang/lib/ScalableStaticAnalysisFramework/Core/CMakeFiles/obj.clangScalableStaticAnalysisFrameworkCore.dir/Serialization/JSONFormat/WPASuite.cpp.o
[1830/4645] Building CXX object tools/clang/lib/ScalableStaticAnalysisFramework/Core/CMakeFiles/obj.clangScalableStaticAnalysisFrameworkCore.dir/Serialization/JSONFormat/JSONFormatImpl.cpp.o
[1831/4645] Building CXX object tools/clang/lib/ScalableStaticAnalysisFramework/Core/CMakeFiles/obj.clangScalableStaticAnalysisFrameworkCore.dir/SummaryData/LUSummaryConsumer.cpp.o
[1832/4645] Building CXX object tools/clang/lib/ScalableStaticAnalysisFramework/Core/CMakeFiles/obj.clangScalableStaticAnalysisFrameworkCore.dir/SummaryData/SummaryDataBuilderRegistry.cpp.o
[1833/4645] Linking CXX static library lib/libclangUnifiedSymbolResolution.a
[1834/4645] Building CXX object tools/clang/lib/ScalableStaticAnalysisFramework/Core/CMakeFiles/obj.clangScalableStaticAnalysisFrameworkCore.dir/TUSummary/ExtractorRegistry.cpp.o
[1835/4645] Building CXX object tools/clang/lib/ScalableStaticAnalysisFramework/Core/CMakeFiles/obj.clangScalableStaticAnalysisFrameworkCore.dir/Support/ErrorBuilder.cpp.o
[1836/4645] Building CXX object tools/clang/lib/ScalableStaticAnalysisFramework/Core/CMakeFiles/obj.clangScalableStaticAnalysisFrameworkCore.dir/TUSummary/TUSummaryBuilder.cpp.o
[1837/4645] Building CXX object tools/clang/lib/ScalableStaticAnalysisFramework/Core/CMakeFiles/obj.clangScalableStaticAnalysisFrameworkCore.dir/TUSummary/TUSummaryExtractor.cpp.o
[1838/4645] Building CXX object tools/clang/lib/ScalableStaticAnalysisFramework/Core/CMakeFiles/obj.clangScalableStaticAnalysisFrameworkCore.dir/WholeProgramAnalysis/AnalysisName.cpp.o
[1839/4645] Building CXX object tools/clang/lib/ScalableStaticAnalysisFramework/Core/CMakeFiles/obj.clangScalableStaticAnalysisFrameworkCore.dir/WholeProgramAnalysis/AnalysisRegistry.cpp.o
[1840/4645] Building CXX object tools/clang/lib/ScalableStaticAnalysisFramework/Core/CMakeFiles/obj.clangScalableStaticAnalysisFrameworkCore.dir/WholeProgramAnalysis/AnalysisDriver.cpp.o
[1841/4645] Building CXX object lib/CGData/CMakeFiles/LLVMCGData.dir/CodeGenDataReader.cpp.o
[1842/4645] Linking CXX static library lib/libLLVMBitWriter.a
[1843/4645] Building CXX object lib/CGData/CMakeFiles/LLVMCGData.dir/CodeGenDataWriter.cpp.o
[1844/4645] Building CXX object lib/CGData/CMakeFiles/LLVMCGData.dir/CodeGenData.cpp.o
[1845/4645] Building CXX object lib/CGData/CMakeFiles/LLVMCGData.dir/OutlinedHashTree.cpp.o
[1846/4645] Building CXX object lib/CGData/CMakeFiles/LLVMCGData.dir/OutlinedHashTreeRecord.cpp.o
[1847/4645] Building CXX object tools/clang/lib/Serialization/CMakeFiles/obj.clangSerialization.dir/ASTWriter.cpp.o
[1848/4645] Building CXX object lib/CGData/CMakeFiles/LLVMCGData.dir/StableFunctionMap.cpp.o
[1849/4645] Building CXX object lib/CGData/CMakeFiles/LLVMCGData.dir/StableFunctionMapRecord.cpp.o
[1850/4645] Building CXX object lib/Transforms/ObjCARC/CMakeFiles/LLVMObjCARCOpts.dir/ObjCARCExpand.cpp.o
[1851/4645] Building CXX object lib/Transforms/ObjCARC/CMakeFiles/LLVMObjCARCOpts.dir/ObjCARC.cpp.o
[1852/4645] Building CXX object lib/Transforms/ObjCARC/CMakeFiles/LLVMObjCARCOpts.dir/DependencyAnalysis.cpp.o
[1853/4645] Building CXX object lib/Transforms/ObjCARC/CMakeFiles/LLVMObjCARCOpts.dir/ObjCARCContract.cpp.o
[1854/4645] Building CXX object lib/Transforms/ObjCARC/CMakeFiles/LLVMObjCARCOpts.dir/ProvenanceAnalysisEvaluator.cpp.o
[1855/4645] Building CXX object lib/Transforms/ObjCARC/CMakeFiles/LLVMObjCARCOpts.dir/ProvenanceAnalysis.cpp.o
[1856/4645] Building CXX object lib/Target/CMakeFiles/LLVMTarget.dir/RegisterTargetPassConfigCallback.cpp.o
[1857/4645] Building CXX object lib/Transforms/ObjCARC/CMakeFiles/LLVMObjCARCOpts.dir/PtrState.cpp.o
[1858/4645] Building CXX object lib/Target/CMakeFiles/LLVMTarget.dir/Target.cpp.o
[1859/4645] Building CXX object lib/Transforms/ObjCARC/CMakeFiles/LLVMObjCARCOpts.dir/ObjCARCOpts.cpp.o
[1860/4645] Building CXX object lib/Target/CMakeFiles/LLVMTarget.dir/TargetLoweringObjectFile.cpp.o
[1861/4645] Building CXX object lib/SandboxIR/CMakeFiles/LLVMSandboxIR.dir/Argument.cpp.o
[1862/4645] Building CXX object lib/Target/CMakeFiles/LLVMTarget.dir/TargetMachineC.cpp.o
[1863/4645] Building CXX object lib/CodeGen/CMakeFiles/LLVMCodeGen.dir/cmake_pch.hxx.pch
[1864/4645] Building CXX object lib/Target/CMakeFiles/LLVMTarget.dir/TargetMachine.cpp.o
[1865/4645] Building CXX object lib/SandboxIR/CMakeFiles/LLVMSandboxIR.dir/BasicBlock.cpp.o
[1866/4645] Building CXX object lib/SandboxIR/CMakeFiles/LLVMSandboxIR.dir/Constant.cpp.o
[1867/4645] Building CXX object tools/clang/lib/Serialization/CMakeFiles/obj.clangSerialization.dir/ASTReader.cpp.o
[1868/4645] Building CXX object lib/SandboxIR/CMakeFiles/LLVMSandboxIR.dir/Function.cpp.o
[1869/4645] Building CXX object lib/SandboxIR/CMakeFiles/LLVMSandboxIR.dir/Module.cpp.o
[1870/4645] Building CXX object lib/SandboxIR/CMakeFiles/LLVMSandboxIR.dir/Pass.cpp.o
[1871/4645] Linking CXX static library lib/libLLVMPlugins.a
[1872/4645] Linking CXX static library lib/libclangParse.a
[1873/4645] Linking CXX static library lib/libclangOptions.a
[1874/4645] Linking CXX static library lib/libclangSerialization.a
[1875/4645] Building CXX object lib/SandboxIR/CMakeFiles/LLVMSandboxIR.dir/PassManager.cpp.o
[1876/4645] Building CXX object lib/SandboxIR/CMakeFiles/LLVMSandboxIR.dir/Context.cpp.o
[1877/4645] Building CXX object lib/SandboxIR/CMakeFiles/LLVMSandboxIR.dir/Type.cpp.o
[1878/4645] Building CXX object lib/SandboxIR/CMakeFiles/LLVMSandboxIR.dir/Region.cpp.o
[1879/4645] Building CXX object lib/SandboxIR/CMakeFiles/LLVMSandboxIR.dir/User.cpp.o
[1880/4645] Building CXX object lib/SandboxIR/CMakeFiles/LLVMSandboxIR.dir/Tracker.cpp.o
[1881/4645] Building CXX object lib/SandboxIR/CMakeFiles/LLVMSandboxIR.dir/Use.cpp.o
[1882/4645] Building CXX object lib/SandboxIR/CMakeFiles/LLVMSandboxIR.dir/Value.cpp.o
[1883/4645] Building CXX object lib/SandboxIR/CMakeFiles/LLVMSandboxIR.dir/Instruction.cpp.o
[1884/4645] Building CXX object tools/clang/lib/Frontend/CMakeFiles/obj.clangFrontend.dir/ChainedDiagnosticConsumer.cpp.o
[1885/4645] Building CXX object tools/clang/lib/Frontend/CMakeFiles/obj.clangFrontend.dir/DiagnosticRenderer.cpp.o
[1886/4645] Building CXX object tools/clang/lib/Frontend/CMakeFiles/obj.clangFrontend.dir/DependencyGraph.cpp.o
[1887/4645] Building CXX object tools/clang/lib/Frontend/CMakeFiles/obj.clangFrontend.dir/ASTMerge.cpp.o
[1888/4645] Building CXX object tools/clang/lib/Frontend/CMakeFiles/obj.clangFrontend.dir/DependencyFile.cpp.o
[1889/4645] Building CXX object tools/clang/lib/Frontend/CMakeFiles/obj.clangFrontend.dir/ChainedIncludesSource.cpp.o
[1890/4645] Building CXX object tools/clang/lib/Frontend/CMakeFiles/obj.clangFrontend.dir/FrontendOptions.cpp.o
[1891/4645] Building CXX object tools/clang/lib/Frontend/CMakeFiles/obj.clangFrontend.dir/ASTUnit.cpp.o
[1892/4645] Building CXX object tools/clang/lib/Frontend/CMakeFiles/obj.clangFrontend.dir/CompilerInstance.cpp.o
[1893/4645] Building CXX object tools/clang/lib/Frontend/CMakeFiles/obj.clangFrontend.dir/HeaderIncludeGen.cpp.o
[1894/4645] Building CXX object tools/clang/lib/Frontend/CMakeFiles/obj.clangFrontend.dir/LayoutOverrideSource.cpp.o
[1895/4645] Building CXX object tools/clang/lib/Frontend/CMakeFiles/obj.clangFrontend.dir/LogDiagnosticPrinter.cpp.o
[1896/4645] Building CXX object tools/clang/lib/Frontend/CMakeFiles/obj.clangFrontend.dir/ASTConsumers.cpp.o
[1897/4645] Building CXX object tools/clang/lib/Frontend/CMakeFiles/obj.clangFrontend.dir/FrontendAction.cpp.o
[1898/4645] Building CXX object tools/clang/lib/Frontend/CMakeFiles/obj.clangFrontend.dir/InitPreprocessor.cpp.o
[1899/4645] Building CXX object tools/clang/lib/Frontend/CMakeFiles/obj.clangFrontend.dir/MultiplexConsumer.cpp.o
[1900/4645] Building CXX object tools/clang/lib/Frontend/CMakeFiles/obj.clangFrontend.dir/SARIFDiagnostic.cpp.o
[1901/4645] Building CXX object tools/clang/lib/Frontend/CMakeFiles/obj.clangFrontend.dir/PrintPreprocessedOutput.cpp.o
[1902/4645] Building CXX object tools/clang/lib/Frontend/CMakeFiles/obj.clangFrontend.dir/SARIFDiagnosticPrinter.cpp.o
[1903/4645] Building CXX object tools/clang/lib/Frontend/CMakeFiles/obj.clangFrontend.dir/FrontendActions.cpp.o
[1904/4645] Building CXX object tools/clang/lib/Frontend/CMakeFiles/obj.clangFrontend.dir/ModuleDependencyCollector.cpp.o
[1905/4645] Building CXX object tools/clang/lib/Frontend/CMakeFiles/obj.clangFrontend.dir/StandaloneDiagnostic.cpp.o
[1906/4645] Building CXX object tools/clang/lib/Frontend/CMakeFiles/obj.clangFrontend.dir/SerializedDiagnosticReader.cpp.o
[1907/4645] Building CXX object tools/clang/lib/Frontend/CMakeFiles/obj.clangFrontend.dir/SerializedDiagnosticPrinter.cpp.o
[1908/4645] Building CXX object tools/clang/lib/Frontend/CMakeFiles/obj.clangFrontend.dir/PrecompiledPreamble.cpp.o
[1909/4645] Building CXX object tools/clang/lib/Frontend/CMakeFiles/obj.clangFrontend.dir/TextDiagnosticBuffer.cpp.o
[1910/4645] Building CXX object tools/clang/lib/Frontend/CMakeFiles/obj.clangFrontend.dir/TextDiagnosticPrinter.cpp.o
[1911/4645] Building CXX object tools/clang/lib/Frontend/CMakeFiles/obj.clangFrontend.dir/TextDiagnostic.cpp.o
[1912/4645] Building CXX object tools/clang/lib/ScalableStaticAnalysisFramework/Analyses/CMakeFiles/obj.clangScalableStaticAnalysisFrameworkAnalyses.dir/CallGraph/CallGraphExtractor.cpp.o
[1913/4645] Building CXX object tools/clang/lib/ScalableStaticAnalysisFramework/Analyses/CMakeFiles/obj.clangScalableStaticAnalysisFrameworkAnalyses.dir/CallGraph/CallGraphJSONFormat.cpp.o
[1914/4645] Building CXX object tools/clang/lib/Frontend/CMakeFiles/obj.clangFrontend.dir/TestModuleFileExtension.cpp.o
[1915/4645] Building CXX object tools/clang/lib/ScalableStaticAnalysisFramework/Analyses/CMakeFiles/obj.clangScalableStaticAnalysisFrameworkAnalyses.dir/EntityPointerLevel/EntityPointerLevel.cpp.o
[1916/4645] Building CXX object tools/clang/lib/Frontend/CMakeFiles/obj.clangFrontend.dir/VerifyDiagnosticConsumer.cpp.o
[1917/4645] Building CXX object tools/clang/lib/ScalableStaticAnalysisFramework/Analyses/CMakeFiles/obj.clangScalableStaticAnalysisFrameworkAnalyses.dir/PointerFlow/PointerFlow.cpp.o
[1918/4645] Building CXX object tools/clang/lib/ScalableStaticAnalysisFramework/Analyses/CMakeFiles/obj.clangScalableStaticAnalysisFrameworkAnalyses.dir/EntityPointerLevel/EntityPointerLevelFormat.cpp.o
[1919/4645] Building CXX object tools/clang/lib/Frontend/CMakeFiles/obj.clangFrontend.dir/CompilerInvocation.cpp.o
[1920/4645] Linking CXX static library lib/libclangScalableStaticAnalysisFrameworkCore.a
[1921/4645] Linking CXX static library lib/libLLVMCGData.a
[1922/4645] Building CXX object tools/clang/lib/ScalableStaticAnalysisFramework/Analyses/CMakeFiles/obj.clangScalableStaticAnalysisFrameworkAnalyses.dir/PointerFlow/PointerFlowAnalysis.cpp.o
[1923/4645] Building CXX object tools/clang/lib/ScalableStaticAnalysisFramework/Analyses/CMakeFiles/obj.clangScalableStaticAnalysisFrameworkAnalyses.dir/PointerFlow/PointerFlowExtractor.cpp.o
[1924/4645] Building CXX object tools/clang/lib/ScalableStaticAnalysisFramework/Analyses/CMakeFiles/obj.clangScalableStaticAnalysisFrameworkAnalyses.dir/UnsafeBufferUsage/UnsafeBufferUsage.cpp.o
[1925/4645] Building CXX object tools/clang/lib/ScalableStaticAnalysisFramework/Analyses/CMakeFiles/obj.clangScalableStaticAnalysisFrameworkAnalyses.dir/PointerFlow/PointerFlowFormat.cpp.o
[1926/4645] Building CXX object tools/clang/lib/ScalableStaticAnalysisFramework/Analyses/CMakeFiles/obj.clangScalableStaticAnalysisFrameworkAnalyses.dir/SSAFAnalysesCommon.cpp.o
[1927/4645] Building CXX object tools/clang/lib/ScalableStaticAnalysisFramework/Analyses/CMakeFiles/obj.clangScalableStaticAnalysisFrameworkAnalyses.dir/UnsafeBufferUsage/UnsafeBufferUsageExtractor.cpp.o
[1928/4645] Building CXX object tools/clang/lib/ScalableStaticAnalysisFramework/Analyses/CMakeFiles/obj.clangScalableStaticAnalysisFrameworkAnalyses.dir/UnsafeBufferUsage/UnsafeBufferUsageFormat.cpp.o
[1929/4645] Building CXX object tools/clang/lib/ScalableStaticAnalysisFramework/Analyses/CMakeFiles/obj.clangScalableStaticAnalysisFrameworkAnalyses.dir/UnsafeBufferUsage/UnsafeBufferUsageAnalysis.cpp.o
[1930/4645] Building CXX object lib/CodeGen/CMakeFiles/LLVMCodeGen.dir/AllocationOrder.cpp.o
[1931/4645] Building CXX object lib/CodeGen/CMakeFiles/LLVMCodeGen.dir/AggressiveAntiDepBreaker.cpp.o
[1932/4645] Building CXX object lib/CodeGen/CMakeFiles/LLVMCodeGen.dir/Analysis.cpp.o
[1933/4645] Building CXX object lib/CodeGen/CMakeFiles/LLVMCodeGen.dir/BranchRelaxation.cpp.o
[1934/4645] Building CXX object lib/CodeGen/CMakeFiles/LLVMCodeGen.dir/AtomicExpandPass.cpp.o
[1935/4645] Building CXX object tools/clang/lib/Frontend/CMakeFiles/obj.clangFrontend.dir/InterfaceStubFunctionsConsumer.cpp.o
[1936/4645] Building CXX object lib/CodeGen/CMakeFiles/LLVMCodeGen.dir/BreakFalseDeps.cpp.o
[1937/4645] Building CXX object lib/CodeGen/CMakeFiles/LLVMCodeGen.dir/BranchFolding.cpp.o
[1938/4645] Building CXX object lib/CodeGen/CMakeFiles/LLVMCodeGen.dir/BasicTargetTransformInfo.cpp.o
[1939/4645] Building CXX object lib/CodeGen/CMakeFiles/LLVMCodeGen.dir/BasicBlockSections.cpp.o
[1940/4645] Building CXX object lib/CodeGen/CMakeFiles/LLVMCodeGen.dir/BasicBlockPathCloning.cpp.o
[1941/4645] Building CXX object lib/CodeGen/CMakeFiles/LLVMCodeGen.dir/BasicBlockSectionsProfileReader.cpp.o
[1942/4645] Building CXX object lib/CodeGen/CMakeFiles/LLVMCodeGen.dir/CallingConvLower.cpp.o
[1943/4645] Building CXX object lib/CodeGen/CMakeFiles/LLVMCodeGen.dir/CFGuardLongjmp.cpp.o
[1944/4645] Building CXX object lib/CodeGen/CMakeFiles/LLVMCodeGen.dir/CalcSpillWeights.cpp.o
[1945/4645] Building CXX object lib/CodeGen/CMakeFiles/LLVMCodeGen.dir/BasicBlockMatchingAndInference.cpp.o
[1946/4645] Building CXX object lib/CodeGen/CMakeFiles/LLVMCodeGen.dir/CFIFixup.cpp.o
[1947/4645] Building CXX object lib/CodeGen/CMakeFiles/LLVMCodeGen.dir/CodeGen.cpp.o
[1948/4645] Building CXX object lib/CodeGen/CMakeFiles/LLVMCodeGen.dir/CodeGenCommonISel.cpp.o
[1949/4645] Building CXX object lib/CodeGen/CMakeFiles/LLVMCodeGen.dir/CFIInstrInserter.cpp.o
[1950/4645] Building CXX object lib/CodeGen/CMakeFiles/LLVMCodeGen.dir/AssignmentTrackingAnalysis.cpp.o
[1951/4645] Building CXX object lib/CodeGen/CMakeFiles/LLVMCodeGen.dir/DeadMachineInstructionElim.cpp.o
[1952/4645] Building CXX object lib/CodeGen/CMakeFiles/LLVMCodeGen.dir/CriticalAntiDepBreaker.cpp.o
[1953/4645] Building CXX object lib/CodeGen/CMakeFiles/LLVMCodeGen.dir/DetectDeadLanes.cpp.o
[1954/4645] Building CXX object lib/CodeGen/CMakeFiles/LLVMCodeGen.dir/CommandFlags.cpp.o
[1955/4645] Building CXX object lib/CodeGen/CMakeFiles/LLVMCodeGen.dir/DroppedVariableStatsMIR.cpp.o
[1956/4645] Building CXX object lib/CodeGen/CMakeFiles/LLVMCodeGen.dir/DFAPacketizer.cpp.o
[1957/4645] Building CXX object lib/CodeGen/CMakeFiles/LLVMCodeGen.dir/ComplexDeinterleavingPass.cpp.o
[1958/4645] Building CXX object lib/CodeGen/CMakeFiles/LLVMCodeGen.dir/DwarfEHPrepare.cpp.o
[1959/4645] Building CXX object lib/CodeGen/CMakeFiles/LLVMCodeGen.dir/EHContGuardTargets.cpp.o
[1960/4645] Building CXX object lib/CodeGen/CMakeFiles/LLVMCodeGen.dir/EdgeBundles.cpp.o
[1961/4645] Building CXX object lib/CodeGen/CMakeFiles/LLVMCodeGen.dir/EarlyIfConversion.cpp.o
[1962/4645] Building CXX object lib/CodeGen/CMakeFiles/LLVMCodeGen.dir/ExecutionDomainFix.cpp.o
[1963/4645] Building CXX object lib/CodeGen/CMakeFiles/LLVMCodeGen.dir/ExpandPostRAPseudos.cpp.o
[1964/4645] Building CXX object lib/CodeGen/CMakeFiles/LLVMCodeGen.dir/ExpandReductions.cpp.o
[1965/4645] Building CXX object lib/CodeGen/CMakeFiles/LLVMCodeGen.dir/FaultMaps.cpp.o
[1966/4645] Building CXX object lib/CodeGen/CMakeFiles/LLVMCodeGen.dir/ExpandIRInsts.cpp.o
[1967/4645] Building CXX object lib/CodeGen/CMakeFiles/LLVMCodeGen.dir/ExpandVectorPredication.cpp.o
[1968/4645] Building CXX object lib/CodeGen/CMakeFiles/LLVMCodeGen.dir/FEntryInserter.cpp.o
[1969/4645] Building CXX object lib/CodeGen/CMakeFiles/LLVMCodeGen.dir/FinalizeISel.cpp.o
[1970/4645] Building CXX object lib/CodeGen/CMakeFiles/LLVMCodeGen.dir/FuncletLayout.cpp.o
[1971/4645] Building CXX object lib/CodeGen/CMakeFiles/LLVMCodeGen.dir/FixupStatepointCallerSaved.cpp.o
[1972/4645] Building CXX object lib/CodeGen/CMakeFiles/LLVMCodeGen.dir/MachineFunctionAnalysis.cpp.o
[1973/4645] Building CXX object lib/CodeGen/CMakeFiles/LLVMCodeGen.dir/GCMetadataPrinter.cpp.o
[1974/4645] Building CXX object lib/CodeGen/CMakeFiles/LLVMCodeGen.dir/GCMetadata.cpp.o
[1975/4645] Building CXX object lib/CodeGen/CMakeFiles/LLVMCodeGen.dir/GCRootLowering.cpp.o
[1976/4645] Building CXX object lib/CodeGen/CMakeFiles/LLVMCodeGen.dir/CodeGenPrepare.cpp.o
[1977/4645] Building CXX object lib/CodeGen/CMakeFiles/LLVMCodeGen.dir/GlobalMerge.cpp.o
[1978/4645] Building CXX object lib/CodeGen/CMakeFiles/LLVMCodeGen.dir/HardwareLoops.cpp.o
[1979/4645] Building CXX object lib/CodeGen/CMakeFiles/LLVMCodeGen.dir/GlobalMergeFunctions.cpp.o
[1980/4645] Building CXX object lib/CodeGen/CMakeFiles/LLVMCodeGen.dir/IndirectBrExpandPass.cpp.o
[1981/4645] Building CXX object lib/CodeGen/CMakeFiles/LLVMCodeGen.dir/ImplicitNullChecks.cpp.o
[1982/4645] Building CXX object lib/CodeGen/CMakeFiles/LLVMCodeGen.dir/InitUndef.cpp.o
[1983/4645] Building CXX object lib/CodeGen/CMakeFiles/LLVMCodeGen.dir/InlineAsmPrepare.cpp.o
[1984/4645] Building CXX object lib/CodeGen/CMakeFiles/LLVMCodeGen.dir/IfConversion.cpp.o
[1985/4645] Building CXX object lib/CodeGen/CMakeFiles/LLVMCodeGen.dir/InsertCodePrefetch.cpp.o
[1986/4645] Building CXX object lib/CodeGen/CMakeFiles/LLVMCodeGen.dir/InterferenceCache.cpp.o
[1987/4645] Building CXX object lib/CodeGen/CMakeFiles/LLVMCodeGen.dir/IntrinsicLowering.cpp.o
[1988/4645] Building CXX object lib/CodeGen/CMakeFiles/LLVMCodeGen.dir/JMCInstrumenter.cpp.o
[1989/4645] Building CXX object lib/CodeGen/CMakeFiles/LLVMCodeGen.dir/InterleavedAccessPass.cpp.o
[1990/4645] Building CXX object lib/CodeGen/CMakeFiles/LLVMCodeGen.dir/InlineSpiller.cpp.o
[1991/4645] Building CXX object lib/CodeGen/CMakeFiles/LLVMCodeGen.dir/KCFI.cpp.o
[1992/4645] Building CXX object lib/CodeGen/CMakeFiles/LLVMCodeGen.dir/InterleavedLoadCombinePass.cpp.o
[1993/4645] Building CXX object lib/CodeGen/CMakeFiles/LLVMCodeGen.dir/LatencyPriorityQueue.cpp.o
[1994/4645] Building CXX object lib/CodeGen/CMakeFiles/LLVMCodeGen.dir/LazyMachineBlockFrequencyInfo.cpp.o
[1995/4645] Building CXX object lib/CodeGen/CMakeFiles/LLVMCodeGen.dir/LexicalScopes.cpp.o
[1996/4645] Building CXX object lib/CodeGen/CMakeFiles/LLVMCodeGen.dir/LibcallLoweringInfo.cpp.o
[1997/4645] Building CXX object lib/CodeGen/CMakeFiles/LLVMCodeGen.dir/LivePhysRegs.cpp.o
[1998/4645] Building CXX object lib/CodeGen/CMakeFiles/LLVMCodeGen.dir/LiveIntervalUnion.cpp.o
[1999/4645] Building CXX object lib/CodeGen/CMakeFiles/LLVMCodeGen.dir/LiveIntervalCalc.cpp.o
[2000/4645] Building CXX object lib/CodeGen/CMakeFiles/LLVMCodeGen.dir/LiveInterval.cpp.o
[2001/4645] Building CXX object lib/CodeGen/CMakeFiles/LLVMCodeGen.dir/LiveRangeCalc.cpp.o
[2002/4645] Building CXX object lib/CodeGen/CMakeFiles/LLVMCodeGen.dir/LiveIntervals.cpp.o
[2003/4645] Building CXX object lib/CodeGen/CMakeFiles/LLVMCodeGen.dir/LiveRangeEdit.cpp.o
[2004/4645] Building CXX object lib/CodeGen/CMakeFiles/LLVMCodeGen.dir/LiveRangeShrink.cpp.o
[2005/4645] Building CXX object lib/CodeGen/CMakeFiles/LLVMCodeGen.dir/LiveRegMatrix.cpp.o
[2006/4645] Building CXX object lib/CodeGen/CMakeFiles/LLVMCodeGen.dir/LiveDebugVariables.cpp.o
[2007/4645] Building CXX object lib/CodeGen/CMakeFiles/LLVMCodeGen.dir/LiveStacks.cpp.o
[2008/4645] Building CXX object lib/CodeGen/CMakeFiles/LLVMCodeGen.dir/LiveRegUnits.cpp.o
[2009/4645] Building CXX object lib/CodeGen/CMakeFiles/LLVMCodeGen.dir/LocalStackSlotAllocation.cpp.o
[2010/4645] Building CXX object lib/CodeGen/CMakeFiles/LLVMCodeGen.dir/LowLevelTypeUtils.cpp.o
[2011/4645] Building CXX object lib/CodeGen/CMakeFiles/LLVMCodeGen.dir/LoopTraversal.cpp.o
[2012/4645] Building CXX object lib/CodeGen/CMakeFiles/LLVMCodeGen.dir/LiveVariables.cpp.o
[2013/4645] Building CXX object lib/CodeGen/CMakeFiles/LLVMCodeGen.dir/CodeGenTargetMachineImpl.cpp.o
[2014/4645] Building CXX object lib/CodeGen/CMakeFiles/LLVMCodeGen.dir/LowerEmuTLS.cpp.o
[2015/4645] Building CXX object lib/CodeGen/CMakeFiles/LLVMCodeGen.dir/MachineBlockHashInfo.cpp.o
[2016/4645] Building CXX object lib/CodeGen/CMakeFiles/LLVMCodeGen.dir/MachineBranchProbabilityInfo.cpp.o
[2017/4645] Building CXX object lib/CodeGen/CMakeFiles/LLVMCodeGen.dir/MachineBasicBlock.cpp.o
[2018/4645] Building CXX object lib/CodeGen/CMakeFiles/LLVMCodeGen.dir/MachineBlockFrequencyInfo.cpp.o
[2019/4645] Building CXX object lib/CodeGen/CMakeFiles/LLVMCodeGen.dir/MachineCFGPrinter.cpp.o
[2020/4645] Building CXX object lib/CodeGen/CMakeFiles/LLVMCodeGen.dir/MachineConvergenceVerifier.cpp.o
[2021/4645] Building CXX object lib/CodeGen/CMakeFiles/LLVMCodeGen.dir/MachineCombiner.cpp.o
[2022/4645] Building CXX object lib/CodeGen/CMakeFiles/LLVMCodeGen.dir/MachineCSE.cpp.o
[2023/4645] Building CXX object lib/CodeGen/CMakeFiles/LLVMCodeGen.dir/MachineCheckDebugify.cpp.o
[2024/4645] Building CXX object lib/CodeGen/CMakeFiles/LLVMCodeGen.dir/MachineBlockPlacement.cpp.o
[2025/4645] Building CXX object lib/CodeGen/CMakeFiles/LLVMCodeGen.dir/MachineCopyPropagation.cpp.o
[2026/4645] Building CXX object lib/CodeGen/CMakeFiles/LLVMCodeGen.dir/MachineCycleAnalysis.cpp.o
[2027/4645] Building CXX object lib/CodeGen/CMakeFiles/LLVMCodeGen.dir/MachineDebugify.cpp.o
[2028/4645] Building CXX object lib/CodeGen/CMakeFiles/LLVMCodeGen.dir/MachineFrameInfo.cpp.o
[2029/4645] Building CXX object lib/CodeGen/CMakeFiles/LLVMCodeGen.dir/MachineDominanceFrontier.cpp.o
[2030/4645] Building CXX object lib/CodeGen/CMakeFiles/LLVMCodeGen.dir/MachineDomTreeUpdater.cpp.o
[2031/4645] Building CXX object lib/CodeGen/CMakeFiles/LLVMCodeGen.dir/MachineFunctionPrinterPass.cpp.o
[2032/4645] Building CXX object lib/CodeGen/CMakeFiles/LLVMCodeGen.dir/MachineFunctionPass.cpp.o
[2033/4645] Building CXX object lib/CodeGen/CMakeFiles/LLVMCodeGen.dir/MachineFunctionSplitter.cpp.o
[2034/4645] Building CXX object lib/CodeGen/CMakeFiles/LLVMCodeGen.dir/MachineIDFSSAUpdater.cpp.o
[2035/4645] Building CXX object lib/CodeGen/CMakeFiles/LLVMCodeGen.dir/MachineInstrBundle.cpp.o
[2036/4645] Building CXX object lib/CodeGen/CMakeFiles/LLVMCodeGen.dir/MachineDominators.cpp.o
[2037/4645] Building CXX object lib/CodeGen/CMakeFiles/LLVMCodeGen.dir/MachineLateInstrsCleanup.cpp.o
[2038/4645] Building CXX object lib/CodeGen/CMakeFiles/LLVMCodeGen.dir/MachineFunction.cpp.o
[2039/4645] Building CXX object lib/CodeGen/CMakeFiles/LLVMCodeGen.dir/MachineInstr.cpp.o
[2040/4645] Building CXX object lib/CodeGen/CMakeFiles/LLVMCodeGen.dir/MachineLoopUtils.cpp.o
[2041/4645] Building CXX object lib/CodeGen/CMakeFiles/LLVMCodeGen.dir/MachineLICM.cpp.o
[2042/4645] Building CXX object lib/CodeGen/CMakeFiles/LLVMCodeGen.dir/MachineModuleInfoImpls.cpp.o
[2043/4645] Building CXX object lib/CodeGen/CMakeFiles/LLVMCodeGen.dir/MachineModuleInfo.cpp.o
[2044/4645] Building CXX object lib/CodeGen/CMakeFiles/LLVMCodeGen.dir/MachineModuleSlotTracker.cpp.o
[2045/4645] Building CXX object lib/CodeGen/CMakeFiles/LLVMCodeGen.dir/MachineLoopInfo.cpp.o
[2046/4645] Building CXX object lib/CodeGen/CMakeFiles/LLVMCodeGen.dir/MachineOptimizationRemarkEmitter.cpp.o
[2047/4645] Building CXX object lib/CodeGen/CMakeFiles/LLVMCodeGen.dir/MachineOperand.cpp.o
[2048/4645] Building CXX object lib/CodeGen/CMakeFiles/LLVMCodeGen.dir/MachinePassManager.cpp.o
[2049/4645] Building CXX object lib/CodeGen/CMakeFiles/LLVMCodeGen.dir/MachineOutliner.cpp.o
[2050/4645] Building CXX object lib/CodeGen/CMakeFiles/LLVMCodeGen.dir/MachineRegisterInfo.cpp.o
[2051/4645] Building CXX object lib/CodeGen/CMakeFiles/LLVMCodeGen.dir/MachineSizeOpts.cpp.o
[2052/4645] Building CXX object lib/CodeGen/CMakeFiles/LLVMCodeGen.dir/MachineSSAContext.cpp.o
[2053/4645] Building CXX object lib/CodeGen/CMakeFiles/LLVMCodeGen.dir/MachineRegionInfo.cpp.o
[2054/4645] Building CXX object lib/CodeGen/CMakeFiles/LLVMCodeGen.dir/MachinePostDominators.cpp.o
[2055/4645] Building CXX object lib/CodeGen/CMakeFiles/LLVMCodeGen.dir/MachineScheduler.cpp.o
[2056/4645] Building CXX object lib/CodeGen/CMakeFiles/LLVMCodeGen.dir/MachineSSAUpdater.cpp.o
[2057/4645] Building CXX object lib/CodeGen/CMakeFiles/LLVMCodeGen.dir/MachineStripDebug.cpp.o
[2058/4645] Building CXX object lib/CodeGen/CMakeFiles/LLVMCodeGen.dir/MachineSink.cpp.o
[2059/4645] Building CXX object lib/CodeGen/CMakeFiles/LLVMCodeGen.dir/MachineTraceMetrics.cpp.o
[2060/4645] Building CXX object lib/CodeGen/CMakeFiles/LLVMCodeGen.dir/MachineUniformityAnalysis.cpp.o
[2061/4645] Building CXX object lib/CodeGen/CMakeFiles/LLVMCodeGen.dir/MIRFSDiscriminator.cpp.o
[2062/4645] Building CXX object lib/CodeGen/CMakeFiles/LLVMCodeGen.dir/MIRYamlMapping.cpp.o
[2063/4645] Building CXX object lib/CodeGen/CMakeFiles/LLVMCodeGen.dir/MachinePipeliner.cpp.o
[2064/4645] Building CXX object lib/CodeGen/CMakeFiles/LLVMCodeGen.dir/MIR2Vec.cpp.o
[2065/4645] Building CXX object lib/CodeGen/CMakeFiles/LLVMCodeGen.dir/MLRegAllocPriorityAdvisor.cpp.o
[2066/4645] Building CXX object lib/CodeGen/CMakeFiles/LLVMCodeGen.dir/MLRegAllocEvictAdvisor.cpp.o
[2067/4645] Building CXX object lib/CodeGen/CMakeFiles/LLVMCodeGen.dir/MachineVerifier.cpp.o
[2068/4645] Building CXX object lib/CodeGen/CMakeFiles/LLVMCodeGen.dir/MultiHazardRecognizer.cpp.o
[2069/4645] Building CXX object lib/CodeGen/CMakeFiles/LLVMCodeGen.dir/PatchableFunction.cpp.o
[2070/4645] Building CXX object lib/CodeGen/CMakeFiles/LLVMCodeGen.dir/MIRSampleProfile.cpp.o
[2071/4645] Building CXX object lib/CodeGen/CMakeFiles/LLVMCodeGen.dir/MBFIWrapper.cpp.o
[2072/4645] Building CXX object lib/CodeGen/CMakeFiles/LLVMCodeGen.dir/MIRPrintingPass.cpp.o
[2073/4645] Building CXX object lib/CodeGen/CMakeFiles/LLVMCodeGen.dir/MacroFusion.cpp.o
[2074/4645] Building CXX object lib/CodeGen/CMakeFiles/LLVMCodeGen.dir/OptimizePHIs.cpp.o
[2075/4645] Building CXX object lib/CodeGen/CMakeFiles/LLVMCodeGen.dir/NonRelocatableStringpool.cpp.o
[2076/4645] Building CXX object lib/CodeGen/CMakeFiles/LLVMCodeGen.dir/ModuloSchedule.cpp.o
[2077/4645] Building CXX object lib/CodeGen/CMakeFiles/LLVMCodeGen.dir/PHIEliminationUtils.cpp.o
[2078/4645] Building CXX object lib/CodeGen/CMakeFiles/LLVMCodeGen.dir/PostRAHazardRecognizer.cpp.o
[2079/4645] Building CXX object lib/CodeGen/CMakeFiles/LLVMCodeGen.dir/PeepholeOptimizer.cpp.o
[2080/4645] Building CXX object lib/CodeGen/CMakeFiles/LLVMCodeGen.dir/PHIElimination.cpp.o
[2081/4645] Building CXX object lib/CodeGen/CMakeFiles/LLVMCodeGen.dir/PostRASchedulerList.cpp.o
[2082/4645] Building CXX object lib/CodeGen/CMakeFiles/LLVMCodeGen.dir/ProcessImplicitDefs.cpp.o
[2083/4645] Building CXX object lib/CodeGen/CMakeFiles/LLVMCodeGen.dir/PseudoProbeInserter.cpp.o
[2084/4645] Building CXX object lib/CodeGen/CMakeFiles/LLVMCodeGen.dir/PreISelIntrinsicLowering.cpp.o
[2085/4645] Building CXX object lib/CodeGen/CMakeFiles/LLVMCodeGen.dir/MIRPrinter.cpp.o
[2086/4645] Building CXX object lib/CodeGen/CMakeFiles/LLVMCodeGen.dir/PseudoSourceValue.cpp.o
[2087/4645] Building CXX object lib/CodeGen/CMakeFiles/LLVMCodeGen.dir/PrologEpilogInserter.cpp.o
[2088/4645] Building CXX object lib/CodeGen/CMakeFiles/LLVMCodeGen.dir/RDFRegisters.cpp.o
[2089/4645] Building CXX object lib/CodeGen/CMakeFiles/LLVMCodeGen.dir/RegAllocBase.cpp.o
[2090/4645] Building CXX object lib/CodeGen/CMakeFiles/LLVMCodeGen.dir/RDFGraph.cpp.o
[2091/4645] Building CXX object lib/CodeGen/CMakeFiles/LLVMCodeGen.dir/RegAllocBasic.cpp.o
[2092/4645] Building CXX object lib/CodeGen/CMakeFiles/LLVMCodeGen.dir/ReachingDefAnalysis.cpp.o
[2093/4645] Building CXX object lib/CodeGen/CMakeFiles/LLVMCodeGen.dir/RegAllocEvictionAdvisor.cpp.o
[2094/4645] Building CXX object lib/CodeGen/CMakeFiles/LLVMCodeGen.dir/RDFLiveness.cpp.o
[2095/4645] Building CXX object lib/CodeGen/CMakeFiles/LLVMCodeGen.dir/RegAllocPriorityAdvisor.cpp.o
[2096/4645] Building CXX object lib/CodeGen/CMakeFiles/LLVMCodeGen.dir/RegAllocScore.cpp.o
[2097/4645] Building CXX object lib/CodeGen/CMakeFiles/LLVMCodeGen.dir/RegAllocFast.cpp.o
[2098/4645] Building CXX object lib/CodeGen/CMakeFiles/LLVMCodeGen.dir/RegisterClassInfo.cpp.o
[2099/4645] Building CXX object lib/CodeGen/CMakeFiles/LLVMCodeGen.dir/RegAllocGreedy.cpp.o
[2100/4645] Building CXX object lib/CodeGen/CMakeFiles/LLVMCodeGen.dir/RegAllocPBQP.cpp.o
[2101/4645] Building CXX object lib/CodeGen/CMakeFiles/LLVMCodeGen.dir/RegisterScavenging.cpp.o
[2102/4645] Building CXX object lib/CodeGen/CMakeFiles/LLVMCodeGen.dir/RegisterPressure.cpp.o
[2103/4645] Building CXX object lib/CodeGen/CMakeFiles/LLVMCodeGen.dir/GCEmptyBasicBlocks.cpp.o
[2104/4645] Building CXX object lib/CodeGen/CMakeFiles/LLVMCodeGen.dir/RemoveRedundantDebugValues.cpp.o
[2105/4645] Building CXX object lib/CodeGen/CMakeFiles/LLVMCodeGen.dir/RegisterCoalescer.cpp.o
[2106/4645] Building CXX object lib/CodeGen/CMakeFiles/LLVMCodeGen.dir/MachineStableHash.cpp.o
[2107/4645] Building CXX object lib/CodeGen/CMakeFiles/LLVMCodeGen.dir/RenameIndependentSubregs.cpp.o
[2108/4645] Building CXX object lib/CodeGen/CMakeFiles/LLVMCodeGen.dir/MIRVRegNamerUtils.cpp.o
[2109/4645] Building CXX object lib/CodeGen/CMakeFiles/LLVMCodeGen.dir/MIRNamerPass.cpp.o
[2110/4645] Building CXX object lib/CodeGen/CMakeFiles/LLVMCodeGen.dir/Rematerializer.cpp.o
[2111/4645] Building CXX object lib/CodeGen/CMakeFiles/LLVMCodeGen.dir/RegisterUsageInfo.cpp.o
[2112/4645] Building CXX object lib/CodeGen/CMakeFiles/LLVMCodeGen.dir/MIRCanonicalizerPass.cpp.o
[2113/4645] Building CXX object lib/CodeGen/CMakeFiles/LLVMCodeGen.dir/RegUsageInfoCollector.cpp.o
[2114/4645] Building CXX object lib/CodeGen/CMakeFiles/LLVMCodeGen.dir/RegUsageInfoPropagate.cpp.o
[2115/4645] Building CXX object lib/CodeGen/CMakeFiles/LLVMCodeGen.dir/RemoveLoadsIntoFakeUses.cpp.o
[2116/4645] Building CXX object lib/CodeGen/CMakeFiles/LLVMCodeGen.dir/ResetMachineFunctionPass.cpp.o
[2117/4645] Building CXX object lib/CodeGen/CMakeFiles/LLVMCodeGen.dir/RegisterBank.cpp.o
[2118/4645] Building CXX object lib/CodeGen/CMakeFiles/LLVMCodeGen.dir/ReplaceWithVeclib.cpp.o
[2119/4645] Building CXX object lib/CodeGen/CMakeFiles/LLVMCodeGen.dir/RegisterBankInfo.cpp.o
[2120/4645] Building CXX object lib/CodeGen/CMakeFiles/LLVMCodeGen.dir/SanitizerBinaryMetadata.cpp.o
[2121/4645] Building CXX object lib/CodeGen/CMakeFiles/LLVMCodeGen.dir/SafeStackLayout.cpp.o
[2122/4645] Building CXX object lib/CodeGen/CMakeFiles/LLVMCodeGen.dir/ScheduleDAG.cpp.o
[2123/4645] Building CXX object lib/CodeGen/CMakeFiles/LLVMCodeGen.dir/ScheduleDAGPrinter.cpp.o
[2124/4645] Building CXX object lib/CodeGen/CMakeFiles/LLVMCodeGen.dir/SafeStack.cpp.o
[2125/4645] Building CXX object lib/CodeGen/CMakeFiles/LLVMCodeGen.dir/ScoreboardHazardRecognizer.cpp.o
[2126/4645] Building CXX object lib/CodeGen/CMakeFiles/LLVMCodeGen.dir/ShadowStackGCLowering.cpp.o
[2127/4645] Building CXX object lib/CodeGen/CMakeFiles/LLVMCodeGen.dir/ScheduleDAGInstrs.cpp.o
[2128/4645] Building CXX object lib/CodeGen/CMakeFiles/LLVMCodeGen.dir/ShrinkWrap.cpp.o
[2129/4645] Building CXX object lib/CodeGen/CMakeFiles/LLVMCodeGen.dir/SlotIndexes.cpp.o
[2130/4645] Building CXX object lib/CodeGen/CMakeFiles/LLVMCodeGen.dir/SpillPlacement.cpp.o
[2131/4645] Building CXX object lib/CodeGen/CMakeFiles/LLVMCodeGen.dir/SelectOptimize.cpp.o
[2132/4645] Building CXX object lib/CodeGen/CMakeFiles/LLVMCodeGen.dir/SjLjEHPrepare.cpp.o
[2133/4645] Building CXX object lib/CodeGen/CMakeFiles/LLVMCodeGen.dir/StackFrameLayoutAnalysisPass.cpp.o
[2134/4645] Building CXX object lib/CodeGen/CMakeFiles/LLVMCodeGen.dir/StackMapLivenessAnalysis.cpp.o
[2135/4645] Building CXX object lib/CodeGen/CMakeFiles/LLVMCodeGen.dir/StackColoring.cpp.o
[2136/4645] Building CXX object lib/CodeGen/CMakeFiles/LLVMCodeGen.dir/StackMaps.cpp.o
[2137/4645] Building CXX object lib/CodeGen/CMakeFiles/LLVMCodeGen.dir/StaticDataAnnotator.cpp.o
[2138/4645] Building CXX object lib/CodeGen/CMakeFiles/LLVMCodeGen.dir/SplitKit.cpp.o
[2139/4645] Building CXX object lib/CodeGen/CMakeFiles/LLVMCodeGen.dir/StaticDataSplitter.cpp.o
[2140/4645] Building CXX object lib/CodeGen/CMakeFiles/LLVMCodeGen.dir/StackProtector.cpp.o
[2141/4645] Building CXX object lib/CodeGen/CMakeFiles/LLVMCodeGen.dir/SwiftErrorValueTracking.cpp.o
[2142/4645] Building CXX object lib/CodeGen/CMakeFiles/LLVMCodeGen.dir/StackSlotColoring.cpp.o
[2143/4645] Building CXX object lib/CodeGen/CMakeFiles/LLVMCodeGen.dir/TailDuplication.cpp.o
[2144/4645] Building CXX object lib/CodeGen/CMakeFiles/LLVMCodeGen.dir/SwitchLoweringUtils.cpp.o
[2145/4645] Building CXX object lib/CodeGen/CMakeFiles/LLVMCodeGen.dir/TargetFrameLoweringImpl.cpp.o
[2146/4645] Building CXX object lib/CodeGen/CMakeFiles/LLVMCodeGen.dir/TargetOptionsImpl.cpp.o
[2147/4645] Building CXX object lib/CodeGen/CMakeFiles/LLVMCodeGen.dir/TailDuplicator.cpp.o
[2148/4645] Building CXX object lib/CodeGen/CMakeFiles/LLVMCodeGen.dir/TargetInstrInfo.cpp.o
[2149/4645] Building CXX object lib/CodeGen/CMakeFiles/LLVMCodeGen.dir/TargetLoweringBase.cpp.o
[2150/4645] Building CXX object lib/CodeGen/CMakeFiles/LLVMCodeGen.dir/TargetRegisterInfo.cpp.o
[2151/4645] Building CXX object lib/CodeGen/CMakeFiles/LLVMCodeGen.dir/TargetLoweringObjectFileImpl.cpp.o
[2152/4645] Building CXX object lib/CodeGen/CMakeFiles/LLVMCodeGen.dir/TargetPassConfig.cpp.o
[2153/4645] Building CXX object lib/CodeGen/CMakeFiles/LLVMCodeGen.dir/TargetSchedule.cpp.o
[2154/4645] Building CXX object lib/CodeGen/CMakeFiles/LLVMCodeGen.dir/TargetSubtargetInfo.cpp.o
[2155/4645] Building CXX object lib/CodeGen/CMakeFiles/LLVMCodeGen.dir/UnreachableBlockElim.cpp.o
[2156/4645] Building CXX object lib/CodeGen/CMakeFiles/LLVMCodeGen.dir/TypePromotion.cpp.o
[2157/4645] Building CXX object lib/CodeGen/CMakeFiles/LLVMCodeGen.dir/ValueTypes.cpp.o
[2158/4645] Building CXX object lib/CodeGen/CMakeFiles/LLVMCodeGen.dir/WasmEHPrepare.cpp.o
[2159/4645] Building CXX object lib/CodeGen/CMakeFiles/LLVMCodeGen.dir/VLIWMachineScheduler.cpp.o
[2160/4645] Building CXX object lib/CodeGen/CMakeFiles/LLVMCodeGen.dir/TwoAddressInstructionPass.cpp.o
[2161/4645] Building CXX object lib/CodeGen/CMakeFiles/LLVMCodeGen.dir/VirtRegMap.cpp.o
[2162/4645] Building CXX object lib/CodeGen/CMakeFiles/LLVMCodeGen.dir/WindowsSecureHotPatching.cpp.o
[2163/4645] Building CXX object lib/CodeGen/CMakeFiles/LLVMCodeGen.dir/WindowScheduler.cpp.o
[2164/4645] Building CXX object lib/CodeGen/CMakeFiles/LLVMCodeGen.dir/XRayInstrumentation.cpp.o
[2165/4645] Building CXX object lib/CodeGen/CMakeFiles/LLVMCodeGen.dir/LiveDebugValues/LiveDebugValues.cpp.o
[2166/4645] Building CXX object lib/CodeGen/CMakeFiles/LLVMCodeGen.dir/WinEHPrepare.cpp.o
[2167/4645] Building CXX object lib/Transforms/Instrumentation/CMakeFiles/LLVMInstrumentation.dir/BoundsChecking.cpp.o
[2168/4645] Building CXX object lib/Transforms/Instrumentation/CMakeFiles/LLVMInstrumentation.dir/AllocToken.cpp.o
[2169/4645] Building CXX object lib/Transforms/Instrumentation/CMakeFiles/LLVMInstrumentation.dir/CGProfile.cpp.o
[2170/4645] Building CXX object lib/Transforms/Instrumentation/CMakeFiles/LLVMInstrumentation.dir/BlockCoverageInference.cpp.o
[2171/4645] Building CXX object lib/Transforms/Instrumentation/CMakeFiles/LLVMInstrumentation.dir/MemProfInstrumentation.cpp.o
[2172/4645] Building CXX object lib/Transforms/Instrumentation/CMakeFiles/LLVMInstrumentation.dir/AddressSanitizer.cpp.o
[2173/4645] Building CXX object lib/Transforms/Instrumentation/CMakeFiles/LLVMInstrumentation.dir/GCOVProfiling.cpp.o
[2174/4645] Building CXX object lib/Transforms/Instrumentation/CMakeFiles/LLVMInstrumentation.dir/ControlHeightReduction.cpp.o
[2175/4645] Building CXX object lib/CodeGen/CMakeFiles/LLVMCodeGen.dir/LiveDebugValues/VarLocBasedImpl.cpp.o
[2176/4645] Building CXX object lib/Transforms/Instrumentation/CMakeFiles/LLVMInstrumentation.dir/DataFlowSanitizer.cpp.o
[2177/4645] Building CXX object lib/Transforms/Instrumentation/CMakeFiles/LLVMInstrumentation.dir/MemProfUse.cpp.o
[2178/4645] Building CXX object lib/Transforms/Instrumentation/CMakeFiles/LLVMInstrumentation.dir/NumericalStabilitySanitizer.cpp.o
[2179/4645] Building CXX object lib/Transforms/Instrumentation/CMakeFiles/LLVMInstrumentation.dir/KCFI.cpp.o
[2180/4645] Building CXX object lib/Transforms/Instrumentation/CMakeFiles/LLVMInstrumentation.dir/LowerAllowCheckPass.cpp.o
[2181/4645] Building CXX object lib/Transforms/Instrumentation/CMakeFiles/LLVMInstrumentation.dir/PGOForceFunctionAttrs.cpp.o
[2182/4645] Building CXX object lib/Transforms/Instrumentation/CMakeFiles/LLVMInstrumentation.dir/MemorySanitizer.cpp.o
[2183/4645] Building CXX object lib/Transforms/Instrumentation/CMakeFiles/LLVMInstrumentation.dir/InstrProfiling.cpp.o
[2184/4645] Building CXX object lib/Transforms/Instrumentation/CMakeFiles/LLVMInstrumentation.dir/PGOCtxProfFlattening.cpp.o
[2185/4645] Building CXX object lib/Transforms/Instrumentation/CMakeFiles/LLVMInstrumentation.dir/PGOCtxProfLowering.cpp.o
[2186/4645] Building CXX object lib/Transforms/Instrumentation/CMakeFiles/LLVMInstrumentation.dir/IndirectCallPromotion.cpp.o
[2187/4645] Building CXX object lib/CodeGen/CMakeFiles/LLVMCodeGen.dir/LiveDebugValues/InstrRefBasedImpl.cpp.o
[2188/4645] Building CXX object lib/Transforms/Instrumentation/CMakeFiles/LLVMInstrumentation.dir/PGOMemOPSizeOpt.cpp.o
[2189/4645] Building CXX object lib/Transforms/Instrumentation/CMakeFiles/LLVMInstrumentation.dir/SanitizerCoverage.cpp.o
[2190/4645] Building CXX object lib/Transforms/Instrumentation/CMakeFiles/LLVMInstrumentation.dir/ValueProfileCollector.cpp.o
[2191/4645] Building CXX object lib/Transforms/Instrumentation/CMakeFiles/LLVMInstrumentation.dir/RealtimeSanitizer.cpp.o
[2192/4645] Building CXX object lib/Transforms/Instrumentation/CMakeFiles/LLVMInstrumentation.dir/SanitizerBinaryMetadata.cpp.o
[2193/4645] Building CXX object lib/Transforms/Instrumentation/CMakeFiles/LLVMInstrumentation.dir/ThreadSanitizer.cpp.o
[2194/4645] Building CXX object lib/Transforms/Instrumentation/CMakeFiles/LLVMInstrumentation.dir/TypeSanitizer.cpp.o
[2195/4645] Building CXX object lib/Transforms/Vectorize/CMakeFiles/LLVMVectorize.dir/LoopIdiomVectorize.cpp.o
[2196/4645] Building CXX object lib/Transforms/Instrumentation/CMakeFiles/LLVMInstrumentation.dir/HWAddressSanitizer.cpp.o
[2197/4645] Building CXX object lib/Transforms/Vectorize/CMakeFiles/LLVMVectorize.dir/SandboxVectorizer/DependencyGraph.cpp.o
[2198/4645] Building CXX object lib/Transforms/Vectorize/CMakeFiles/LLVMVectorize.dir/LoopVectorizationPlanner.cpp.o
[2199/4645] Building CXX object lib/Transforms/Vectorize/CMakeFiles/LLVMVectorize.dir/SandboxVectorizer/Interval.cpp.o
[2200/4645] Building CXX object lib/Transforms/Vectorize/CMakeFiles/LLVMVectorize.dir/SandboxVectorizer/InstrMaps.cpp.o
[2201/4645] Building CXX object lib/Transforms/Instrumentation/CMakeFiles/LLVMInstrumentation.dir/PGOInstrumentation.cpp.o
[2202/4645] Building CXX object lib/Transforms/Vectorize/CMakeFiles/LLVMVectorize.dir/LoadStoreVectorizer.cpp.o
[2203/4645] Building CXX object lib/Transforms/Vectorize/CMakeFiles/LLVMVectorize.dir/LoopVectorizationLegality.cpp.o
[2204/4645] Building CXX object lib/Transforms/Vectorize/CMakeFiles/LLVMVectorize.dir/SandboxVectorizer/Passes/RegionsFromBBs.cpp.o
[2205/4645] Building CXX object lib/Transforms/Vectorize/CMakeFiles/LLVMVectorize.dir/SandboxVectorizer/Passes/RegionsFromMetadata.cpp.o
[2206/4645] Building CXX object lib/Transforms/Vectorize/CMakeFiles/LLVMVectorize.dir/SandboxVectorizer/Passes/LoadStoreVec.cpp.o
[2207/4645] Building CXX object lib/Transforms/Vectorize/CMakeFiles/LLVMVectorize.dir/SandboxVectorizer/Passes/PackReuse.cpp.o
[2208/4645] Building CXX object lib/Transforms/Vectorize/CMakeFiles/LLVMVectorize.dir/SandboxVectorizer/Legality.cpp.o
[2209/4645] Building CXX object lib/Transforms/Vectorize/CMakeFiles/LLVMVectorize.dir/SandboxVectorizer/Passes/TransactionAcceptOrRevert.cpp.o
[2210/4645] Building CXX object lib/Transforms/Vectorize/CMakeFiles/LLVMVectorize.dir/SandboxVectorizer/Passes/SeedCollection.cpp.o
[2211/4645] Building CXX object lib/Transforms/Vectorize/CMakeFiles/LLVMVectorize.dir/SandboxVectorizer/Passes/TransactionSave.cpp.o
[2212/4645] Building CXX object lib/Transforms/Vectorize/CMakeFiles/LLVMVectorize.dir/SandboxVectorizer/Passes/BottomUpVec.cpp.o
[2213/4645] Building CXX object lib/Transforms/Vectorize/CMakeFiles/LLVMVectorize.dir/SandboxVectorizer/RegionWithScore.cpp.o
[2214/4645] Building CXX object lib/Transforms/Vectorize/CMakeFiles/LLVMVectorize.dir/SandboxVectorizer/SandboxVectorizer.cpp.o
[2215/4645] Building CXX object lib/Transforms/Vectorize/CMakeFiles/LLVMVectorize.dir/SandboxVectorizer/SandboxVectorizerIR.cpp.o
[2216/4645] Building CXX object lib/Transforms/Vectorize/CMakeFiles/LLVMVectorize.dir/Vectorize.cpp.o
[2217/4645] Building CXX object lib/Transforms/Vectorize/CMakeFiles/LLVMVectorize.dir/SandboxVectorizer/SandboxVectorizerPassBuilder.cpp.o
[2218/4645] Building CXX object lib/Transforms/Vectorize/CMakeFiles/LLVMVectorize.dir/SandboxVectorizer/VecUtils.cpp.o
[2219/4645] Building CXX object lib/Transforms/Vectorize/CMakeFiles/LLVMVectorize.dir/SandboxVectorizer/SeedCollector.cpp.o
[2220/4645] Building CXX object lib/Transforms/Vectorize/CMakeFiles/LLVMVectorize.dir/SandboxVectorizer/Scheduler.cpp.o
[2221/4645] Building CXX object lib/Transforms/Vectorize/CMakeFiles/LLVMVectorize.dir/VPlanAnalysis.cpp.o
[2222/4645] Building CXX object lib/Transforms/Vectorize/CMakeFiles/LLVMVectorize.dir/VPlanPredicator.cpp.o
[2223/4645] Building CXX object lib/Transforms/Vectorize/CMakeFiles/LLVMVectorize.dir/LoopVectorize.cpp.o
[2224/4645] Linking CXX static library lib/libLLVMObjCARCOpts.a
[2225/4645] Building CXX object lib/Transforms/Vectorize/CMakeFiles/LLVMVectorize.dir/VPlanUnroll.cpp.o
[2226/4645] Building CXX object lib/Transforms/Vectorize/CMakeFiles/LLVMVectorize.dir/VPlan.cpp.o
[2227/4645] Linking CXX static library lib/libLLVMTarget.a
[2228/4645] Linking CXX static library lib/libLLVMSandboxIR.a
[2229/4645] Building CXX object lib/Transforms/Vectorize/CMakeFiles/LLVMVectorize.dir/VectorCombine.cpp.o
[2230/4645] Linking CXX static library lib/libclangFrontend.a
[2231/4645] Building CXX object lib/Transforms/Vectorize/CMakeFiles/LLVMVectorize.dir/VPlanConstruction.cpp.o
[2232/4645] Building CXX object lib/Transforms/Vectorize/CMakeFiles/LLVMVectorize.dir/VPlanRecipes.cpp.o
[2233/4645] Building CXX object lib/WindowsDriver/CMakeFiles/LLVMWindowsDriver.dir/MSVCPaths.cpp.o
[2234/4645] Building CXX object lib/Linker/CMakeFiles/LLVMLinker.dir/LinkModules.cpp.o
[2235/4645] Building CXX object lib/Transforms/Vectorize/CMakeFiles/LLVMVectorize.dir/VPlanVerifier.cpp.o
[2236/4645] Building CXX object lib/Linker/CMakeFiles/LLVMLinker.dir/IRMover.cpp.o
[2237/4645] Building CXX object tools/clang/lib/DependencyScanning/CMakeFiles/obj.clangDependencyScanning.dir/DependencyScanningFilesystem.cpp.o
[2238/4645] Building CXX object tools/clang/lib/DependencyScanning/CMakeFiles/obj.clangDependencyScanning.dir/DependencyScanningService.cpp.o
[2239/4645] Linking CXX static library lib/libclangScalableStaticAnalysisFrameworkAnalyses.a
[2240/4645] Building CXX object lib/Transforms/Vectorize/CMakeFiles/LLVMVectorize.dir/VPlanUtils.cpp.o
[2241/4645] Linking CXX static library lib/libLLVMCodeGen.a
[2242/4645] Building CXX object tools/clang/lib/DependencyScanning/CMakeFiles/obj.clangDependencyScanning.dir/InProcessModuleCache.cpp.o
[2243/4645] Building CXX object tools/clang/lib/DependencyScanning/CMakeFiles/obj.clangDependencyScanning.dir/DependencyGraph.cpp.o
[2244/4645] Building CXX object tools/clang/lib/DependencyScanning/CMakeFiles/obj.clangDependencyScanning.dir/DependencyScanningWorker.cpp.o
[2245/4645] Building CXX object tools/clang/lib/DependencyScanning/CMakeFiles/obj.clangDependencyScanning.dir/DependencyScanningUtils.cpp.o
[2246/4645] Building CXX object lib/CodeGen/SelectionDAG/CMakeFiles/LLVMSelectionDAG.dir/FunctionLoweringInfo.cpp.o
[2247/4645] Building CXX object tools/clang/lib/ScalableStaticAnalysisFramework/Frontend/CMakeFiles/obj.clangScalableStaticAnalysisFrameworkFrontend.dir/TUSummaryExtractorFrontendAction.cpp.o
[2248/4645] Building CXX object lib/CodeGen/SelectionDAG/CMakeFiles/LLVMSelectionDAG.dir/FastISel.cpp.o
[2249/4645] Building CXX object tools/clang/lib/DependencyScanning/CMakeFiles/obj.clangDependencyScanning.dir/DependencyScannerImpl.cpp.o
[2250/4645] Building CXX object lib/CodeGen/SelectionDAG/CMakeFiles/LLVMSelectionDAG.dir/InstrEmitter.cpp.o
[2251/4645] Building CXX object tools/clang/lib/DependencyScanning/CMakeFiles/obj.clangDependencyScanning.dir/ModuleDepCollector.cpp.o
[2252/4645] Building CXX object lib/Transforms/Vectorize/CMakeFiles/LLVMVectorize.dir/VPlanTransforms.cpp.o
[2253/4645] Building CXX object lib/CodeGen/SelectionDAG/CMakeFiles/LLVMSelectionDAG.dir/LegalizeTypesGeneric.cpp.o
[2254/4645] Building CXX object lib/CodeGen/SelectionDAG/CMakeFiles/LLVMSelectionDAG.dir/LegalizeDAG.cpp.o
[2255/4645] Building CXX object lib/CodeGen/SelectionDAG/CMakeFiles/LLVMSelectionDAG.dir/LegalizeFloatTypes.cpp.o
[2256/4645] Building CXX object lib/CodeGen/SelectionDAG/CMakeFiles/LLVMSelectionDAG.dir/LegalizeTypes.cpp.o
[2257/4645] Building CXX object lib/CodeGen/SelectionDAG/CMakeFiles/LLVMSelectionDAG.dir/LegalizeIntegerTypes.cpp.o
[2258/4645] Building CXX object lib/CodeGen/SelectionDAG/CMakeFiles/LLVMSelectionDAG.dir/LegalizeVectorOps.cpp.o
[2259/4645] Building CXX object lib/CodeGen/SelectionDAG/CMakeFiles/LLVMSelectionDAG.dir/ResourcePriorityQueue.cpp.o
[2260/4645] Building CXX object lib/CodeGen/SelectionDAG/CMakeFiles/LLVMSelectionDAG.dir/SDNodeInfo.cpp.o
[2261/4645] Building CXX object lib/CodeGen/SelectionDAG/CMakeFiles/LLVMSelectionDAG.dir/ScheduleDAGFast.cpp.o
[2262/4645] Building CXX object lib/CodeGen/SelectionDAG/CMakeFiles/LLVMSelectionDAG.dir/ScheduleDAGRRList.cpp.o
[2263/4645] Building CXX object lib/CodeGen/SelectionDAG/CMakeFiles/LLVMSelectionDAG.dir/ScheduleDAGSDNodes.cpp.o
[2264/4645] Building CXX object lib/CodeGen/SelectionDAG/CMakeFiles/LLVMSelectionDAG.dir/ScheduleDAGVLIW.cpp.o
[2265/4645] Building CXX object lib/CodeGen/SelectionDAG/CMakeFiles/LLVMSelectionDAG.dir/LegalizeVectorTypes.cpp.o
[2266/4645] Building CXX object lib/CodeGen/SelectionDAG/CMakeFiles/LLVMSelectionDAG.dir/SelectionDAGAddressAnalysis.cpp.o
[2267/4645] Building CXX object lib/CodeGen/SelectionDAG/CMakeFiles/LLVMSelectionDAG.dir/SelectionDAGDumper.cpp.o
[2268/4645] Linking CXX static library lib/libLLVMInstrumentation.a
[2269/4645] Building CXX object lib/CodeGen/SelectionDAG/CMakeFiles/LLVMSelectionDAG.dir/SelectionDAGTargetInfo.cpp.o
[2270/4645] Building CXX object lib/CodeGen/SelectionDAG/CMakeFiles/LLVMSelectionDAG.dir/SelectionDAGPrinter.cpp.o
[2271/4645] Building CXX object lib/Transforms/IPO/CMakeFiles/LLVMipo.dir/Annotation2Metadata.cpp.o
[2272/4645] Building CXX object lib/CodeGen/SelectionDAG/CMakeFiles/LLVMSelectionDAG.dir/StatepointLowering.cpp.o
[2273/4645] Building CXX object lib/Transforms/IPO/CMakeFiles/LLVMipo.dir/AlwaysInliner.cpp.o
[2274/4645] Building CXX object lib/CodeGen/SelectionDAG/CMakeFiles/LLVMSelectionDAG.dir/DAGCombiner.cpp.o
[2275/4645] Building CXX object lib/CodeGen/SelectionDAG/CMakeFiles/LLVMSelectionDAG.dir/SelectionDAGISel.cpp.o
[2276/4645] Building CXX object lib/Transforms/IPO/CMakeFiles/LLVMipo.dir/ArgumentPromotion.cpp.o
[2277/4645] Building CXX object lib/Transforms/IPO/CMakeFiles/LLVMipo.dir/BarrierNoopPass.cpp.o
[2278/4645] Building CXX object lib/Transforms/IPO/CMakeFiles/LLVMipo.dir/BlockExtractor.cpp.o
[2279/4645] Building CXX object lib/Transforms/IPO/CMakeFiles/LLVMipo.dir/ConstantMerge.cpp.o
[2280/4645] Building CXX object lib/Transforms/IPO/CMakeFiles/LLVMipo.dir/CalledValuePropagation.cpp.o
[2281/4645] Building CXX object lib/Transforms/IPO/CMakeFiles/LLVMipo.dir/CrossDSOCFI.cpp.o
[2282/4645] Building CXX object lib/CodeGen/SelectionDAG/CMakeFiles/LLVMSelectionDAG.dir/SelectionDAGBuilder.cpp.o
[2283/4645] Building CXX object lib/Transforms/IPO/CMakeFiles/LLVMipo.dir/ElimAvailExtern.cpp.o
[2284/4645] Building CXX object lib/Transforms/IPO/CMakeFiles/LLVMipo.dir/EmbedBitcodePass.cpp.o
[2285/4645] Building CXX object lib/CodeGen/SelectionDAG/CMakeFiles/LLVMSelectionDAG.dir/SelectionDAG.cpp.o
[2286/4645] Building CXX object lib/Transforms/IPO/CMakeFiles/LLVMipo.dir/DeadArgumentElimination.cpp.o
[2287/4645] Building CXX object lib/Transforms/IPO/CMakeFiles/LLVMipo.dir/ExtractGV.cpp.o
[2288/4645] Building CXX object lib/Transforms/IPO/CMakeFiles/LLVMipo.dir/ExpandVariadics.cpp.o
[2289/4645] Building CXX object lib/CodeGen/SelectionDAG/CMakeFiles/LLVMSelectionDAG.dir/TargetLowering.cpp.o
[2290/4645] Building CXX object lib/Transforms/IPO/CMakeFiles/LLVMipo.dir/FatLTOCleanup.cpp.o
[2291/4645] Building CXX object lib/Transforms/IPO/CMakeFiles/LLVMipo.dir/ForceFunctionAttrs.cpp.o
[2292/4645] Building CXX object lib/Transforms/IPO/CMakeFiles/LLVMipo.dir/GlobalDCE.cpp.o
[2293/4645] Building CXX object lib/Transforms/IPO/CMakeFiles/LLVMipo.dir/GlobalSplit.cpp.o
[2294/4645] Building CXX object lib/Transforms/IPO/CMakeFiles/LLVMipo.dir/Attributor.cpp.o
[2295/4645] Building CXX object lib/Transforms/IPO/CMakeFiles/LLVMipo.dir/FunctionSpecialization.cpp.o
[2296/4645] Building CXX object lib/Transforms/IPO/CMakeFiles/LLVMipo.dir/IPO.cpp.o
[2297/4645] Building CXX object lib/Transforms/IPO/CMakeFiles/LLVMipo.dir/HotColdSplitting.cpp.o
[2298/4645] Building CXX object lib/Transforms/IPO/CMakeFiles/LLVMipo.dir/InferFunctionAttrs.cpp.o
[2299/4645] Building CXX object lib/Transforms/IPO/CMakeFiles/LLVMipo.dir/FunctionImport.cpp.o
[2300/4645] Building CXX object lib/Transforms/IPO/CMakeFiles/LLVMipo.dir/GlobalOpt.cpp.o
[2301/4645] Building CXX object lib/Transforms/IPO/CMakeFiles/LLVMipo.dir/FunctionAttrs.cpp.o
[2302/4645] Building CXX object lib/Transforms/IPO/CMakeFiles/LLVMipo.dir/InstrumentorUtils.cpp.o
[2303/4645] Building CXX object lib/Transforms/IPO/CMakeFiles/LLVMipo.dir/InstrumentorConfigFile.cpp.o
[2304/4645] Building CXX object lib/Transforms/IPO/CMakeFiles/LLVMipo.dir/LoopExtractor.cpp.o
[2305/4645] Building CXX object lib/Transforms/IPO/CMakeFiles/LLVMipo.dir/Inliner.cpp.o
[2306/4645] Building CXX object lib/Transforms/IPO/CMakeFiles/LLVMipo.dir/InstrumentorStubPrinter.cpp.o
[2307/4645] Building CXX object lib/Transforms/IPO/CMakeFiles/LLVMipo.dir/Internalize.cpp.o
[2308/4645] Building CXX object lib/Transforms/Vectorize/CMakeFiles/LLVMVectorize.dir/SLPVectorizer.cpp.o
[2309/4645] Building CXX object lib/Transforms/IPO/CMakeFiles/LLVMipo.dir/IROutliner.cpp.o
[2310/4645] Building CXX object lib/Transforms/IPO/CMakeFiles/LLVMipo.dir/Instrumentor.cpp.o
[2311/4645] Building CXX object lib/Transforms/IPO/CMakeFiles/LLVMipo.dir/ModuleInliner.cpp.o
[2312/4645] Building CXX object lib/Transforms/IPO/CMakeFiles/LLVMipo.dir/MergeFunctions.cpp.o
[2313/4645] Building CXX object lib/Transforms/IPO/CMakeFiles/LLVMipo.dir/AttributorAttributes.cpp.o
[2314/4645] Building CXX object lib/Transforms/IPO/CMakeFiles/LLVMipo.dir/PartialInlining.cpp.o
[2315/4645] Building CXX object lib/Transforms/IPO/CMakeFiles/LLVMipo.dir/SampleContextTracker.cpp.o
[2316/4645] Building CXX object lib/Transforms/IPO/CMakeFiles/LLVMipo.dir/SCCP.cpp.o
[2317/4645] Building CXX object lib/Transforms/IPO/CMakeFiles/LLVMipo.dir/StripDeadPrototypes.cpp.o
[2318/4645] Linking CXX static library lib/libLLVMVectorize.a
[2319/4645] Building CXX object lib/Transforms/IPO/CMakeFiles/LLVMipo.dir/SampleProfileProbe.cpp.o
[2320/4645] Linking CXX static library lib/libLLVMLinker.a
[2321/4645] Linking CXX static library lib/libLLVMWindowsDriver.a
[2322/4645] Building CXX object lib/Transforms/IPO/CMakeFiles/LLVMipo.dir/StripSymbols.cpp.o
[2323/4645] Building CXX object lib/Transforms/IPO/CMakeFiles/LLVMipo.dir/SampleProfileMatcher.cpp.o
[2324/4645] Building CXX object lib/Transforms/IPO/CMakeFiles/LLVMipo.dir/LowerTypeTests.cpp.o
[2325/4645] Building CXX object tools/clang/lib/Rewrite/CMakeFiles/obj.clangRewrite.dir/Rewriter.cpp.o
[2326/4645] Building CXX object lib/Transforms/IPO/CMakeFiles/LLVMipo.dir/ThinLTOBitcodeWriter.cpp.o
[2327/4645] Building CXX object tools/clang/lib/Rewrite/CMakeFiles/obj.clangRewrite.dir/TokenRewriter.cpp.o
[2328/4645] Building CXX object tools/clang/lib/Driver/CMakeFiles/obj.clangDriver.dir/Action.cpp.o
[2329/4645] Building CXX object tools/clang/lib/Rewrite/CMakeFiles/obj.clangRewrite.dir/HTMLRewrite.cpp.o
[2330/4645] Building CXX object tools/clang/lib/Driver/CMakeFiles/obj.clangDriver.dir/Distro.cpp.o
[2331/4645] Building CXX object tools/clang/lib/Driver/CMakeFiles/obj.clangDriver.dir/Compilation.cpp.o
[2332/4645] Building CXX object tools/clang/lib/Driver/CMakeFiles/obj.clangDriver.dir/Job.cpp.o
[2333/4645] Building CXX object lib/Transforms/IPO/CMakeFiles/LLVMipo.dir/OpenMPOpt.cpp.o
[2334/4645] Building CXX object tools/clang/lib/Driver/CMakeFiles/obj.clangDriver.dir/MultilibBuilder.cpp.o
[2335/4645] Building CXX object lib/Transforms/IPO/CMakeFiles/LLVMipo.dir/SampleProfile.cpp.o
[2336/4645] Building CXX object tools/clang/lib/Driver/CMakeFiles/obj.clangDriver.dir/CreateInvocationFromArgs.cpp.o
[2337/4645] Building CXX object tools/clang/lib/Driver/CMakeFiles/obj.clangDriver.dir/Multilib.cpp.o
[2338/4645] Building CXX object tools/clang/lib/Driver/CMakeFiles/obj.clangDriver.dir/Phases.cpp.o
[2339/4645] Building CXX object tools/clang/lib/Driver/CMakeFiles/obj.clangDriver.dir/Tool.cpp.o
[2340/4645] Building CXX object tools/clang/lib/Driver/CMakeFiles/obj.clangDriver.dir/CreateASTUnitFromArgs.cpp.o
[2341/4645] Building CXX object tools/clang/lib/Driver/CMakeFiles/obj.clangDriver.dir/OffloadBundler.cpp.o
[2342/4645] Building CXX object lib/Transforms/IPO/CMakeFiles/LLVMipo.dir/WholeProgramDevirt.cpp.o
[2343/4645] Building CXX object tools/clang/lib/Driver/CMakeFiles/obj.clangDriver.dir/ToolChains/Arch/AMDGPU.cpp.o
[2344/4645] Building CXX object tools/clang/lib/Driver/CMakeFiles/obj.clangDriver.dir/ToolChains/Arch/AArch64.cpp.o
[2345/4645] Building CXX object tools/clang/lib/Driver/CMakeFiles/obj.clangDriver.dir/SanitizerArgs.cpp.o
[2346/4645] Building CXX object tools/clang/lib/Driver/CMakeFiles/obj.clangDriver.dir/ToolChains/Arch/ARM.cpp.o
[2347/4645] Building CXX object tools/clang/lib/Driver/CMakeFiles/obj.clangDriver.dir/ToolChains/Arch/CSKY.cpp.o
[2348/4645] Building CXX object tools/clang/lib/Driver/CMakeFiles/obj.clangDriver.dir/ToolChains/Arch/M68k.cpp.o
[2349/4645] Building CXX object tools/clang/lib/Driver/CMakeFiles/obj.clangDriver.dir/ToolChains/Arch/LoongArch.cpp.o
[2350/4645] Building CXX object tools/clang/lib/Driver/CMakeFiles/obj.clangDriver.dir/ToolChain.cpp.o
[2351/4645] Building CXX object tools/clang/lib/Driver/CMakeFiles/obj.clangDriver.dir/ToolChains/Arch/Mips.cpp.o
[2352/4645] Building CXX object tools/clang/lib/Driver/CMakeFiles/obj.clangDriver.dir/ToolChains/Arch/PPC.cpp.o
[2353/4645] Building CXX object tools/clang/lib/Driver/CMakeFiles/obj.clangDriver.dir/Driver.cpp.o
[2354/4645] Building CXX object tools/clang/lib/Driver/CMakeFiles/obj.clangDriver.dir/ToolChains/Arch/Sparc.cpp.o
[2355/4645] Building CXX object tools/clang/lib/Driver/CMakeFiles/obj.clangDriver.dir/ToolChains/Arch/RISCV.cpp.o
[2356/4645] Building CXX object tools/clang/lib/Driver/CMakeFiles/obj.clangDriver.dir/ToolChains/Arch/VE.cpp.o
[2357/4645] Building CXX object tools/clang/lib/Driver/CMakeFiles/obj.clangDriver.dir/ToolChains/Arch/SystemZ.cpp.o
[2358/4645] Building CXX object tools/clang/lib/Driver/CMakeFiles/obj.clangDriver.dir/ToolChains/Arch/X86.cpp.o
[2359/4645] Building CXX object tools/clang/lib/Driver/CMakeFiles/obj.clangDriver.dir/ToolChains/AMDGPUOpenMP.cpp.o
[2360/4645] Building CXX object tools/clang/lib/Driver/CMakeFiles/obj.clangDriver.dir/ToolChains/AVR.cpp.o
[2361/4645] Building CXX object tools/clang/lib/Driver/CMakeFiles/obj.clangDriver.dir/ToolChains/AIX.cpp.o
[2362/4645] Building CXX object lib/Transforms/IPO/CMakeFiles/LLVMipo.dir/MemProfContextDisambiguation.cpp.o
[2363/4645] Building CXX object tools/clang/lib/Driver/CMakeFiles/obj.clangDriver.dir/ToolChains/AMDGPU.cpp.o
[2364/4645] Building CXX object tools/clang/lib/Driver/CMakeFiles/obj.clangDriver.dir/ToolChains/BareMetal.cpp.o
[2365/4645] Building CXX object tools/clang/lib/Driver/CMakeFiles/obj.clangDriver.dir/ToolChains/CrossWindows.cpp.o
[2366/4645] Building CXX object tools/clang/lib/Driver/CMakeFiles/obj.clangDriver.dir/ModulesDriver.cpp.o
[2367/4645] Building CXX object tools/clang/lib/Driver/CMakeFiles/obj.clangDriver.dir/ToolChains/CSKYToolChain.cpp.o
[2368/4645] Building CXX object tools/clang/lib/Driver/CMakeFiles/obj.clangDriver.dir/ToolChains/Cygwin.cpp.o
[2369/4645] Building CXX object tools/clang/lib/Driver/CMakeFiles/obj.clangDriver.dir/ToolChains/DragonFly.cpp.o
[2370/4645] Building CXX object tools/clang/lib/Driver/CMakeFiles/obj.clangDriver.dir/ToolChains/Cuda.cpp.o
[2371/4645] Building CXX object tools/clang/lib/Driver/CMakeFiles/obj.clangDriver.dir/ToolChains/Flang.cpp.o
[2372/4645] Building CXX object tools/clang/lib/Driver/CMakeFiles/obj.clangDriver.dir/ToolChains/FreeBSD.cpp.o
[2373/4645] Building CXX object tools/clang/lib/Driver/CMakeFiles/obj.clangDriver.dir/ToolChains/Fuchsia.cpp.o
[2374/4645] Building CXX object tools/clang/lib/Driver/CMakeFiles/obj.clangDriver.dir/ToolChains/Haiku.cpp.o
[2375/4645] Building CXX object tools/clang/lib/Driver/CMakeFiles/obj.clangDriver.dir/ToolChains/Darwin.cpp.o
[2376/4645] Building CXX object tools/clang/lib/Driver/CMakeFiles/obj.clangDriver.dir/ToolChains/CommonArgs.cpp.o
[2377/4645] Building CXX object tools/clang/lib/Driver/CMakeFiles/obj.clangDriver.dir/ToolChains/HIPAMD.cpp.o
[2378/4645] Building CXX object tools/clang/lib/Driver/CMakeFiles/obj.clangDriver.dir/ToolChains/HIPUtility.cpp.o
[2379/4645] Building CXX object tools/clang/lib/Driver/CMakeFiles/obj.clangDriver.dir/ToolChains/HIPSPV.cpp.o
[2380/4645] Building CXX object tools/clang/lib/Driver/CMakeFiles/obj.clangDriver.dir/ToolChains/Hurd.cpp.o
[2381/4645] Building CXX object tools/clang/lib/Driver/CMakeFiles/obj.clangDriver.dir/ToolChains/Hexagon.cpp.o
[2382/4645] Building CXX object tools/clang/lib/Driver/CMakeFiles/obj.clangDriver.dir/ToolChains/LFILinux.cpp.o
[2383/4645] Building CXX object tools/clang/lib/Driver/CMakeFiles/obj.clangDriver.dir/ToolChains/HLSL.cpp.o
[2384/4645] Building CXX object tools/clang/lib/Driver/CMakeFiles/obj.clangDriver.dir/ToolChains/Gnu.cpp.o
[2385/4645] Building CXX object tools/clang/lib/Driver/CMakeFiles/obj.clangDriver.dir/ToolChains/Managarm.cpp.o
[2386/4645] Building CXX object tools/clang/lib/Driver/CMakeFiles/obj.clangDriver.dir/ToolChains/MipsLinux.cpp.o
[2387/4645] Building CXX object tools/clang/lib/Driver/CMakeFiles/obj.clangDriver.dir/ToolChains/Clang.cpp.o
[2388/4645] Building CXX object tools/clang/lib/Driver/CMakeFiles/obj.clangDriver.dir/ToolChains/Linux.cpp.o
[2389/4645] Building CXX object tools/clang/lib/Driver/CMakeFiles/obj.clangDriver.dir/ToolChains/MinGW.cpp.o
[2390/4645] Building CXX object tools/clang/lib/Driver/CMakeFiles/obj.clangDriver.dir/ToolChains/NetBSD.cpp.o
[2391/4645] Building CXX object tools/clang/lib/Driver/CMakeFiles/obj.clangDriver.dir/ToolChains/MSVC.cpp.o
[2392/4645] Building CXX object tools/clang/lib/Driver/CMakeFiles/obj.clangDriver.dir/ToolChains/PS4CPU.cpp.o
[2393/4645] Building CXX object tools/clang/lib/Driver/CMakeFiles/obj.clangDriver.dir/ToolChains/OpenBSD.cpp.o
[2394/4645] Building CXX object tools/clang/lib/Driver/CMakeFiles/obj.clangDriver.dir/ToolChains/Serenity.cpp.o
[2395/4645] Building CXX object tools/clang/lib/Driver/CMakeFiles/obj.clangDriver.dir/ToolChains/MSP430.cpp.o
[2396/4645] Building CXX object tools/clang/lib/Driver/CMakeFiles/obj.clangDriver.dir/ToolChains/SPIRVOpenMP.cpp.o
[2397/4645] Building CXX object tools/clang/lib/Driver/CMakeFiles/obj.clangDriver.dir/ToolChains/Solaris.cpp.o
[2398/4645] Building CXX object tools/clang/lib/Driver/CMakeFiles/obj.clangDriver.dir/ToolChains/OHOS.cpp.o
[2399/4645] Building CXX object tools/clang/lib/Driver/CMakeFiles/obj.clangDriver.dir/ToolChains/SPIRV.cpp.o
[2400/4645] Building CXX object tools/clang/lib/Driver/CMakeFiles/obj.clangDriver.dir/ToolChains/TCE.cpp.o
[2401/4645] Building CXX object tools/clang/lib/Driver/CMakeFiles/obj.clangDriver.dir/ToolChains/SYCL.cpp.o
[2402/4645] Building CXX object tools/clang/lib/Driver/CMakeFiles/obj.clangDriver.dir/ToolChains/XCore.cpp.o
[2403/4645] Building CXX object tools/clang/lib/Driver/CMakeFiles/obj.clangDriver.dir/ToolChains/VEToolchain.cpp.o
[2404/4645] Linking CXX static library lib/libclangDependencyScanning.a
[2405/4645] Building CXX object tools/clang/lib/Driver/CMakeFiles/obj.clangDriver.dir/ToolChains/UEFI.cpp.o
[2406/4645] Linking CXX static library lib/libclangScalableStaticAnalysisFrameworkFrontend.a
[2407/4645] Linking CXX static library lib/libLLVMSelectionDAG.a
[2408/4645] Building CXX object tools/clang/lib/Driver/CMakeFiles/obj.clangDriver.dir/ToolChains/WebAssembly.cpp.o
[2409/4645] Building CXX object tools/clang/lib/Driver/CMakeFiles/obj.clangDriver.dir/ToolChains/PPCFreeBSD.cpp.o
[2410/4645] Building CXX object tools/clang/lib/Driver/CMakeFiles/obj.clangDriver.dir/ToolChains/PPCLinux.cpp.o
[2411/4645] Building CXX object tools/clang/lib/Driver/CMakeFiles/obj.clangDriver.dir/ToolChains/Z80.cpp.o
[2412/4645] Building CXX object tools/clang/lib/Driver/CMakeFiles/obj.clangDriver.dir/ToolChains/InterfaceStubs.cpp.o
[2413/4645] Building CXX object tools/clang/lib/Driver/CMakeFiles/obj.clangDriver.dir/Types.cpp.o
[2414/4645] Building CXX object tools/clang/lib/Driver/CMakeFiles/obj.clangDriver.dir/ToolChains/ZOS.cpp.o
[2415/4645] Building CXX object tools/clang/lib/Driver/CMakeFiles/obj.clangDriver.dir/XRayArgs.cpp.o
[2416/4645] Building CXX object lib/IRPrinter/CMakeFiles/LLVMIRPrinter.dir/IRPrintingPasses.cpp.o
[2417/4645] Building CXX object lib/CodeGen/GlobalISel/CMakeFiles/LLVMGlobalISel.dir/GlobalISel.cpp.o
[2418/4645] Building CXX object lib/CodeGen/GlobalISel/CMakeFiles/LLVMGlobalISel.dir/CSEInfo.cpp.o
[2419/4645] Building CXX object lib/CodeGen/GlobalISel/CMakeFiles/LLVMGlobalISel.dir/CSEMIRBuilder.cpp.o
[2420/4645] Building CXX object lib/CodeGen/GlobalISel/CMakeFiles/LLVMGlobalISel.dir/Combiner.cpp.o
[2421/4645] Building CXX object lib/CodeGen/GlobalISel/CMakeFiles/LLVMGlobalISel.dir/CallLowering.cpp.o
[2422/4645] Building CXX object lib/CodeGen/GlobalISel/CMakeFiles/LLVMGlobalISel.dir/CombinerHelperArtifacts.cpp.o
[2423/4645] Building CXX object lib/CodeGen/GlobalISel/CMakeFiles/LLVMGlobalISel.dir/GISelValueTracking.cpp.o
[2424/4645] Building CXX object lib/CodeGen/GlobalISel/CMakeFiles/LLVMGlobalISel.dir/CombinerHelperCompares.cpp.o
[2425/4645] Building CXX object lib/CodeGen/GlobalISel/CMakeFiles/LLVMGlobalISel.dir/CombinerHelperCasts.cpp.o
[2426/4645] Building CXX object lib/CodeGen/GlobalISel/CMakeFiles/LLVMGlobalISel.dir/GIMatchTableExecutor.cpp.o
[2427/4645] Building CXX object lib/CodeGen/GlobalISel/CMakeFiles/LLVMGlobalISel.dir/GISelChangeObserver.cpp.o
[2428/4645] Building CXX object lib/CodeGen/GlobalISel/CMakeFiles/LLVMGlobalISel.dir/CombinerHelperVectorOps.cpp.o
[2429/4645] Building CXX object lib/CodeGen/GlobalISel/CMakeFiles/LLVMGlobalISel.dir/InstructionSelector.cpp.o
[2430/4645] Building CXX object lib/CodeGen/GlobalISel/CMakeFiles/LLVMGlobalISel.dir/InlineAsmLowering.cpp.o
[2431/4645] Building CXX object lib/CodeGen/GlobalISel/CMakeFiles/LLVMGlobalISel.dir/InstructionSelect.cpp.o
[2432/4645] Building CXX object lib/CodeGen/GlobalISel/CMakeFiles/LLVMGlobalISel.dir/LegalizeMutations.cpp.o
[2433/4645] Building CXX object lib/CodeGen/GlobalISel/CMakeFiles/LLVMGlobalISel.dir/LegalityPredicates.cpp.o
[2434/4645] Building CXX object lib/CodeGen/GlobalISel/CMakeFiles/LLVMGlobalISel.dir/LegalizerInfo.cpp.o
[2435/4645] Building CXX object lib/CodeGen/GlobalISel/CMakeFiles/LLVMGlobalISel.dir/CombinerHelper.cpp.o
[2436/4645] Building CXX object lib/CodeGen/GlobalISel/CMakeFiles/LLVMGlobalISel.dir/Legalizer.cpp.o
[2437/4645] Building CXX object lib/CodeGen/GlobalISel/CMakeFiles/LLVMGlobalISel.dir/Localizer.cpp.o
[2438/4645] Linking CXX static library lib/libLLVMipo.a
[2439/4645] Building CXX object lib/CodeGen/GlobalISel/CMakeFiles/LLVMGlobalISel.dir/LostDebugLocObserver.cpp.o
[2440/4645] Building CXX object lib/CodeGen/GlobalISel/CMakeFiles/LLVMGlobalISel.dir/MachineFloatingPointPredicateUtils.cpp.o
[2441/4645] Building CXX object lib/CodeGen/GlobalISel/CMakeFiles/LLVMGlobalISel.dir/LegacyLegalizerInfo.cpp.o
[2442/4645] Building CXX object lib/CodeGen/GlobalISel/CMakeFiles/LLVMGlobalISel.dir/LoadStoreOpt.cpp.o
[2443/4645] Building CXX object lib/CodeGen/GlobalISel/CMakeFiles/LLVMGlobalISel.dir/IRTranslator.cpp.o
[2444/4645] Building CXX object lib/Transforms/Coroutines/CMakeFiles/LLVMCoroutines.dir/CoroConditionalWrapper.cpp.o
[2445/4645] Building CXX object lib/Transforms/Coroutines/CMakeFiles/LLVMCoroutines.dir/Coroutines.cpp.o
[2446/4645] Building CXX object lib/Transforms/Coroutines/CMakeFiles/LLVMCoroutines.dir/CoroAnnotationElide.cpp.o
[2447/4645] Building CXX object lib/Transforms/Coroutines/CMakeFiles/LLVMCoroutines.dir/CoroEarly.cpp.o
[2448/4645] Building CXX object lib/CodeGen/GlobalISel/CMakeFiles/LLVMGlobalISel.dir/MachineIRBuilder.cpp.o
[2449/4645] Building CXX object lib/Transforms/Coroutines/CMakeFiles/LLVMCoroutines.dir/CoroCleanup.cpp.o
[2450/4645] Building CXX object lib/CodeGen/GlobalISel/CMakeFiles/LLVMGlobalISel.dir/RegBankSelect.cpp.o
[2451/4645] Building CXX object lib/Transforms/Coroutines/CMakeFiles/LLVMCoroutines.dir/CoroElide.cpp.o
[2452/4645] Building CXX object lib/CodeGen/GlobalISel/CMakeFiles/LLVMGlobalISel.dir/LegalizerHelper.cpp.o
[2453/4645] Building CXX object lib/CodeGen/GlobalISel/CMakeFiles/LLVMGlobalISel.dir/Utils.cpp.o
[2454/4645] Building CXX object lib/ExecutionEngine/Orc/Shared/CMakeFiles/LLVMOrcShared.dir/MachOObjectFormat.cpp.o
[2455/4645] Building CXX object lib/ExecutionEngine/Orc/Shared/CMakeFiles/LLVMOrcShared.dir/AllocationActions.cpp.o
[2456/4645] Building CXX object lib/Transforms/Coroutines/CMakeFiles/LLVMCoroutines.dir/SuspendCrossingInfo.cpp.o
[2457/4645] Building CXX object lib/Transforms/CFGuard/CMakeFiles/LLVMCFGuard.dir/CFGuard.cpp.o
[2458/4645] Building CXX object lib/ExecutionEngine/Orc/Shared/CMakeFiles/LLVMOrcShared.dir/ObjectFormats.cpp.o
[2459/4645] Building CXX object lib/ExecutionEngine/Orc/Shared/CMakeFiles/LLVMOrcShared.dir/OrcError.cpp.o
[2460/4645] Building CXX object lib/Transforms/Coroutines/CMakeFiles/LLVMCoroutines.dir/MaterializationUtils.cpp.o
[2461/4645] Building CXX object lib/ExecutionEngine/Orc/Shared/CMakeFiles/LLVMOrcShared.dir/SymbolStringPool.cpp.o
[2462/4645] Building Z80GenAsmMatcher.inc...
[2463/4645] Building CXX object lib/ExecutionEngine/Orc/Shared/CMakeFiles/LLVMOrcShared.dir/OrcRTBridge.cpp.o
[2464/4645] Building Z80GenAsmWriter.inc...
[2465/4645] Building CXX object lib/Transforms/Coroutines/CMakeFiles/LLVMCoroutines.dir/SpillUtils.cpp.o
[2466/4645] Building CXX object lib/ExecutionEngine/Orc/Shared/CMakeFiles/LLVMOrcShared.dir/SimpleRemoteEPCUtils.cpp.o
[2467/4645] Building Z80GenCallingConv.inc...
[2468/4645] Building CXX object lib/Transforms/HipStdPar/CMakeFiles/LLVMHipStdPar.dir/HipStdPar.cpp.o
[2469/4645] Building Z80GenDisassemblerTables.inc...
[2470/4645] Building Z80GenMCCodeEmitter.inc...
[2471/4645] Building Z80GenGlobalISel.inc...
[2472/4645] Building Z80GenMCPseudoLowering.inc...
[2473/4645] Building Z80GenPostLegalizeGICombiner.inc...
[2474/4645] Linking CXX static library lib/libclangRewrite.a
[2475/4645] Building Z80GenPreLegalizeGICombiner.inc...
[2476/4645] Building Z80GenInstrInfo.inc...
[2477/4645] Linking CXX static library lib/libclangDriver.a
[2478/4645] Building Z80GenRegisterBank.inc...
[2479/4645] Building ObjcopyOpts.inc...
[2480/4645] Linking CXX static library lib/libLLVMIRPrinter.a
[2481/4645] Linking CXX static library lib/libLLVMGlobalISel.a
[2482/4645] Linking CXX static library lib/libLLVMCFGuard.a
[2483/4645] Linking CXX static library lib/libLLVMHipStdPar.a
[2484/4645] Building COFFOptions.inc...
[2485/4645] Linking CXX static library lib/libLLVMOrcShared.a
[2486/4645] Building Z80GenRegisterInfo.inc...
[2487/4645] Building Z80GenSearchableTables.inc...
[2488/4645] Building Z80GenSubtargetInfo.inc...
[2489/4645] Building CXX object lib/Transforms/Coroutines/CMakeFiles/LLVMCoroutines.dir/CoroFrame.cpp.o
[2490/4645] Building CXX object lib/Extensions/CMakeFiles/LLVMExtensions.dir/Extensions.cpp.o
[2491/4645] Building CXX object lib/Transforms/Coroutines/CMakeFiles/LLVMCoroutines.dir/CoroSplit.cpp.o
[2492/4645] Linking CXX static library lib/libLLVMCoroutines.a
[2493/4645] Building CXX object lib/ExecutionEngine/Orc/TargetProcess/CMakeFiles/LLVMOrcTargetProcess.dir/DefaultHostBootstrapValues.cpp.o
[2494/4645] Building CXX object lib/ExecutionEngine/Orc/TargetProcess/CMakeFiles/LLVMOrcTargetProcess.dir/ExecutorResolver.cpp.o
[2495/4645] Building CXX object lib/ExecutionEngine/Orc/TargetProcess/CMakeFiles/LLVMOrcTargetProcess.dir/JITLoaderGDB.cpp.o
[2496/4645] Building CXX object tools/clang/lib/Tooling/Core/CMakeFiles/obj.clangToolingCore.dir/Diagnostic.cpp.o
[2497/4645] Building CXX object lib/ExecutionEngine/Orc/TargetProcess/CMakeFiles/LLVMOrcTargetProcess.dir/JITLoaderPerf.cpp.o
[2498/4645] Building CXX object lib/ExecutionEngine/Orc/TargetProcess/CMakeFiles/LLVMOrcTargetProcess.dir/ExecutorSharedMemoryMapperService.cpp.o
[2499/4645] Building CXX object lib/ExecutionEngine/Orc/TargetProcess/CMakeFiles/LLVMOrcTargetProcess.dir/JITLoaderVTune.cpp.o
[2500/4645] Building CXX object lib/ExecutionEngine/Orc/TargetProcess/CMakeFiles/LLVMOrcTargetProcess.dir/RegisterEHFrames.cpp.o
[2501/4645] Building CXX object tools/clang/lib/Tooling/Core/CMakeFiles/obj.clangToolingCore.dir/Replacement.cpp.o
[2502/4645] Building CXX object lib/ExecutionEngine/Orc/TargetProcess/CMakeFiles/LLVMOrcTargetProcess.dir/LibraryResolver.cpp.o
[2503/4645] Building CXX object lib/ExecutionEngine/Orc/TargetProcess/CMakeFiles/LLVMOrcTargetProcess.dir/SimpleExecutorDylibManager.cpp.o
[2504/4645] Building CXX object lib/ExecutionEngine/Orc/TargetProcess/CMakeFiles/LLVMOrcTargetProcess.dir/TargetExecutionUtils.cpp.o
[2505/4645] Building CXX object lib/ExecutionEngine/Orc/TargetProcess/CMakeFiles/LLVMOrcTargetProcess.dir/SimpleRemoteEPCServer.cpp.o
[2506/4645] Building CXX object lib/ExecutionEngine/Orc/TargetProcess/CMakeFiles/LLVMOrcTargetProcess.dir/OrcRTBootstrap.cpp.o
[2507/4645] Building CXX object lib/ExecutionEngine/Orc/TargetProcess/CMakeFiles/LLVMOrcTargetProcess.dir/UnwindInfoManager.cpp.o
[2508/4645] Building CXX object lib/ExecutionEngine/Orc/TargetProcess/CMakeFiles/LLVMOrcTargetProcess.dir/SimpleExecutorMemoryManager.cpp.o
[2509/4645] Building CXX object lib/ExecutionEngine/RuntimeDyld/CMakeFiles/LLVMRuntimeDyld.dir/JITSymbol.cpp.o
[2510/4645] Building CXX object lib/ExecutionEngine/RuntimeDyld/CMakeFiles/LLVMRuntimeDyld.dir/RTDyldMemoryManager.cpp.o
[2511/4645] Building CXX object lib/ExecutionEngine/Orc/TargetProcess/CMakeFiles/LLVMOrcTargetProcess.dir/LibraryScanner.cpp.o
[2512/4645] Building CXX object lib/Target/Z80/TargetInfo/CMakeFiles/LLVMZ80Info.dir/Z80TargetInfo.cpp.o
[2513/4645] Building CXX object lib/ExecutionEngine/RuntimeDyld/CMakeFiles/LLVMRuntimeDyld.dir/RuntimeDyldCOFF.cpp.o
[2514/4645] Building CXX object lib/ExecutionEngine/RuntimeDyld/CMakeFiles/LLVMRuntimeDyld.dir/RuntimeDyldChecker.cpp.o
[2515/4645] Building CXX object lib/ExecutionEngine/RuntimeDyld/CMakeFiles/LLVMRuntimeDyld.dir/Targets/RuntimeDyldELFMips.cpp.o
[2516/4645] Building CXX object lib/ExecutionEngine/RuntimeDyld/CMakeFiles/LLVMRuntimeDyld.dir/RuntimeDyldMachO.cpp.o
[2517/4645] Building CXX object lib/ExecutionEngine/RuntimeDyld/CMakeFiles/LLVMRuntimeDyld.dir/RuntimeDyld.cpp.o
[2518/4645] Linking CXX static library lib/libclangToolingCore.a
[2519/4645] Building CXX object tools/clang/lib/CrossTU/CMakeFiles/obj.clangCrossTU.dir/CrossTranslationUnit.cpp.o
[2520/4645] Linking CXX static library lib/libclangCrossTU.a
[2521/4645] Building CXX object lib/Passes/CMakeFiles/LLVMPasses.dir/OptimizationLevel.cpp.o
[2522/4645] Building CXX object lib/Passes/CMakeFiles/LLVMPasses.dir/CodeGenPassBuilder.cpp.o
[2523/4645] Building CXX object tools/clang/lib/StaticAnalyzer/Core/CMakeFiles/obj.clangStaticAnalyzerCore.dir/APSIntType.cpp.o
[2524/4645] Building CXX object lib/TextAPI/BinaryReader/CMakeFiles/LLVMTextAPIBinaryReader.dir/DylibReader.cpp.o
[2525/4645] Building CXX object lib/ExecutionEngine/RuntimeDyld/CMakeFiles/LLVMRuntimeDyld.dir/RuntimeDyldELF.cpp.o
[2526/4645] Building CXX object tools/clang/lib/StaticAnalyzer/Core/CMakeFiles/obj.clangStaticAnalyzerCore.dir/AnalyzerOptions.cpp.o
[2527/4645] Building CXX object lib/Passes/CMakeFiles/LLVMPasses.dir/PassBuilderBindings.cpp.o
[2528/4645] Building CXX object tools/clang/lib/StaticAnalyzer/Core/CMakeFiles/obj.clangStaticAnalyzerCore.dir/AnalysisManager.cpp.o
[2529/4645] Building CXX object tools/clang/lib/StaticAnalyzer/Core/CMakeFiles/obj.clangStaticAnalyzerCore.dir/BlockCounter.cpp.o
[2530/4645] Building CXX object tools/clang/lib/StaticAnalyzer/Core/CMakeFiles/obj.clangStaticAnalyzerCore.dir/BasicValueFactory.cpp.o
[2531/4645] Building CXX object tools/clang/lib/StaticAnalyzer/Core/CMakeFiles/obj.clangStaticAnalyzerCore.dir/Checker.cpp.o
[2532/4645] Building CXX object tools/clang/lib/StaticAnalyzer/Core/CMakeFiles/obj.clangStaticAnalyzerCore.dir/BugSuppression.cpp.o
[2533/4645] Building CXX object tools/clang/lib/StaticAnalyzer/Core/CMakeFiles/obj.clangStaticAnalyzerCore.dir/CallDescription.cpp.o
[2534/4645] Building CXX object lib/Passes/CMakeFiles/LLVMPasses.dir/StandardInstrumentations.cpp.o
[2535/4645] Building CXX object tools/clang/lib/StaticAnalyzer/Core/CMakeFiles/obj.clangStaticAnalyzerCore.dir/CheckerContext.cpp.o
[2536/4645] Building CXX object tools/clang/lib/StaticAnalyzer/Core/CMakeFiles/obj.clangStaticAnalyzerCore.dir/BugReporter.cpp.o
[2537/4645] Building CXX object tools/clang/lib/StaticAnalyzer/Core/CMakeFiles/obj.clangStaticAnalyzerCore.dir/CallEvent.cpp.o
[2538/4645] Building CXX object lib/Passes/CMakeFiles/LLVMPasses.dir/PassBuilderPipelines.cpp.o
[2539/4645] Building CXX object tools/clang/lib/StaticAnalyzer/Core/CMakeFiles/obj.clangStaticAnalyzerCore.dir/CommonBugCategories.cpp.o
[2540/4645] Building CXX object tools/clang/lib/StaticAnalyzer/Core/CMakeFiles/obj.clangStaticAnalyzerCore.dir/CheckerHelpers.cpp.o
[2541/4645] Building CXX object tools/clang/lib/StaticAnalyzer/Core/CMakeFiles/obj.clangStaticAnalyzerCore.dir/CheckerRegistryData.cpp.o
[2542/4645] Building CXX object tools/clang/lib/StaticAnalyzer/Core/CMakeFiles/obj.clangStaticAnalyzerCore.dir/ConstraintManager.cpp.o
[2543/4645] Building CXX object tools/clang/lib/StaticAnalyzer/Core/CMakeFiles/obj.clangStaticAnalyzerCore.dir/BugReporterVisitors.cpp.o
[2544/4645] Building CXX object tools/clang/lib/StaticAnalyzer/Core/CMakeFiles/obj.clangStaticAnalyzerCore.dir/DynamicExtent.cpp.o
[2545/4645] Building CXX object tools/clang/lib/StaticAnalyzer/Core/CMakeFiles/obj.clangStaticAnalyzerCore.dir/CheckerManager.cpp.o
[2546/4645] Building CXX object tools/clang/lib/StaticAnalyzer/Core/CMakeFiles/obj.clangStaticAnalyzerCore.dir/EntryPointStats.cpp.o
[2547/4645] Building CXX object tools/clang/lib/StaticAnalyzer/Core/CMakeFiles/obj.clangStaticAnalyzerCore.dir/Environment.cpp.o
[2548/4645] Building CXX object tools/clang/lib/StaticAnalyzer/Core/CMakeFiles/obj.clangStaticAnalyzerCore.dir/CoreEngine.cpp.o
[2549/4645] Building CXX object tools/clang/lib/StaticAnalyzer/Core/CMakeFiles/obj.clangStaticAnalyzerCore.dir/DynamicType.cpp.o
[2550/4645] Building CXX object tools/clang/lib/StaticAnalyzer/Core/CMakeFiles/obj.clangStaticAnalyzerCore.dir/ExplodedGraph.cpp.o
[2551/4645] Building CXX object tools/clang/lib/StaticAnalyzer/Core/CMakeFiles/obj.clangStaticAnalyzerCore.dir/ExprEngineC.cpp.o
[2552/4645] Building CXX object tools/clang/lib/StaticAnalyzer/Core/CMakeFiles/obj.clangStaticAnalyzerCore.dir/FunctionSummary.cpp.o
[2553/4645] Building CXX object tools/clang/lib/StaticAnalyzer/Core/CMakeFiles/obj.clangStaticAnalyzerCore.dir/ExprEngineCXX.cpp.o
[2554/4645] Building CXX object tools/clang/lib/StaticAnalyzer/Core/CMakeFiles/obj.clangStaticAnalyzerCore.dir/ExprEngineObjC.cpp.o
[2555/4645] Building CXX object tools/clang/lib/StaticAnalyzer/Core/CMakeFiles/obj.clangStaticAnalyzerCore.dir/ExprEngineCallAndReturn.cpp.o
[2556/4645] Building CXX object tools/clang/lib/StaticAnalyzer/Core/CMakeFiles/obj.clangStaticAnalyzerCore.dir/HTMLDiagnostics.cpp.o
[2557/4645] Building CXX object tools/clang/lib/StaticAnalyzer/Core/CMakeFiles/obj.clangStaticAnalyzerCore.dir/ExprEngine.cpp.o
[2558/4645] Building CXX object tools/clang/lib/StaticAnalyzer/Core/CMakeFiles/obj.clangStaticAnalyzerCore.dir/LoopWidening.cpp.o
[2559/4645] Building CXX object tools/clang/lib/StaticAnalyzer/Core/CMakeFiles/obj.clangStaticAnalyzerCore.dir/MemRegion.cpp.o
[2560/4645] Building CXX object tools/clang/lib/StaticAnalyzer/Core/CMakeFiles/obj.clangStaticAnalyzerCore.dir/PlistDiagnostics.cpp.o
[2561/4645] Building CXX object tools/clang/lib/StaticAnalyzer/Core/CMakeFiles/obj.clangStaticAnalyzerCore.dir/RangedConstraintManager.cpp.o
[2562/4645] Building CXX object tools/clang/lib/StaticAnalyzer/Core/CMakeFiles/obj.clangStaticAnalyzerCore.dir/LoopUnrolling.cpp.o
[2563/4645] Building CXX object tools/clang/lib/StaticAnalyzer/Core/CMakeFiles/obj.clangStaticAnalyzerCore.dir/ProgramState.cpp.o
[2564/4645] Building CXX object tools/clang/lib/StaticAnalyzer/Core/CMakeFiles/obj.clangStaticAnalyzerCore.dir/SarifDiagnostics.cpp.o
[2565/4645] Building CXX object tools/clang/lib/StaticAnalyzer/Core/CMakeFiles/obj.clangStaticAnalyzerCore.dir/SimpleConstraintManager.cpp.o
[2566/4645] Building CXX object tools/clang/lib/StaticAnalyzer/Core/CMakeFiles/obj.clangStaticAnalyzerCore.dir/SMTConstraintManager.cpp.o
[2567/4645] Building CXX object tools/clang/lib/StaticAnalyzer/Core/CMakeFiles/obj.clangStaticAnalyzerCore.dir/RangeConstraintManager.cpp.o
[2568/4645] Building CXX object tools/clang/lib/StaticAnalyzer/Core/CMakeFiles/obj.clangStaticAnalyzerCore.dir/SimpleSValBuilder.cpp.o
[2569/4645] Building InstallNameToolOpts.inc...
[2570/4645] Building CXX object tools/clang/lib/StaticAnalyzer/Core/CMakeFiles/obj.clangStaticAnalyzerCore.dir/SVals.cpp.o
[2571/4645] Building CXX object tools/clang/lib/StaticAnalyzer/Core/CMakeFiles/obj.clangStaticAnalyzerCore.dir/Store.cpp.o
[2572/4645] Building CXX object tools/clang/lib/StaticAnalyzer/Core/CMakeFiles/obj.clangStaticAnalyzerCore.dir/SValBuilder.cpp.o
[2573/4645] Building CXX object tools/clang/lib/StaticAnalyzer/Core/CMakeFiles/obj.clangStaticAnalyzerCore.dir/SymbolManager.cpp.o
[2574/4645] Building CXX object lib/ABI/CMakeFiles/LLVMABI.dir/Types.cpp.o
[2575/4645] Building CXX object lib/ABI/CMakeFiles/LLVMABI.dir/FunctionInfo.cpp.o
[2576/4645] Building CXX object lib/ABI/CMakeFiles/LLVMABI.dir/TargetInfo.cpp.o
[2577/4645] Building CXX object tools/clang/lib/StaticAnalyzer/Core/CMakeFiles/obj.clangStaticAnalyzerCore.dir/RegionStore.cpp.o
[2578/4645] Building CXX object lib/ABI/CMakeFiles/LLVMABI.dir/Targets/BPF.cpp.o
[2579/4645] Building CXX object lib/ABI/CMakeFiles/LLVMABI.dir/IRTypeMapper.cpp.o
[2580/4645] Building CXX object tools/clang/lib/StaticAnalyzer/Core/CMakeFiles/obj.clangStaticAnalyzerCore.dir/WorkList.cpp.o
[2581/4645] Building CXX object lib/Passes/CMakeFiles/LLVMPasses.dir/PassBuilder.cpp.o
[2582/4645] Building CXX object tools/clang/lib/StaticAnalyzer/Core/CMakeFiles/obj.clangStaticAnalyzerCore.dir/TextDiagnostics.cpp.o
[2583/4645] Building CXX object tools/clang/lib/StaticAnalyzer/Core/CMakeFiles/obj.clangStaticAnalyzerCore.dir/Z3CrosscheckVisitor.cpp.o
[2584/4645] Building CXX object lib/CodeGen/AsmPrinter/CMakeFiles/LLVMAsmPrinter.dir/AddressPool.cpp.o
[2585/4645] Building CXX object lib/CodeGen/AsmPrinter/CMakeFiles/LLVMAsmPrinter.dir/AIXException.cpp.o
[2586/4645] Building CXX object lib/CodeGen/AsmPrinter/CMakeFiles/LLVMAsmPrinter.dir/ARMException.cpp.o
[2587/4645] Building CXX object lib/CodeGen/AsmPrinter/CMakeFiles/LLVMAsmPrinter.dir/AsmPrinterDwarf.cpp.o
[2588/4645] Building CXX object lib/CodeGen/AsmPrinter/CMakeFiles/LLVMAsmPrinter.dir/AsmPrinterInlineAsm.cpp.o
[2589/4645] Building CXX object lib/CodeGen/AsmPrinter/CMakeFiles/LLVMAsmPrinter.dir/AccelTable.cpp.o
[2590/4645] Building CXX object lib/CodeGen/AsmPrinter/CMakeFiles/LLVMAsmPrinter.dir/DbgEntityHistoryCalculator.cpp.o
[2591/4645] Building CXX object lib/CodeGen/AsmPrinter/CMakeFiles/LLVMAsmPrinter.dir/DebugHandlerBase.cpp.o
[2592/4645] Building CXX object lib/CodeGen/AsmPrinter/CMakeFiles/LLVMAsmPrinter.dir/DebugLocStream.cpp.o
[2593/4645] Building CXX object lib/CodeGen/AsmPrinter/CMakeFiles/LLVMAsmPrinter.dir/DwarfCFIException.cpp.o
[2594/4645] Building CXX object lib/CodeGen/AsmPrinter/CMakeFiles/LLVMAsmPrinter.dir/DIEHash.cpp.o
[2595/4645] Building CXX object lib/CodeGen/AsmPrinter/CMakeFiles/LLVMAsmPrinter.dir/DIE.cpp.o
[2596/4645] Building CXX object lib/CodeGen/AsmPrinter/CMakeFiles/LLVMAsmPrinter.dir/DwarfExpression.cpp.o
[2597/4645] Building CXX object lib/CodeGen/AsmPrinter/CMakeFiles/LLVMAsmPrinter.dir/DwarfStringPool.cpp.o
[2598/4645] Building CXX object lib/CodeGen/AsmPrinter/CMakeFiles/LLVMAsmPrinter.dir/DwarfFile.cpp.o
[2599/4645] Building CXX object lib/CodeGen/AsmPrinter/CMakeFiles/LLVMAsmPrinter.dir/DwarfCompileUnit.cpp.o
[2600/4645] Building CXX object lib/CodeGen/AsmPrinter/CMakeFiles/LLVMAsmPrinter.dir/AsmPrinter.cpp.o
[2601/4645] Building CXX object lib/CodeGen/AsmPrinter/CMakeFiles/LLVMAsmPrinter.dir/EHStreamer.cpp.o
[2602/4645] Building CXX object lib/CodeGen/AsmPrinter/CMakeFiles/LLVMAsmPrinter.dir/ErlangGCPrinter.cpp.o
[2603/4645] Linking CXX static library lib/libLLVMExtensions.a
[2604/4645] Building CXX object lib/CodeGen/AsmPrinter/CMakeFiles/LLVMAsmPrinter.dir/OcamlGCPrinter.cpp.o
[2605/4645] Building CXX object lib/CodeGen/AsmPrinter/CMakeFiles/LLVMAsmPrinter.dir/DwarfUnit.cpp.o
[2606/4645] Building CXX object lib/CodeGen/AsmPrinter/CMakeFiles/LLVMAsmPrinter.dir/WinCFGuard.cpp.o
[2607/4645] Building CXX object lib/CodeGen/AsmPrinter/CMakeFiles/LLVMAsmPrinter.dir/PseudoProbePrinter.cpp.o
[2608/4645] Building CXX object lib/CodeGen/AsmPrinter/CMakeFiles/LLVMAsmPrinter.dir/WasmException.cpp.o
[2609/4645] Building CXX object lib/Frontend/Driver/CMakeFiles/LLVMFrontendDriver.dir/CodeGenOptions.cpp.o
[2610/4645] Building CXX object lib/CodeGen/AsmPrinter/CMakeFiles/LLVMAsmPrinter.dir/WinException.cpp.o
[2611/4645] Building CXX object lib/MC/MCDisassembler/CMakeFiles/LLVMMCDisassembler.dir/MCDisassembler.cpp.o
[2612/4645] Building CXX object lib/MC/MCDisassembler/CMakeFiles/LLVMMCDisassembler.dir/Disassembler.cpp.o
[2613/4645] Building CXX object lib/CodeGen/AsmPrinter/CMakeFiles/LLVMAsmPrinter.dir/DwarfDebug.cpp.o
[2614/4645] Building CXX object lib/MC/MCDisassembler/CMakeFiles/LLVMMCDisassembler.dir/MCExternalSymbolizer.cpp.o
[2615/4645] Building CXX object lib/MC/MCDisassembler/CMakeFiles/LLVMMCDisassembler.dir/MCRelocationInfo.cpp.o
[2616/4645] Building CXX object lib/MC/MCDisassembler/CMakeFiles/LLVMMCDisassembler.dir/MCSymbolizer.cpp.o
[2617/4645] Building CXX object lib/LTO/CMakeFiles/LLVMLTO.dir/LTOModule.cpp.o
[2618/4645] Building CXX object lib/LTO/CMakeFiles/LLVMLTO.dir/UpdateCompilerUsed.cpp.o
[2619/4645] Building CXX object lib/ExecutionEngine/CMakeFiles/LLVMExecutionEngine.dir/GDBRegistrationListener.cpp.o
[2620/4645] Building CXX object lib/ExecutionEngine/CMakeFiles/LLVMExecutionEngine.dir/ExecutionEngineBindings.cpp.o
[2621/4645] Building CXX object lib/LTO/CMakeFiles/LLVMLTO.dir/LTOBackend.cpp.o
[2622/4645] Building CXX object lib/ExecutionEngine/CMakeFiles/LLVMExecutionEngine.dir/TargetSelect.cpp.o
[2623/4645] Building CXX object lib/CodeGen/AsmPrinter/CMakeFiles/LLVMAsmPrinter.dir/CodeViewDebug.cpp.o
[2624/4645] Building CXX object lib/ExecutionEngine/CMakeFiles/LLVMExecutionEngine.dir/SectionMemoryManager.cpp.o
[2625/4645] Building CXX object lib/LTO/CMakeFiles/LLVMLTO.dir/LTOCodeGenerator.cpp.o
[2626/4645] Building CXX object lib/ExecutionEngine/CMakeFiles/LLVMExecutionEngine.dir/ExecutionEngine.cpp.o
[2627/4645] Building CXX object lib/ExecutionEngine/JITLink/CMakeFiles/LLVMJITLink.dir/CompactUnwindSupport.cpp.o
[2628/4645] Building CXX object lib/ExecutionEngine/JITLink/CMakeFiles/LLVMJITLink.dir/DWARFRecordSectionSplitter.cpp.o
[2629/4645] Building CXX object lib/ExecutionEngine/JITLink/CMakeFiles/LLVMJITLink.dir/MachO.cpp.o
[2630/4645] Building CXX object lib/LTO/CMakeFiles/LLVMLTO.dir/LTO.cpp.o
[2631/4645] Building CXX object lib/ExecutionEngine/JITLink/CMakeFiles/LLVMJITLink.dir/JITLinkGeneric.cpp.o
[2632/4645] Building CXX object lib/ExecutionEngine/JITLink/CMakeFiles/LLVMJITLink.dir/EHFrameSupport.cpp.o
[2633/4645] Building CXX object lib/ExecutionEngine/JITLink/CMakeFiles/LLVMJITLink.dir/JITLinkMemoryManager.cpp.o
[2634/4645] Building CXX object lib/LTO/CMakeFiles/LLVMLTO.dir/ThinLTOCodeGenerator.cpp.o
[2635/4645] Building CXX object lib/ExecutionEngine/JITLink/CMakeFiles/LLVMJITLink.dir/ELF.cpp.o
[2636/4645] Building CXX object lib/ExecutionEngine/JITLink/CMakeFiles/LLVMJITLink.dir/JITLink.cpp.o
[2637/4645] Building CXX object lib/ExecutionEngine/JITLink/CMakeFiles/LLVMJITLink.dir/ELFLinkGraphBuilder.cpp.o
[2638/4645] Building CXX object lib/ExecutionEngine/JITLink/CMakeFiles/LLVMJITLink.dir/MachO_arm64.cpp.o
[2639/4645] Building CXX object lib/ExecutionEngine/JITLink/CMakeFiles/LLVMJITLink.dir/MachOLinkGraphBuilder.cpp.o
[2640/4645] Building CXX object lib/ExecutionEngine/JITLink/CMakeFiles/LLVMJITLink.dir/MachO_x86_64.cpp.o
[2641/4645] Building CXX object lib/ExecutionEngine/JITLink/CMakeFiles/LLVMJITLink.dir/ELF_hexagon.cpp.o
[2642/4645] Building CXX object lib/ExecutionEngine/JITLink/CMakeFiles/LLVMJITLink.dir/ELF_aarch32.cpp.o
[2643/4645] Building CXX object lib/ExecutionEngine/JITLink/CMakeFiles/LLVMJITLink.dir/ELF_aarch64.cpp.o
[2644/4645] Building CXX object lib/ExecutionEngine/JITLink/CMakeFiles/LLVMJITLink.dir/COFF.cpp.o
[2645/4645] Building CXX object lib/ExecutionEngine/JITLink/CMakeFiles/LLVMJITLink.dir/ELF_loongarch.cpp.o
[2646/4645] Building CXX object lib/ExecutionEngine/JITLink/CMakeFiles/LLVMJITLink.dir/COFFDirectiveParser.cpp.o
[2647/4645] Building CXX object lib/ExecutionEngine/JITLink/CMakeFiles/LLVMJITLink.dir/ELF_systemz.cpp.o
[2648/4645] Building CXX object lib/ExecutionEngine/JITLink/CMakeFiles/LLVMJITLink.dir/ELF_x86.cpp.o
[2649/4645] Building CXX object lib/ExecutionEngine/JITLink/CMakeFiles/LLVMJITLink.dir/ELF_ppc64.cpp.o
[2650/4645] Building CXX object lib/ExecutionEngine/JITLink/CMakeFiles/LLVMJITLink.dir/ELF_riscv.cpp.o
[2651/4645] Building CXX object lib/ExecutionEngine/JITLink/CMakeFiles/LLVMJITLink.dir/XCOFF.cpp.o
[2652/4645] Building CXX object lib/ExecutionEngine/JITLink/CMakeFiles/LLVMJITLink.dir/ELF_x86_64.cpp.o
[2653/4645] Building CXX object lib/ExecutionEngine/JITLink/CMakeFiles/LLVMJITLink.dir/COFFLinkGraphBuilder.cpp.o
[2654/4645] Building CXX object lib/ExecutionEngine/JITLink/CMakeFiles/LLVMJITLink.dir/XCOFF_ppc64.cpp.o
[2655/4645] Building CXX object lib/ExecutionEngine/JITLink/CMakeFiles/LLVMJITLink.dir/COFF_x86_64.cpp.o
[2656/4645] Building CXX object lib/ExecutionEngine/JITLink/CMakeFiles/LLVMJITLink.dir/hexagon.cpp.o
[2657/4645] Linking CXX static library lib/libLLVMOrcTargetProcess.a
[2658/4645] Linking CXX static library lib/libLLVMRuntimeDyld.a
[2659/4645] Building CXX object lib/ExecutionEngine/JITLink/CMakeFiles/LLVMJITLink.dir/loongarch.cpp.o
[2660/4645] Building CXX object lib/ExecutionEngine/JITLink/CMakeFiles/LLVMJITLink.dir/aarch32.cpp.o
[2661/4645] Building CXX object lib/ExecutionEngine/JITLink/CMakeFiles/LLVMJITLink.dir/XCOFFLinkGraphBuilder.cpp.o
[2662/4645] Building CXX object lib/ExecutionEngine/JITLink/CMakeFiles/LLVMJITLink.dir/aarch64.cpp.o
[2663/4645] Building CXX object lib/ExecutionEngine/JITLink/CMakeFiles/LLVMJITLink.dir/ppc64.cpp.o
[2664/4645] Building CXX object lib/ExecutionEngine/JITLink/CMakeFiles/LLVMJITLink.dir/riscv.cpp.o
[2665/4645] Building CXX object lib/ExecutionEngine/JITLink/CMakeFiles/LLVMJITLink.dir/systemz.cpp.o
[2666/4645] Building CXX object lib/Target/Z80/MCTargetDesc/CMakeFiles/LLVMZ80Desc.dir/Z80ELFObjectWriter.cpp.o
[2667/4645] Building CXX object lib/Target/Z80/MCTargetDesc/CMakeFiles/LLVMZ80Desc.dir/Z80InstPrinter.cpp.o
[2668/4645] Building CXX object lib/Target/Z80/MCTargetDesc/CMakeFiles/LLVMZ80Desc.dir/Z80MCAsmInfo.cpp.o
[2669/4645] Linking CXX static library lib/libLLVMZ80Info.a
[2670/4645] Building CXX object lib/ExecutionEngine/JITLink/CMakeFiles/LLVMJITLink.dir/x86.cpp.o
[2671/4645] Building CXX object lib/Target/Z80/MCTargetDesc/CMakeFiles/LLVMZ80Desc.dir/Z80AsmBackend.cpp.o
In file included from /Users/ravn/z80/llvm-z80-pre-pr40/llvm/lib/Target/Z80/MCTargetDesc/Z80AsmBackend.cpp:13:
/Users/ravn/z80/llvm-z80-pre-pr40/llvm/lib/Target/Z80/MCTargetDesc/Z80AsmBackend.h:102:18: warning: private field 'OSType' is not used [-Wunused-private-field]
  102 |   Triple::OSType OSType;
      |                  ^
1 warning generated.
[2672/4645] Building CXX object lib/ExecutionEngine/JITLink/CMakeFiles/LLVMJITLink.dir/x86_64.cpp.o
[2673/4645] Linking CXX static library lib/libLLVMPasses.a
[2674/4645] Linking CXX static library lib/libLLVMTextAPIBinaryReader.a
[2675/4645] Building Options.inc...
[2676/4645] Building Options.inc...
[2677/4645] Generating VCSVersion.inc
[2678/4645] Building CXX object lib/Target/Z80/MCTargetDesc/CMakeFiles/LLVMZ80Desc.dir/Z80MCInstrAnalysis.cpp.o
[2679/4645] Building CXX object lib/Target/Z80/MCTargetDesc/CMakeFiles/LLVMZ80Desc.dir/Z80MCCodeEmitter.cpp.o
[2680/4645] Building CXX object lib/Target/Z80/MCTargetDesc/CMakeFiles/LLVMZ80Desc.dir/Z80MCELFStreamer.cpp.o
[2681/4645] Building CXX object lib/Target/Z80/MCTargetDesc/CMakeFiles/LLVMZ80Desc.dir/Z80MCExpr.cpp.o
[2682/4645] Building CXX object tools/clang/lib/Tooling/Inclusions/CMakeFiles/obj.clangToolingInclusions.dir/IncludeStyle.cpp.o
[2683/4645] Building CXX object lib/Target/Z80/MCTargetDesc/CMakeFiles/LLVMZ80Desc.dir/Z80TargetStreamer.cpp.o
In file included from /Users/ravn/z80/llvm-z80-pre-pr40/llvm/lib/Target/Z80/MCTargetDesc/Z80TargetStreamer.cpp:13:
/Users/ravn/z80/llvm-z80-pre-pr40/llvm/lib/Target/Z80/MCTargetDesc/Z80TargetStreamer.h:42:26: warning: private field 'OS' is not used [-Wunused-private-field]
   42 |   formatted_raw_ostream &OS;
      |                          ^
1 warning generated.
[2684/4645] Building CXX object lib/Target/Z80/MCTargetDesc/CMakeFiles/LLVMZ80Desc.dir/Z80MCTargetDesc.cpp.o
[2685/4645] Building CXX object tools/clang/lib/Tooling/Inclusions/CMakeFiles/obj.clangToolingInclusions.dir/HeaderAnalysis.cpp.o
[2686/4645] Building CXX object tools/clang/lib/Tooling/Inclusions/CMakeFiles/obj.clangToolingInclusions.dir/HeaderIncludes.cpp.o
[2687/4645] Building CXX object lib/ProfileData/Coverage/CMakeFiles/LLVMCoverage.dir/CoverageMappingWriter.cpp.o
[2688/4645] Building CXX object tools/clang/lib/InstallAPI/CMakeFiles/obj.clangInstallAPI.dir/DiagnosticBuilderWrappers.cpp.o
[2689/4645] Linking CXX static library lib/libclangStaticAnalyzerCore.a
[2690/4645] Building CXX object tools/clang/lib/InstallAPI/CMakeFiles/obj.clangInstallAPI.dir/FileList.cpp.o
[2691/4645] Building CXX object tools/clang/lib/InstallAPI/CMakeFiles/obj.clangInstallAPI.dir/DirectoryScanner.cpp.o
[2692/4645] Building CXX object tools/clang/lib/InstallAPI/CMakeFiles/obj.clangInstallAPI.dir/HeaderFile.cpp.o
[2693/4645] Building CXX object tools/clang/lib/InstallAPI/CMakeFiles/obj.clangInstallAPI.dir/Library.cpp.o
[2694/4645] Building CXX object tools/clang/lib/InstallAPI/CMakeFiles/obj.clangInstallAPI.dir/DylibVerifier.cpp.o
[2695/4645] Building CXX object lib/ProfileData/Coverage/CMakeFiles/LLVMCoverage.dir/CoverageMappingReader.cpp.o
[2696/4645] Building CXX object lib/ProfileData/Coverage/CMakeFiles/LLVMCoverage.dir/CoverageMapping.cpp.o
[2697/4645] Building CXX object tools/clang/lib/InstallAPI/CMakeFiles/obj.clangInstallAPI.dir/Frontend.cpp.o
[2698/4645] Building CXX object tools/clang/lib/StaticAnalyzer/Checkers/CMakeFiles/obj.clangStaticAnalyzerCheckers.dir/AnalysisOrderChecker.cpp.o
[2699/4645] Building CXX object tools/clang/lib/StaticAnalyzer/Checkers/CMakeFiles/obj.clangStaticAnalyzerCheckers.dir/AnalyzerStatsChecker.cpp.o
[2700/4645] Building CXX object tools/clang/lib/StaticAnalyzer/Checkers/CMakeFiles/obj.clangStaticAnalyzerCheckers.dir/AssumeModeling.cpp.o
[2701/4645] Building CXX object tools/clang/lib/StaticAnalyzer/Checkers/CMakeFiles/obj.clangStaticAnalyzerCheckers.dir/ArrayBoundChecker.cpp.o
[2702/4645] Building CXX object tools/clang/lib/StaticAnalyzer/Checkers/CMakeFiles/obj.clangStaticAnalyzerCheckers.dir/BitwiseShiftChecker.cpp.o
[2703/4645] Building CXX object tools/clang/lib/StaticAnalyzer/Checkers/CMakeFiles/obj.clangStaticAnalyzerCheckers.dir/BasicObjCFoundationChecks.cpp.o
[2704/4645] Building CXX object tools/clang/lib/StaticAnalyzer/Checkers/CMakeFiles/obj.clangStaticAnalyzerCheckers.dir/BoolAssignmentChecker.cpp.o
[2705/4645] Building CXX object tools/clang/lib/StaticAnalyzer/Checkers/CMakeFiles/obj.clangStaticAnalyzerCheckers.dir/BlockInCriticalSectionChecker.cpp.o
[2706/4645] Building CXX object tools/clang/lib/StaticAnalyzer/Checkers/CMakeFiles/obj.clangStaticAnalyzerCheckers.dir/BuiltinFunctionChecker.cpp.o
[2707/4645] Building CXX object tools/clang/lib/InstallAPI/CMakeFiles/obj.clangInstallAPI.dir/Visitor.cpp.o
[2708/4645] Building CXX object tools/clang/lib/StaticAnalyzer/Checkers/CMakeFiles/obj.clangStaticAnalyzerCheckers.dir/CStringSyntaxChecker.cpp.o
[2709/4645] Building CXX object tools/clang/lib/StaticAnalyzer/Checkers/CMakeFiles/obj.clangStaticAnalyzerCheckers.dir/CastToStructChecker.cpp.o
[2710/4645] Building CXX object tools/clang/lib/StaticAnalyzer/Checkers/CMakeFiles/obj.clangStaticAnalyzerCheckers.dir/CallAndMessageChecker.cpp.o
[2711/4645] Building CXX object tools/clang/lib/StaticAnalyzer/Checkers/CMakeFiles/obj.clangStaticAnalyzerCheckers.dir/CStringChecker.cpp.o
[2712/4645] Building CXX object tools/clang/lib/StaticAnalyzer/Checkers/CMakeFiles/obj.clangStaticAnalyzerCheckers.dir/CastValueChecker.cpp.o
[2713/4645] Building CXX object tools/clang/lib/StaticAnalyzer/Checkers/CMakeFiles/obj.clangStaticAnalyzerCheckers.dir/CheckObjCInstMethSignature.cpp.o
[2714/4645] Building CXX object tools/clang/lib/StaticAnalyzer/Checkers/CMakeFiles/obj.clangStaticAnalyzerCheckers.dir/CheckPlacementNew.cpp.o
[2715/4645] Building CXX object tools/clang/lib/StaticAnalyzer/Checkers/CMakeFiles/obj.clangStaticAnalyzerCheckers.dir/CheckObjCDealloc.cpp.o
[2716/4645] Building CXX object tools/clang/lib/StaticAnalyzer/Checkers/CMakeFiles/obj.clangStaticAnalyzerCheckers.dir/CheckSecuritySyntaxOnly.cpp.o
[2717/4645] Building CXX object tools/clang/lib/StaticAnalyzer/Checkers/CMakeFiles/obj.clangStaticAnalyzerCheckers.dir/CheckerDocumentation.cpp.o
[2718/4645] Building CXX object tools/clang/lib/StaticAnalyzer/Checkers/CMakeFiles/obj.clangStaticAnalyzerCheckers.dir/ChrootChecker.cpp.o
[2719/4645] Building CXX object tools/clang/lib/StaticAnalyzer/Checkers/CMakeFiles/obj.clangStaticAnalyzerCheckers.dir/CloneChecker.cpp.o
[2720/4645] Building CXX object tools/clang/lib/StaticAnalyzer/Checkers/CMakeFiles/obj.clangStaticAnalyzerCheckers.dir/ConversionChecker.cpp.o
[2721/4645] Building CXX object tools/clang/lib/StaticAnalyzer/Checkers/CMakeFiles/obj.clangStaticAnalyzerCheckers.dir/CXXDeleteChecker.cpp.o
[2722/4645] Building CXX object tools/clang/lib/StaticAnalyzer/Checkers/CMakeFiles/obj.clangStaticAnalyzerCheckers.dir/CXXSelfAssignmentChecker.cpp.o
[2723/4645] Building CXX object tools/clang/lib/StaticAnalyzer/Checkers/CMakeFiles/obj.clangStaticAnalyzerCheckers.dir/ContainerModeling.cpp.o
[2724/4645] Building CXX object tools/clang/lib/StaticAnalyzer/Checkers/CMakeFiles/obj.clangStaticAnalyzerCheckers.dir/DeadStoresChecker.cpp.o
[2725/4645] Building CXX object tools/clang/lib/StaticAnalyzer/Checkers/CMakeFiles/obj.clangStaticAnalyzerCheckers.dir/DebugContainerModeling.cpp.o
[2726/4645] Building CXX object tools/clang/lib/StaticAnalyzer/Checkers/CMakeFiles/obj.clangStaticAnalyzerCheckers.dir/DebugIteratorModeling.cpp.o
[2727/4645] Building CXX object tools/clang/lib/StaticAnalyzer/Checkers/CMakeFiles/obj.clangStaticAnalyzerCheckers.dir/DebugCheckers.cpp.o
[2728/4645] Building CXX object tools/clang/lib/StaticAnalyzer/Checkers/CMakeFiles/obj.clangStaticAnalyzerCheckers.dir/DirectIvarAssignment.cpp.o
[2729/4645] Building CXX object tools/clang/lib/StaticAnalyzer/Checkers/CMakeFiles/obj.clangStaticAnalyzerCheckers.dir/DivZeroChecker.cpp.o
[2730/4645] Building CXX object tools/clang/lib/StaticAnalyzer/Checkers/CMakeFiles/obj.clangStaticAnalyzerCheckers.dir/DereferenceChecker.cpp.o
[2731/4645] Building CXX object tools/clang/lib/StaticAnalyzer/Checkers/CMakeFiles/obj.clangStaticAnalyzerCheckers.dir/DynamicTypeChecker.cpp.o
[2732/4645] Building CXX object tools/clang/lib/StaticAnalyzer/Checkers/CMakeFiles/obj.clangStaticAnalyzerCheckers.dir/DynamicTypePropagation.cpp.o
[2733/4645] Building CXX object tools/clang/lib/StaticAnalyzer/Checkers/CMakeFiles/obj.clangStaticAnalyzerCheckers.dir/ErrnoChecker.cpp.o
[2734/4645] Building CXX object tools/clang/lib/StaticAnalyzer/Checkers/CMakeFiles/obj.clangStaticAnalyzerCheckers.dir/EnumCastOutOfRangeChecker.cpp.o
[2735/4645] Building CXX object tools/clang/lib/StaticAnalyzer/Checkers/CMakeFiles/obj.clangStaticAnalyzerCheckers.dir/ErrnoModeling.cpp.o
[2736/4645] Building CXX object tools/clang/lib/StaticAnalyzer/Checkers/CMakeFiles/obj.clangStaticAnalyzerCheckers.dir/ErrnoTesterChecker.cpp.o
[2737/4645] Building CXX object tools/clang/lib/StaticAnalyzer/Checkers/CMakeFiles/obj.clangStaticAnalyzerCheckers.dir/FuchsiaHandleChecker.cpp.o
[2738/4645] Building CXX object tools/clang/lib/StaticAnalyzer/Checkers/CMakeFiles/obj.clangStaticAnalyzerCheckers.dir/ExprInspectionChecker.cpp.o
[2739/4645] Building CXX object tools/clang/lib/StaticAnalyzer/Checkers/CMakeFiles/obj.clangStaticAnalyzerCheckers.dir/GTestChecker.cpp.o
[2740/4645] Building CXX object tools/clang/lib/StaticAnalyzer/Checkers/CMakeFiles/obj.clangStaticAnalyzerCheckers.dir/InvalidatedIteratorChecker.cpp.o
[2741/4645] Building CXX object tools/clang/lib/StaticAnalyzer/Checkers/CMakeFiles/obj.clangStaticAnalyzerCheckers.dir/GCDAntipatternChecker.cpp.o
[2742/4645] Building CXX object tools/clang/lib/StaticAnalyzer/Checkers/CMakeFiles/obj.clangStaticAnalyzerCheckers.dir/InnerPointerChecker.cpp.o
[2743/4645] Building CXX object tools/clang/lib/StaticAnalyzer/Checkers/CMakeFiles/obj.clangStaticAnalyzerCheckers.dir/Iterator.cpp.o
[2744/4645] Building CXX object tools/clang/lib/StaticAnalyzer/Checkers/CMakeFiles/obj.clangStaticAnalyzerCheckers.dir/cert/InvalidPtrChecker.cpp.o
[2745/4645] Building CXX object tools/clang/lib/StaticAnalyzer/Checkers/CMakeFiles/obj.clangStaticAnalyzerCheckers.dir/IteratorModeling.cpp.o
[2746/4645] Building CXX object tools/clang/lib/StaticAnalyzer/Checkers/CMakeFiles/obj.clangStaticAnalyzerCheckers.dir/GenericTaintChecker.cpp.o
[2747/4645] Building CXX object tools/clang/lib/StaticAnalyzer/Checkers/CMakeFiles/obj.clangStaticAnalyzerCheckers.dir/IteratorRangeChecker.cpp.o
[2748/4645] Building CXX object tools/clang/lib/StaticAnalyzer/Checkers/CMakeFiles/obj.clangStaticAnalyzerCheckers.dir/IvarInvalidationChecker.cpp.o
[2749/4645] Building CXX object tools/clang/lib/StaticAnalyzer/Checkers/CMakeFiles/obj.clangStaticAnalyzerCheckers.dir/LLVMConventionsChecker.cpp.o
[2750/4645] Building CXX object tools/clang/lib/StaticAnalyzer/Checkers/CMakeFiles/obj.clangStaticAnalyzerCheckers.dir/MacOSXAPIChecker.cpp.o
[2751/4645] Building CXX object tools/clang/lib/StaticAnalyzer/Checkers/CMakeFiles/obj.clangStaticAnalyzerCheckers.dir/MacOSKeychainAPIChecker.cpp.o
[2752/4645] Building CXX object tools/clang/lib/StaticAnalyzer/Checkers/CMakeFiles/obj.clangStaticAnalyzerCheckers.dir/MallocSizeofChecker.cpp.o
[2753/4645] Building CXX object tools/clang/lib/StaticAnalyzer/Checkers/CMakeFiles/obj.clangStaticAnalyzerCheckers.dir/LocalizationChecker.cpp.o
[2754/4645] Building CXX object tools/clang/lib/StaticAnalyzer/Checkers/CMakeFiles/obj.clangStaticAnalyzerCheckers.dir/MismatchedIteratorChecker.cpp.o
[2755/4645] Building CXX object tools/clang/lib/StaticAnalyzer/Checkers/CMakeFiles/obj.clangStaticAnalyzerCheckers.dir/MmapWriteExecChecker.cpp.o
[2756/4645] Building CXX object tools/clang/lib/StaticAnalyzer/Checkers/CMakeFiles/obj.clangStaticAnalyzerCheckers.dir/MPI-Checker/MPIBugReporter.cpp.o
[2757/4645] Building CXX object tools/clang/lib/StaticAnalyzer/Checkers/CMakeFiles/obj.clangStaticAnalyzerCheckers.dir/MIGChecker.cpp.o
[2758/4645] Building CXX object tools/clang/lib/StaticAnalyzer/Checkers/CMakeFiles/obj.clangStaticAnalyzerCheckers.dir/MoveChecker.cpp.o
[2759/4645] Building CXX object tools/clang/lib/StaticAnalyzer/Checkers/CMakeFiles/obj.clangStaticAnalyzerCheckers.dir/MPI-Checker/MPIChecker.cpp.o
[2760/4645] Building CXX object tools/clang/lib/StaticAnalyzer/Checkers/CMakeFiles/obj.clangStaticAnalyzerCheckers.dir/MPI-Checker/MPIFunctionClassifier.cpp.o
[2761/4645] Building CXX object tools/clang/lib/StaticAnalyzer/Checkers/CMakeFiles/obj.clangStaticAnalyzerCheckers.dir/NSAutoreleasePoolChecker.cpp.o
[2762/4645] Building CXX object tools/clang/lib/StaticAnalyzer/Checkers/CMakeFiles/obj.clangStaticAnalyzerCheckers.dir/MallocChecker.cpp.o
[2763/4645] Building CXX object tools/clang/lib/StaticAnalyzer/Checkers/CMakeFiles/obj.clangStaticAnalyzerCheckers.dir/NSErrorChecker.cpp.o
[2764/4645] Building CXX object tools/clang/lib/StaticAnalyzer/Checkers/CMakeFiles/obj.clangStaticAnalyzerCheckers.dir/NoReturnFunctionChecker.cpp.o
[2765/4645] Building CXX object tools/clang/lib/StaticAnalyzer/Checkers/CMakeFiles/obj.clangStaticAnalyzerCheckers.dir/NonNullParamChecker.cpp.o
[2766/4645] Building CXX object tools/clang/lib/StaticAnalyzer/Checkers/CMakeFiles/obj.clangStaticAnalyzerCheckers.dir/NonnullGlobalConstantsChecker.cpp.o
[2767/4645] Building CXX object tools/clang/lib/StaticAnalyzer/Checkers/CMakeFiles/obj.clangStaticAnalyzerCheckers.dir/NoOwnershipChangeVisitor.cpp.o
[2768/4645] Building CXX object tools/clang/lib/StaticAnalyzer/Checkers/CMakeFiles/obj.clangStaticAnalyzerCheckers.dir/ObjCAtSyncChecker.cpp.o
[2769/4645] Building CXX object tools/clang/lib/StaticAnalyzer/Checkers/CMakeFiles/obj.clangStaticAnalyzerCheckers.dir/ObjCContainersASTChecker.cpp.o
[2770/4645] Building CXX object tools/clang/lib/StaticAnalyzer/Checkers/CMakeFiles/obj.clangStaticAnalyzerCheckers.dir/NullabilityChecker.cpp.o
[2771/4645] Building CXX object tools/clang/lib/StaticAnalyzer/Checkers/CMakeFiles/obj.clangStaticAnalyzerCheckers.dir/ObjCContainersChecker.cpp.o
[2772/4645] Building CXX object tools/clang/lib/StaticAnalyzer/Checkers/CMakeFiles/obj.clangStaticAnalyzerCheckers.dir/ObjCMissingSuperCallChecker.cpp.o
[2773/4645] Building CXX object tools/clang/lib/StaticAnalyzer/Checkers/CMakeFiles/obj.clangStaticAnalyzerCheckers.dir/NumberObjectConversionChecker.cpp.o
[2774/4645] Building CXX object tools/clang/lib/StaticAnalyzer/Checkers/CMakeFiles/obj.clangStaticAnalyzerCheckers.dir/ObjCAutoreleaseWriteChecker.cpp.o
[2775/4645] Building CXX object tools/clang/lib/StaticAnalyzer/Checkers/CMakeFiles/obj.clangStaticAnalyzerCheckers.dir/ObjCPropertyChecker.cpp.o
[2776/4645] Building CXX object tools/clang/lib/StaticAnalyzer/Checkers/CMakeFiles/obj.clangStaticAnalyzerCheckers.dir/ObjCSuperDeallocChecker.cpp.o
[2777/4645] Building CXX object tools/clang/lib/StaticAnalyzer/Checkers/CMakeFiles/obj.clangStaticAnalyzerCheckers.dir/ObjCSelfInitChecker.cpp.o
[2778/4645] Building CXX object tools/clang/lib/StaticAnalyzer/Checkers/CMakeFiles/obj.clangStaticAnalyzerCheckers.dir/ObjCUnusedIVarsChecker.cpp.o
[2779/4645] Building CXX object tools/clang/lib/StaticAnalyzer/Checkers/CMakeFiles/obj.clangStaticAnalyzerCheckers.dir/OpaqueSTLFunctionsModeling.cpp.o
[2780/4645] Building CXX object tools/clang/lib/StaticAnalyzer/Checkers/CMakeFiles/obj.clangStaticAnalyzerCheckers.dir/PaddingChecker.cpp.o
[2781/4645] Building CXX object tools/clang/lib/StaticAnalyzer/Checkers/CMakeFiles/obj.clangStaticAnalyzerCheckers.dir/OSObjectCStyleCast.cpp.o
[2782/4645] Building CXX object tools/clang/lib/StaticAnalyzer/Checkers/CMakeFiles/obj.clangStaticAnalyzerCheckers.dir/PointerArithChecker.cpp.o
[2783/4645] Building CXX object tools/clang/lib/StaticAnalyzer/Checkers/CMakeFiles/obj.clangStaticAnalyzerCheckers.dir/PointerSubChecker.cpp.o
[2784/4645] Building CXX object tools/clang/lib/StaticAnalyzer/Checkers/CMakeFiles/obj.clangStaticAnalyzerCheckers.dir/PutenvStackArrayChecker.cpp.o
[2785/4645] Building CXX object tools/clang/lib/StaticAnalyzer/Checkers/CMakeFiles/obj.clangStaticAnalyzerCheckers.dir/PthreadLockChecker.cpp.o
[2786/4645] Building CXX object tools/clang/lib/StaticAnalyzer/Checkers/CMakeFiles/obj.clangStaticAnalyzerCheckers.dir/ReturnPointerRangeChecker.cpp.o
[2787/4645] Building CXX object tools/clang/lib/StaticAnalyzer/Checkers/CMakeFiles/obj.clangStaticAnalyzerCheckers.dir/RetainCountChecker/RetainCountDiagnostics.cpp.o
[2788/4645] Building CXX object tools/clang/lib/StaticAnalyzer/Checkers/CMakeFiles/obj.clangStaticAnalyzerCheckers.dir/ReturnUndefChecker.cpp.o
[2789/4645] Building CXX object tools/clang/lib/StaticAnalyzer/Checkers/CMakeFiles/obj.clangStaticAnalyzerCheckers.dir/RetainCountChecker/RetainCountChecker.cpp.o
[2790/4645] Building CXX object tools/clang/lib/StaticAnalyzer/Checkers/CMakeFiles/obj.clangStaticAnalyzerCheckers.dir/ReturnValueChecker.cpp.o
[2791/4645] Building CXX object tools/clang/lib/StaticAnalyzer/Checkers/CMakeFiles/obj.clangStaticAnalyzerCheckers.dir/SetgidSetuidOrderChecker.cpp.o
[2792/4645] Building CXX object tools/clang/lib/StaticAnalyzer/Checkers/CMakeFiles/obj.clangStaticAnalyzerCheckers.dir/SimpleStreamChecker.cpp.o
[2793/4645] Building CXX object tools/clang/lib/StaticAnalyzer/Checkers/CMakeFiles/obj.clangStaticAnalyzerCheckers.dir/SmartPtrChecker.cpp.o
[2794/4645] Building CXX object tools/clang/lib/StaticAnalyzer/Checkers/CMakeFiles/obj.clangStaticAnalyzerCheckers.dir/RunLoopAutoreleaseLeakChecker.cpp.o
[2795/4645] Building CXX object tools/clang/lib/StaticAnalyzer/Checkers/CMakeFiles/obj.clangStaticAnalyzerCheckers.dir/StackAddrEscapeChecker.cpp.o
[2796/4645] Building CXX object tools/clang/lib/StaticAnalyzer/Checkers/CMakeFiles/obj.clangStaticAnalyzerCheckers.dir/StoreToImmutableChecker.cpp.o
[2797/4645] Building CXX object tools/clang/lib/StaticAnalyzer/Checkers/CMakeFiles/obj.clangStaticAnalyzerCheckers.dir/StdVariantChecker.cpp.o
[2798/4645] Building CXX object tools/clang/lib/StaticAnalyzer/Checkers/CMakeFiles/obj.clangStaticAnalyzerCheckers.dir/SmartPtrModeling.cpp.o
[2799/4645] Building CXX object tools/clang/lib/StaticAnalyzer/Checkers/CMakeFiles/obj.clangStaticAnalyzerCheckers.dir/STLAlgorithmModeling.cpp.o
[2800/4645] Building CXX object tools/clang/lib/StaticAnalyzer/Checkers/CMakeFiles/obj.clangStaticAnalyzerCheckers.dir/StringChecker.cpp.o
[2801/4645] Building CXX object tools/clang/lib/StaticAnalyzer/Checkers/CMakeFiles/obj.clangStaticAnalyzerCheckers.dir/Taint.cpp.o
[2802/4645] Building CXX object tools/clang/lib/StaticAnalyzer/Checkers/CMakeFiles/obj.clangStaticAnalyzerCheckers.dir/TaintTesterChecker.cpp.o
[2803/4645] Building CXX object tools/clang/lib/StaticAnalyzer/Checkers/CMakeFiles/obj.clangStaticAnalyzerCheckers.dir/TraversalChecker.cpp.o
[2804/4645] Building CXX object tools/clang/lib/StaticAnalyzer/Checkers/CMakeFiles/obj.clangStaticAnalyzerCheckers.dir/TestAfterDivZeroChecker.cpp.o
[2805/4645] Building CXX object tools/clang/lib/StaticAnalyzer/Checkers/CMakeFiles/obj.clangStaticAnalyzerCheckers.dir/TrustReturnsNonnullChecker.cpp.o
[2806/4645] Building CXX object tools/clang/lib/StaticAnalyzer/Checkers/CMakeFiles/obj.clangStaticAnalyzerCheckers.dir/TrustNonnullChecker.cpp.o
[2807/4645] Building CXX object tools/clang/lib/StaticAnalyzer/Checkers/CMakeFiles/obj.clangStaticAnalyzerCheckers.dir/StreamChecker.cpp.o
[2808/4645] Building CXX object tools/clang/lib/StaticAnalyzer/Checkers/CMakeFiles/obj.clangStaticAnalyzerCheckers.dir/UnconditionalVAArgChecker.cpp.o
[2809/4645] Building CXX object tools/clang/lib/StaticAnalyzer/Checkers/CMakeFiles/obj.clangStaticAnalyzerCheckers.dir/StdLibraryFunctionsChecker.cpp.o
[2810/4645] Building CXX object tools/clang/lib/StaticAnalyzer/Checkers/CMakeFiles/obj.clangStaticAnalyzerCheckers.dir/UndefBranchChecker.cpp.o
[2811/4645] Building CXX object tools/clang/lib/StaticAnalyzer/Checkers/CMakeFiles/obj.clangStaticAnalyzerCheckers.dir/UndefCapturedBlockVarChecker.cpp.o
[2812/4645] Building CXX object tools/clang/lib/StaticAnalyzer/Checkers/CMakeFiles/obj.clangStaticAnalyzerCheckers.dir/UndefResultChecker.cpp.o
[2813/4645] Building CXX object tools/clang/lib/StaticAnalyzer/Checkers/CMakeFiles/obj.clangStaticAnalyzerCheckers.dir/UndefinedArraySubscriptChecker.cpp.o
[2814/4645] Building CXX object tools/clang/lib/StaticAnalyzer/Checkers/CMakeFiles/obj.clangStaticAnalyzerCheckers.dir/UndefinedAssignmentChecker.cpp.o
[2815/4645] Building CXX object tools/clang/lib/StaticAnalyzer/Checkers/CMakeFiles/obj.clangStaticAnalyzerCheckers.dir/UndefinedNewArraySizeChecker.cpp.o
[2816/4645] Building CXX object tools/clang/lib/StaticAnalyzer/Checkers/CMakeFiles/obj.clangStaticAnalyzerCheckers.dir/UninitializedObject/UninitializedPointee.cpp.o
[2817/4645] Building CXX object tools/clang/lib/StaticAnalyzer/Checkers/CMakeFiles/obj.clangStaticAnalyzerCheckers.dir/UnreachableCodeChecker.cpp.o
[2818/4645] Building CXX object tools/clang/lib/StaticAnalyzer/Checkers/CMakeFiles/obj.clangStaticAnalyzerCheckers.dir/UnixAPIChecker.cpp.o
[2819/4645] Building CXX object tools/clang/lib/StaticAnalyzer/Checkers/CMakeFiles/obj.clangStaticAnalyzerCheckers.dir/VforkChecker.cpp.o
[2820/4645] Building CXX object tools/clang/lib/StaticAnalyzer/Checkers/CMakeFiles/obj.clangStaticAnalyzerCheckers.dir/WebKit/ASTUtils.cpp.o
[2821/4645] Building CXX object tools/clang/lib/StaticAnalyzer/Checkers/CMakeFiles/obj.clangStaticAnalyzerCheckers.dir/UninitializedObject/UninitializedObjectChecker.cpp.o
[2822/4645] Building CXX object tools/clang/lib/StaticAnalyzer/Checkers/CMakeFiles/obj.clangStaticAnalyzerCheckers.dir/VLASizeChecker.cpp.o
[2823/4645] Building CXX object tools/clang/lib/StaticAnalyzer/Checkers/CMakeFiles/obj.clangStaticAnalyzerCheckers.dir/VAListChecker.cpp.o
[2824/4645] Building CXX object tools/clang/lib/StaticAnalyzer/Checkers/CMakeFiles/obj.clangStaticAnalyzerCheckers.dir/VirtualCallChecker.cpp.o
[2825/4645] Building CXX object tools/clang/lib/StaticAnalyzer/Checkers/CMakeFiles/obj.clangStaticAnalyzerCheckers.dir/WebKit/PtrTypesSemantics.cpp.o
[2826/4645] Building BitcodeStripOpts.inc...
[2827/4645] Linking CXX static library lib/libLLVMABI.a
[2828/4645] Linking CXX static library lib/libLLVMAsmPrinter.a
[2829/4645] Linking CXX static library lib/libLLVMFrontendDriver.a
[2830/4645] Building CXX object tools/clang/lib/StaticAnalyzer/Checkers/CMakeFiles/obj.clangStaticAnalyzerCheckers.dir/WebKit/NoDeleteChecker.cpp.o
[2831/4645] Building CXX object tools/clang/lib/StaticAnalyzer/Checkers/CMakeFiles/obj.clangStaticAnalyzerCheckers.dir/WebKit/RefCntblBaseVirtualDtorChecker.cpp.o
[2832/4645] Building CXX object tools/clang/lib/StaticAnalyzer/Checkers/CMakeFiles/obj.clangStaticAnalyzerCheckers.dir/WebKit/RawPtrRefCallArgsChecker.cpp.o
[2833/4645] Building CXX object tools/clang/lib/StaticAnalyzer/Checkers/CMakeFiles/obj.clangStaticAnalyzerCheckers.dir/WebKit/MemoryUnsafeCastChecker.cpp.o
[2834/4645] Linking CXX static library lib/libLLVMLTO.a
[2835/4645] Linking CXX static library lib/libLLVMMCDisassembler.a
[2836/4645] Building CXX object lib/HTTP/CMakeFiles/LLVMHTTP.dir/HTTPClient.cpp.o
[2837/4645] Building CXX object lib/HTTP/CMakeFiles/LLVMHTTP.dir/HTTPServer.cpp.o
[2838/4645] Building CXX object tools/clang/lib/StaticAnalyzer/Checkers/CMakeFiles/obj.clangStaticAnalyzerCheckers.dir/WebKit/RawPtrRefLambdaCapturesChecker.cpp.o
[2839/4645] Building CXX object lib/HTTP/CMakeFiles/LLVMHTTP.dir/StreamedHTTPResponseHandler.cpp.o
[2840/4645] Building CXX object tools/clang/lib/StaticAnalyzer/Checkers/CMakeFiles/obj.clangStaticAnalyzerCheckers.dir/WebKit/RawPtrRefLocalVarsChecker.cpp.o
[2841/4645] Building CXX object tools/clang/lib/StaticAnalyzer/Checkers/CMakeFiles/obj.clangStaticAnalyzerCheckers.dir/WebKit/RawPtrRefMemberChecker.cpp.o
[2842/4645] Linking CXX static library lib/libLLVMExecutionEngine.a
[2843/4645] Linking CXX static library lib/libLLVMJITLink.a
[2844/4645] Building CXX object tools/clang/lib/StaticAnalyzer/Checkers/CMakeFiles/obj.clangStaticAnalyzerCheckers.dir/WebKit/ForwardDeclChecker.cpp.o
[2845/4645] Building CXX object lib/DTLTO/CMakeFiles/LLVMDTLTO.dir/DTLTOInputFiles.cpp.o
[2846/4645] Building CXX object lib/DWARFCFIChecker/CMakeFiles/LLVMDWARFCFIChecker.dir/DWARFCFIFunctionFrameAnalyzer.cpp.o
[2847/4645] Building CXX object lib/DWARFCFIChecker/CMakeFiles/LLVMDWARFCFIChecker.dir/DWARFCFIFunctionFrameStreamer.cpp.o
[2848/4645] Building CXX object lib/DWARFCFIChecker/CMakeFiles/LLVMDWARFCFIChecker.dir/DWARFCFIAnalysis.cpp.o
[2849/4645] Building CXX object lib/DTLTO/CMakeFiles/LLVMDTLTO.dir/DTLTO.cpp.o
[2850/4645] Building CXX object lib/DWARFCFIChecker/CMakeFiles/LLVMDWARFCFIChecker.dir/DWARFCFIState.cpp.o
[2851/4645] Building CXX object lib/DTLTO/CMakeFiles/LLVMDTLTO.dir/DTLTODistributionDriver.cpp.o
[2852/4645] Building CXX object lib/ExecutionEngine/Orc/CMakeFiles/LLVMOrcJIT.dir/AbsoluteSymbols.cpp.o
[2853/4645] Building CXX object lib/ExecutionEngine/Orc/CMakeFiles/LLVMOrcJIT.dir/COFF.cpp.o
[2854/4645] Building CXX object tools/clang/lib/StaticAnalyzer/Checkers/CMakeFiles/obj.clangStaticAnalyzerCheckers.dir/WebKit/RetainPtrCtorAdoptChecker.cpp.o
[2855/4645] Building CXX object lib/ExecutionEngine/Orc/CMakeFiles/LLVMOrcJIT.dir/BacktraceTools.cpp.o
[2856/4645] Building CXX object lib/ExecutionEngine/Orc/CMakeFiles/LLVMOrcJIT.dir/CompileOnDemandLayer.cpp.o
[2857/4645] Building CXX object lib/ExecutionEngine/Orc/CMakeFiles/LLVMOrcJIT.dir/COFFVCRuntimeSupport.cpp.o
[2858/4645] Building CXX object lib/ExecutionEngine/Orc/CMakeFiles/LLVMOrcJIT.dir/CompileUtils.cpp.o
[2859/4645] Building CXX object lib/ExecutionEngine/Orc/CMakeFiles/LLVMOrcJIT.dir/DebugUtils.cpp.o
[2860/4645] Building CXX object lib/ExecutionEngine/Orc/CMakeFiles/LLVMOrcJIT.dir/EHFrameRegistrationPlugin.cpp.o
[2861/4645] Building CXX object lib/ExecutionEngine/Orc/CMakeFiles/LLVMOrcJIT.dir/EPCDynamicLibrarySearchGenerator.cpp.o
[2862/4645] Building CXX object lib/ExecutionEngine/Orc/CMakeFiles/LLVMOrcJIT.dir/EPCGenericDylibManager.cpp.o
[2863/4645] Building CXX object lib/ExecutionEngine/Orc/CMakeFiles/LLVMOrcJIT.dir/EPCGenericJITLinkMemoryManager.cpp.o
[2864/4645] Building CXX object lib/ExecutionEngine/Orc/CMakeFiles/LLVMOrcJIT.dir/EPCGenericRTDyldMemoryManager.cpp.o
[2865/4645] Building CXX object lib/ExecutionEngine/Orc/CMakeFiles/LLVMOrcJIT.dir/ExecutorResolutionGenerator.cpp.o
[2866/4645] Building CXX object lib/ExecutionEngine/Orc/CMakeFiles/LLVMOrcJIT.dir/COFFPlatform.cpp.o
[2867/4645] Building CXX object lib/ExecutionEngine/Orc/CMakeFiles/LLVMOrcJIT.dir/EPCIndirectionUtils.cpp.o
[2868/4645] Building CXX object lib/ExecutionEngine/Orc/CMakeFiles/LLVMOrcJIT.dir/InProcessMemoryAccess.cpp.o
[2869/4645] Building CXX object lib/ExecutionEngine/Orc/CMakeFiles/LLVMOrcJIT.dir/ObjectFileInterface.cpp.o
[2870/4645] Building CXX object lib/ExecutionEngine/Orc/CMakeFiles/LLVMOrcJIT.dir/IRCompileLayer.cpp.o
[2871/4645] Building CXX object lib/ExecutionEngine/Orc/CMakeFiles/LLVMOrcJIT.dir/IRTransformLayer.cpp.o
[2872/4645] Building CXX object lib/ExecutionEngine/Orc/CMakeFiles/LLVMOrcJIT.dir/ExecutionUtils.cpp.o
[2873/4645] Building CXX object lib/ExecutionEngine/Orc/CMakeFiles/LLVMOrcJIT.dir/JITTargetMachineBuilder.cpp.o
[2874/4645] Building CXX object lib/ExecutionEngine/Orc/CMakeFiles/LLVMOrcJIT.dir/IndirectionUtils.cpp.o
[2875/4645] Building CXX object lib/ExecutionEngine/Orc/CMakeFiles/LLVMOrcJIT.dir/LoadLinkableFile.cpp.o
[2876/4645] Building CXX object lib/ExecutionEngine/Orc/CMakeFiles/LLVMOrcJIT.dir/IRPartitionLayer.cpp.o
[2877/4645] Building CXX object lib/ExecutionEngine/Orc/CMakeFiles/LLVMOrcJIT.dir/JITLinkReentryTrampolines.cpp.o
[2878/4645] Building CXX object lib/ExecutionEngine/Orc/CMakeFiles/LLVMOrcJIT.dir/LazyObjectLinkingLayer.cpp.o
[2879/4645] Building CXX object lib/ExecutionEngine/Orc/CMakeFiles/LLVMOrcJIT.dir/LinkGraphLayer.cpp.o
[2880/4645] Building CXX object lib/ExecutionEngine/Orc/CMakeFiles/LLVMOrcJIT.dir/Layer.cpp.o
[2881/4645] Building CXX object lib/ExecutionEngine/Orc/CMakeFiles/LLVMOrcJIT.dir/Core.cpp.o
[2882/4645] Building CXX object lib/ExecutionEngine/Orc/CMakeFiles/LLVMOrcJIT.dir/LookupAndRecordAddrs.cpp.o
[2883/4645] Building CXX object lib/ExecutionEngine/Orc/CMakeFiles/LLVMOrcJIT.dir/LazyReexports.cpp.o
[2884/4645] Building CXX object lib/ExecutionEngine/Orc/CMakeFiles/LLVMOrcJIT.dir/LinkGraphLinkingLayer.cpp.o
[2885/4645] Building CXX object lib/ExecutionEngine/Orc/CMakeFiles/LLVMOrcJIT.dir/Mangling.cpp.o
[2886/4645] Building CXX object lib/ExecutionEngine/Orc/CMakeFiles/LLVMOrcJIT.dir/MachO.cpp.o
[2887/4645] Building CXX object lib/ExecutionEngine/Orc/CMakeFiles/LLVMOrcJIT.dir/MapperJITLinkMemoryManager.cpp.o
[2888/4645] Building CXX object lib/ExecutionEngine/Orc/CMakeFiles/LLVMOrcJIT.dir/MemoryMapper.cpp.o
[2889/4645] Building CXX object lib/ExecutionEngine/Orc/CMakeFiles/LLVMOrcJIT.dir/ObjectLinkingLayer.cpp.o
[2890/4645] Building CXX object lib/ExecutionEngine/Orc/CMakeFiles/LLVMOrcJIT.dir/ObjectTransformLayer.cpp.o
[2891/4645] Building CXX object lib/ExecutionEngine/Orc/CMakeFiles/LLVMOrcJIT.dir/OrcABISupport.cpp.o
[2892/4645] Building CXX object lib/ExecutionEngine/Orc/CMakeFiles/LLVMOrcJIT.dir/LLJIT.cpp.o
[2893/4645] Building CXX object lib/ExecutionEngine/Orc/CMakeFiles/LLVMOrcJIT.dir/SectCreate.cpp.o
[2894/4645] Building CXX object lib/ExecutionEngine/Orc/CMakeFiles/LLVMOrcJIT.dir/SelfExecutorProcessControl.cpp.o
[2895/4645] Building CXX object lib/ExecutionEngine/Orc/CMakeFiles/LLVMOrcJIT.dir/ELFNixPlatform.cpp.o
[2896/4645] Building CXX object lib/ExecutionEngine/Orc/CMakeFiles/LLVMOrcJIT.dir/RTDyldObjectLinkingLayer.cpp.o
[2897/4645] Building CXX object lib/ExecutionEngine/Orc/CMakeFiles/LLVMOrcJIT.dir/MachOPlatform.cpp.o
[2898/4645] Building CXX object lib/ExecutionEngine/Orc/CMakeFiles/LLVMOrcJIT.dir/SimpleRemoteMemoryMapper.cpp.o
[2899/4645] Building CXX object lib/ExecutionEngine/Orc/CMakeFiles/LLVMOrcJIT.dir/OrcV2CBindings.cpp.o
[2900/4645] Building CXX object lib/ExecutionEngine/Orc/CMakeFiles/LLVMOrcJIT.dir/Speculation.cpp.o
[2901/4645] Building CXX object lib/ExecutionEngine/Orc/CMakeFiles/LLVMOrcJIT.dir/ExecutorProcessControl.cpp.o
[2902/4645] Building CXX object lib/ExecutionEngine/Orc/CMakeFiles/LLVMOrcJIT.dir/ThreadSafeModule.cpp.o
[2903/4645] Building CXX object lib/ExecutionEngine/Orc/CMakeFiles/LLVMOrcJIT.dir/SimpleRemoteEPC.cpp.o
[2904/4645] Building CXX object lib/ExecutionEngine/Orc/CMakeFiles/LLVMOrcJIT.dir/TaskDispatch.cpp.o
[2905/4645] Building CXX object lib/ExecutionEngine/Orc/CMakeFiles/LLVMOrcJIT.dir/RedirectionManager.cpp.o
[2906/4645] Building CXX object lib/ExecutionEngine/Orc/CMakeFiles/LLVMOrcJIT.dir/SpeculateAnalyses.cpp.o
[2907/4645] Building CXX object lib/ExecutionEngine/Orc/CMakeFiles/LLVMOrcJIT.dir/UnwindInfoRegistrationPlugin.cpp.o
[2908/4645] Building CXX object lib/ExecutionEngine/Orc/CMakeFiles/LLVMOrcJIT.dir/JITLinkRedirectableSymbolManager.cpp.o
[2909/4645] Building CXX object lib/Target/Z80/CMakeFiles/LLVMZ80CodeGen.dir/SM83CallLowering.cpp.o
/Users/ravn/z80/llvm-z80-pre-pr40/llvm/lib/Target/Z80/SM83CallLowering.cpp:37:29: warning: missing field 'First_I8' initializer [-Wmissing-field-initializers]
   37 |                             },
      |                             ^
/Users/ravn/z80/llvm-z80-pre-pr40/llvm/lib/Target/Z80/SM83CallLowering.cpp:53:29: warning: missing field 'First_I8' initializer [-Wmissing-field-initializers]
   53 |                             },
      |                             ^
2 warnings generated.
[2910/4645] Building CXX object lib/ExecutionEngine/Orc/CMakeFiles/LLVMOrcJIT.dir/ReOptimizeLayer.cpp.o
[2911/4645] Building CXX object lib/Target/Z80/CMakeFiles/LLVMZ80CodeGen.dir/Z80CallingConv.cpp.o
[2912/4645] Building CXX object lib/Target/Z80/CMakeFiles/LLVMZ80CodeGen.dir/Z80AsmPrinter.cpp.o
[2913/4645] Building CXX object lib/Target/Z80/CMakeFiles/LLVMZ80CodeGen.dir/Z80BranchCleanup.cpp.o
/Users/ravn/z80/llvm-z80-pre-pr40/llvm/lib/Target/Z80/Z80BranchCleanup.cpp:63:17: warning: unused function 'invertBranchToCondRET' [-Wunused-function]
   63 | static unsigned invertBranchToCondRET(unsigned Opc) {
      |                 ^~~~~~~~~~~~~~~~~~~~~
1 warning generated.
[2914/4645] Building CXX object lib/Target/Z80/CMakeFiles/LLVMZ80CodeGen.dir/Z80CallLowering.cpp.o
/Users/ravn/z80/llvm-z80-pre-pr40/llvm/lib/Target/Z80/Z80CallLowering.cpp:270:29: warning: missing field 'First_I8' initializer [-Wmissing-field-initializers]
  270 |                             },
      |                             ^
/Users/ravn/z80/llvm-z80-pre-pr40/llvm/lib/Target/Z80/Z80CallLowering.cpp:286:29: warning: missing field 'First_I8' initializer [-Wmissing-field-initializers]
  286 |                             },
      |                             ^
2 warnings generated.
[2915/4645] Building CXX object lib/Target/Z80/CMakeFiles/LLVMZ80CodeGen.dir/Z80FixupImplicitDefs.cpp.o
[2916/4645] Building CXX object lib/Target/Z80/CMakeFiles/LLVMZ80CodeGen.dir/Z80ExpandPseudo.cpp.o
[2917/4645] Building CXX object lib/Target/Z80/CMakeFiles/LLVMZ80CodeGen.dir/Z80FuseCarryChain.cpp.o
[2918/4645] Building CXX object lib/Target/Z80/CMakeFiles/LLVMZ80CodeGen.dir/Z80FrameLowering.cpp.o
[2919/4645] Building CXX object lib/Target/Z80/CMakeFiles/LLVMZ80CodeGen.dir/Z80PreLegalizerCombiner.cpp.o
[2920/4645] Building CXX object lib/Target/Z80/CMakeFiles/LLVMZ80CodeGen.dir/Z80PostLegalizerCombiner.cpp.o
[2921/4645] Building CXX object lib/Target/Z80/CMakeFiles/LLVMZ80CodeGen.dir/Z80ISelLowering.cpp.o
[2922/4645] Building CXX object lib/Target/Z80/CMakeFiles/LLVMZ80CodeGen.dir/Z80AutoStaticStack.cpp.o
[2923/4645] Building CXX object lib/Target/Z80/CMakeFiles/LLVMZ80CodeGen.dir/Z80IndexIV.cpp.o
[2924/4645] Building CXX object lib/Target/Z80/CMakeFiles/LLVMZ80CodeGen.dir/Z80PatternFillRecognize.cpp.o
[2925/4645] Building CXX object lib/Target/Z80/CMakeFiles/LLVMZ80CodeGen.dir/Z80LoopRotate.cpp.o
[2926/4645] Building CXX object lib/Target/Z80/CMakeFiles/LLVMZ80CodeGen.dir/Z80InlineAsmLowering.cpp.o
[2927/4645] Building CXX object lib/Target/Z80/CMakeFiles/LLVMZ80CodeGen.dir/Z80SinkColdLoopIV.cpp.o
[2928/4645] Building CXX object lib/Target/Z80/CMakeFiles/LLVMZ80CodeGen.dir/Z80LoopInstrFormPrep.cpp.o
[2929/4645] Building CXX object lib/Target/Z80/CMakeFiles/LLVMZ80CodeGen.dir/Z80InstrInfo.cpp.o
/Users/ravn/z80/llvm-z80-pre-pr40/llvm/lib/Target/Z80/Z80InstrInfo.cpp:166:17: warning: unused function 'getCPOpcode' [-Wunused-function]
  166 | static unsigned getCPOpcode(Register Reg) {
      |                 ^~~~~~~~~~~
1 warning generated.
[2930/4645] Building CXX object lib/Target/Z80/CMakeFiles/LLVMZ80CodeGen.dir/Z80LowerSelect.cpp.o
[2931/4645] Building CXX object lib/Target/Z80/CMakeFiles/LLVMZ80CodeGen.dir/Z80LegalizerInfo.cpp.o
[2932/4645] Building CXX object lib/Target/Z80/CMakeFiles/LLVMZ80CodeGen.dir/Z80MCInstLower.cpp.o
[2933/4645] Building CXX object lib/Target/Z80/CMakeFiles/LLVMZ80CodeGen.dir/Z80PostRACompareMerge.cpp.o
[2934/4645] Building CXX object lib/Target/Z80/CMakeFiles/LLVMZ80CodeGen.dir/Z80NarrowNoIndex.cpp.o
[2935/4645] Building CXX object lib/Target/Z80/CMakeFiles/LLVMZ80CodeGen.dir/Z80InstructionSelector.cpp.o
[2936/4645] Building CXX object lib/Target/Z80/CMakeFiles/LLVMZ80CodeGen.dir/Z80PostRAScavenging.cpp.o
[2937/4645] Building CXX object lib/Target/Z80/CMakeFiles/LLVMZ80CodeGen.dir/Z80RegisterBankInfo.cpp.o
[2938/4645] Building CXX object lib/Target/Z80/CMakeFiles/LLVMZ80CodeGen.dir/Z80ShiftRotateChain.cpp.o
[2939/4645] Building CXX object lib/Target/Z80/CMakeFiles/LLVMZ80CodeGen.dir/Z80KeepLoopPointerInPair.cpp.o
[2940/4645] Building CXX object lib/Target/Z80/CMakeFiles/LLVMZ80CodeGen.dir/Z80PinAluAccumulator.cpp.o
[2941/4645] Building CXX object lib/Target/Z80/CMakeFiles/LLVMZ80CodeGen.dir/Z80RegisterInfo.cpp.o
[2942/4645] Building CXX object lib/Target/Z80/CMakeFiles/LLVMZ80CodeGen.dir/Z80PinLoopPointer.cpp.o
[2943/4645] Building CXX object lib/Target/Z80/CMakeFiles/LLVMZ80CodeGen.dir/Z80PruneCallFrameDefs.cpp.o
[2944/4645] Building CXX object lib/Target/Z80/CMakeFiles/LLVMZ80CodeGen.dir/Z80RemoveJumpToNext.cpp.o
[2945/4645] Building CXX object lib/Target/Z80/CMakeFiles/LLVMZ80CodeGen.dir/Z80HighByteFirstBranch.cpp.o
[2946/4645] Linking CXX static library lib/libLLVMZ80Desc.a
[2947/4645] Linking CXX static library lib/libLLVMCoverage.a
[2948/4645] Building CXX object lib/Target/Z80/CMakeFiles/LLVMZ80CodeGen.dir/Z80ReorderTestDec.cpp.o
[2949/4645] Building CXX object lib/Target/Z80/CMakeFiles/LLVMZ80CodeGen.dir/Z80LateOptimization.cpp.o
/Users/ravn/z80/llvm-z80-pre-pr40/llvm/lib/Target/Z80/Z80LateOptimization.cpp:2372:18: warning: variable 'Saved' set but not used [-Wunused-but-set-variable]
 2372 |         unsigned Saved = 0;
      |                  ^
/Users/ravn/z80/llvm-z80-pre-pr40/llvm/lib/Target/Z80/Z80LateOptimization.cpp:6007:14: warning: variable 'SeenCall' set but not used [-Wunused-but-set-variable]
 6007 |         bool SeenCall = false;
      |              ^
2 warnings generated.
[2950/4645] Building CXX object lib/WindowsManifest/CMakeFiles/LLVMWindowsManifest.dir/WindowsManifestMerger.cpp.o
[2951/4645] Building CXX object lib/ToolDrivers/llvm-dlltool/CMakeFiles/LLVMDlltoolDriver.dir/DlltoolDriver.cpp.o
[2952/4645] Building CXX object lib/Target/Z80/CMakeFiles/LLVMZ80CodeGen.dir/Z80SplitDjnzCounters.cpp.o
[2953/4645] Building CXX object lib/ToolDrivers/llvm-lib/CMakeFiles/LLVMLibDriver.dir/LibDriver.cpp.o
[2954/4645] Building CXX object lib/Target/Z80/CMakeFiles/LLVMZ80CodeGen.dir/Z80TargetObjectFile.cpp.o
[2955/4645] Building CXX object lib/Target/Z80/AsmParser/CMakeFiles/LLVMZ80AsmParser.dir/Z80AsmParser.cpp.o
[2956/4645] Building CXX object lib/Target/Z80/CMakeFiles/LLVMZ80CodeGen.dir/Z80Subtarget.cpp.o
[2957/4645] Building CXX object lib/Target/Z80/Disassembler/CMakeFiles/LLVMZ80Disassembler.dir/Z80Disassembler.cpp.o
[2958/4645] Building CXX object tools/lld/Common/CMakeFiles/lldCommon.dir/CommonLinkerContext.cpp.o
[2959/4645] Building CXX object tools/lld/Common/CMakeFiles/lldCommon.dir/Args.cpp.o
[2960/4645] Building CXX object tools/lld/Common/CMakeFiles/lldCommon.dir/DriverDispatcher.cpp.o
[2961/4645] Building CXX object lib/Target/Z80/CMakeFiles/LLVMZ80CodeGen.dir/Z80TargetTransformInfo.cpp.o
[2962/4645] Building CXX object tools/lld/Common/CMakeFiles/lldCommon.dir/Filesystem.cpp.o
[2963/4645] Building CXX object tools/lld/Common/CMakeFiles/lldCommon.dir/Memory.cpp.o
[2964/4645] Building Options.inc...
[2965/4645] Building CXX object lib/Target/Z80/CMakeFiles/LLVMZ80CodeGen.dir/Z80TargetMachine.cpp.o
[2966/4645] Building hlsl/hlsl_alias_intrinsics_gen.inc...
[2967/4645] Building hlsl/hlsl_inline_intrinsics_gen.inc...
[2968/4645] Building CXX object tools/lld/Common/CMakeFiles/lldCommon.dir/DWARF.cpp.o
[2969/4645] Building CXX object tools/lld/Common/CMakeFiles/lldCommon.dir/Reproduce.cpp.o
[2970/4645] Building CXX object tools/lld/Common/CMakeFiles/lldCommon.dir/ErrorHandler.cpp.o
[2971/4645] Building CXX object tools/lld/Common/CMakeFiles/lldCommon.dir/TargetOptionsCommandFlags.cpp.o
[2972/4645] Building CXX object tools/lld/Common/CMakeFiles/lldCommon.dir/Strings.cpp.o
[2973/4645] Building CXX object tools/lld/Common/CMakeFiles/lldCommon.dir/Timer.cpp.o
[2974/4645] Building CXX object tools/lld/Common/CMakeFiles/lldCommon.dir/Utils.cpp.o
[2975/4645] Building CXX object tools/lld/Common/CMakeFiles/lldCommon.dir/Version.cpp.o
[2976/4645] Building CXX object tools/clang/lib/CodeGen/CMakeFiles/obj.clangCodeGen.dir/ABIInfoImpl.cpp.o
[2977/4645] Building CXX object tools/clang/lib/CodeGen/CMakeFiles/obj.clangCodeGen.dir/ABIInfo.cpp.o
[2978/4645] Building CXX object tools/clang/lib/CodeGen/CMakeFiles/obj.clangCodeGen.dir/CGAtomic.cpp.o
[2979/4645] Building CXX object tools/clang/lib/CodeGen/CMakeFiles/obj.clangCodeGen.dir/CGCUDARuntime.cpp.o
[2980/4645] Building CXX object tools/clang/lib/CodeGen/CMakeFiles/obj.clangCodeGen.dir/CGCXX.cpp.o
[2981/4645] Building CXX object tools/clang/lib/CodeGen/CMakeFiles/obj.clangCodeGen.dir/CGCXXABI.cpp.o
[2982/4645] Building CXX object tools/clang/lib/CodeGen/CMakeFiles/obj.clangCodeGen.dir/CGCUDANV.cpp.o
[2983/4645] Building CXX object tools/clang/lib/CodeGen/CMakeFiles/obj.clangCodeGen.dir/CGBlocks.cpp.o
[2984/4645] Building CXX object tools/clang/lib/CodeGen/CMakeFiles/obj.clangCodeGen.dir/CGBuiltin.cpp.o
[2985/4645] Building CXX object tools/clang/lib/CodeGen/CMakeFiles/obj.clangCodeGen.dir/CGCleanup.cpp.o
[2986/4645] Building CXX object tools/clang/lib/CodeGen/CMakeFiles/obj.clangCodeGen.dir/CGClass.cpp.o
[2987/4645] Building CXX object tools/clang/lib/CodeGen/CMakeFiles/obj.clangCodeGen.dir/CGCoroutine.cpp.o
[2988/4645] Building CXX object tools/clang/lib/CodeGen/CMakeFiles/obj.clangCodeGen.dir/CGDeclCXX.cpp.o
[2989/4645] Building CXX object tools/clang/lib/CodeGen/CMakeFiles/obj.clangCodeGen.dir/BackendUtil.cpp.o
[2990/4645] Building CXX object tools/clang/lib/CodeGen/CMakeFiles/obj.clangCodeGen.dir/CGException.cpp.o
[2991/4645] Building CXX object tools/clang/lib/CodeGen/CMakeFiles/obj.clangCodeGen.dir/CGCall.cpp.o
[2992/4645] Building CXX object tools/clang/lib/CodeGen/CMakeFiles/obj.clangCodeGen.dir/CGDecl.cpp.o
[2993/4645] Building CXX object tools/clang/lib/CodeGen/CMakeFiles/obj.clangCodeGen.dir/CGExprAgg.cpp.o
[2994/4645] Building CXX object tools/clang/lib/CodeGen/CMakeFiles/obj.clangCodeGen.dir/CGExprCXX.cpp.o
[2995/4645] Building CXX object tools/clang/lib/CodeGen/CMakeFiles/obj.clangCodeGen.dir/CGExprComplex.cpp.o
[2996/4645] Building CXX object tools/clang/lib/CodeGen/CMakeFiles/obj.clangCodeGen.dir/CGExprConstant.cpp.o
[2997/4645] Building CXX object tools/clang/lib/CodeGen/CMakeFiles/obj.clangCodeGen.dir/CGGPUBuiltin.cpp.o
[2998/4645] Building CXX object tools/clang/lib/CodeGen/CMakeFiles/obj.clangCodeGen.dir/CGLoopInfo.cpp.o
[2999/4645] Building CXX object tools/clang/lib/CodeGen/CMakeFiles/obj.clangCodeGen.dir/CGExpr.cpp.o
[3000/4645] Building CXX object tools/clang/lib/CodeGen/CMakeFiles/obj.clangCodeGen.dir/CGHLSLBuiltins.cpp.o
[3001/4645] Building CXX object tools/clang/lib/CodeGen/CMakeFiles/obj.clangCodeGen.dir/CGExprScalar.cpp.o
[3002/4645] Building CXX object tools/clang/lib/CodeGen/CMakeFiles/obj.clangCodeGen.dir/CGNonTrivialStruct.cpp.o
[3003/4645] Building CXX object tools/clang/lib/CodeGen/CMakeFiles/obj.clangCodeGen.dir/CGDebugInfo.cpp.o
/Users/ravn/z80/llvm-z80-pre-pr40/clang/lib/CodeGen/CGDebugInfo.cpp:1798:11: warning: 6 enumeration values not handled in switch: 'CC_Z80SDCCCall0', 'CC_Z80AllReg', 'CC_Z80FastCall'... [-Wswitch]
 1798 |   switch (CC) {
      |           ^~
/Users/ravn/z80/llvm-z80-pre-pr40/clang/lib/CodeGen/CGDebugInfo.cpp:1798:11: note: add missing switch cases
 1798 |   switch (CC) {
      |           ^
1 warning generated.
[3004/4645] Building CXX object tools/clang/lib/CodeGen/CMakeFiles/obj.clangCodeGen.dir/CGOpenCLRuntime.cpp.o
[3005/4645] Building CXX object tools/clang/lib/CodeGen/CMakeFiles/obj.clangCodeGen.dir/CGObjCRuntime.cpp.o
[3006/4645] Building CXX object tools/clang/lib/CodeGen/CMakeFiles/obj.clangCodeGen.dir/CGObjC.cpp.o
[3007/4645] Building CXX object tools/clang/lib/CodeGen/CMakeFiles/obj.clangCodeGen.dir/CGObjCGNU.cpp.o
[3008/4645] Building CXX object tools/clang/lib/CodeGen/CMakeFiles/obj.clangCodeGen.dir/CGHLSLRuntime.cpp.o
[3009/4645] Building CXX object tools/clang/lib/CodeGen/CMakeFiles/obj.clangCodeGen.dir/CGObjCMac.cpp.o
[3010/4645] Building CXX object tools/clang/lib/CodeGen/CMakeFiles/obj.clangCodeGen.dir/CGOpenMPRuntimeGPU.cpp.o
[3011/4645] Building CXX object tools/clang/lib/CodeGen/CMakeFiles/obj.clangCodeGen.dir/CGPointerAuth.cpp.o
[3012/4645] Building CXX object tools/clang/lib/CodeGen/CMakeFiles/obj.clangCodeGen.dir/CGRecordLayoutBuilder.cpp.o
[3013/4645] Building CXX object tools/clang/lib/CodeGen/CMakeFiles/obj.clangCodeGen.dir/CodeGenABITypes.cpp.o
[3014/4645] Building CXX object tools/clang/lib/CodeGen/CMakeFiles/obj.clangCodeGen.dir/CGVTT.cpp.o
[3015/4645] Building CXX object tools/clang/lib/CodeGen/CMakeFiles/obj.clangCodeGen.dir/CGStmt.cpp.o
[3016/4645] Building CXX object tools/clang/lib/CodeGen/CMakeFiles/obj.clangCodeGen.dir/CGVTables.cpp.o
[3017/4645] Building CXX object tools/clang/lib/CodeGen/CMakeFiles/obj.clangCodeGen.dir/CodeGenSYCL.cpp.o
[3018/4645] Building CXX object tools/clang/lib/CodeGen/CMakeFiles/obj.clangCodeGen.dir/CodeGenTBAA.cpp.o
[3019/4645] Building CXX object tools/clang/lib/CodeGen/CMakeFiles/obj.clangCodeGen.dir/ConstantInitBuilder.cpp.o
[3020/4645] Building CXX object tools/clang/lib/CodeGen/CMakeFiles/obj.clangCodeGen.dir/CodeGenFunction.cpp.o
[3021/4645] Building CXX object tools/clang/lib/CodeGen/CMakeFiles/obj.clangCodeGen.dir/CodeGenTypes.cpp.o
[3022/4645] Building CXX object tools/clang/lib/CodeGen/CMakeFiles/obj.clangCodeGen.dir/CodeGenAction.cpp.o
[3023/4645] Building CXX object tools/clang/lib/CodeGen/CMakeFiles/obj.clangCodeGen.dir/CGOpenMPRuntime.cpp.o
[3024/4645] Building CXX object tools/clang/lib/CodeGen/CMakeFiles/obj.clangCodeGen.dir/CGStmtOpenMP.cpp.o
[3025/4645] Building CXX object tools/clang/lib/CodeGen/CMakeFiles/obj.clangCodeGen.dir/HLSLBufferLayoutBuilder.cpp.o
[3026/4645] Building CXX object tools/clang/lib/CodeGen/CMakeFiles/obj.clangCodeGen.dir/CodeGenPGO.cpp.o
[3027/4645] Building CXX object tools/clang/lib/CodeGen/CMakeFiles/obj.clangCodeGen.dir/ItaniumCXXABI.cpp.o
[3028/4645] Building CXX object tools/clang/lib/CodeGen/CMakeFiles/obj.clangCodeGen.dir/ModuleLinker.cpp.o
[3029/4645] Building CXX object tools/clang/lib/CodeGen/CMakeFiles/obj.clangCodeGen.dir/MacroPPCallbacks.cpp.o
[3030/4645] Building CXX object tools/clang/lib/CodeGen/CMakeFiles/obj.clangCodeGen.dir/LinkInModulesPass.cpp.o
[3031/4645] Building CXX object tools/clang/lib/CodeGen/CMakeFiles/obj.clangCodeGen.dir/ModuleBuilder.cpp.o
[3032/4645] Building CXX object tools/clang/lib/CodeGen/CMakeFiles/obj.clangCodeGen.dir/CoverageMappingGen.cpp.o
[3033/4645] Building CXX object tools/clang/lib/CodeGen/CMakeFiles/obj.clangCodeGen.dir/MicrosoftCXXABI.cpp.o
[3034/4645] Building CXX object tools/clang/lib/CodeGen/CMakeFiles/obj.clangCodeGen.dir/QualTypeMapper.cpp.o
[3035/4645] Building CXX object tools/clang/lib/CodeGen/CMakeFiles/obj.clangCodeGen.dir/PatternInit.cpp.o
[3036/4645] Building CXX object tools/clang/lib/CodeGen/CMakeFiles/obj.clangCodeGen.dir/SanitizerMetadata.cpp.o
[3037/4645] Building CXX object tools/clang/lib/CodeGen/CMakeFiles/obj.clangCodeGen.dir/SwiftCallingConv.cpp.o
[3038/4645] Building CXX object tools/clang/lib/CodeGen/CMakeFiles/obj.clangCodeGen.dir/TargetBuiltins/DirectX.cpp.o
[3039/4645] Building CXX object tools/clang/lib/CodeGen/CMakeFiles/obj.clangCodeGen.dir/CodeGenModule.cpp.o
[3040/4645] Building CXX object tools/clang/lib/CodeGen/CMakeFiles/obj.clangCodeGen.dir/TargetBuiltins/AMDGPU.cpp.o
[3041/4645] Building CXX object tools/clang/lib/CodeGen/CMakeFiles/obj.clangCodeGen.dir/TargetBuiltins/Hexagon.cpp.o
[3042/4645] Building CXX object tools/clang/lib/CodeGen/CMakeFiles/obj.clangCodeGen.dir/TargetBuiltins/NVPTX.cpp.o
[3043/4645] Building CXX object tools/clang/lib/CodeGen/CMakeFiles/obj.clangCodeGen.dir/TargetBuiltins/PPC.cpp.o
[3044/4645] Building CXX object tools/clang/lib/CodeGen/CMakeFiles/obj.clangCodeGen.dir/TargetBuiltins/SPIR.cpp.o
[3045/4645] Building CXX object tools/clang/lib/CodeGen/CMakeFiles/obj.clangCodeGen.dir/ObjectFilePCHContainerWriter.cpp.o
[3046/4645] Building CXX object tools/clang/lib/CodeGen/CMakeFiles/obj.clangCodeGen.dir/TargetBuiltins/SystemZ.cpp.o
[3047/4645] Building CXX object tools/clang/lib/CodeGen/CMakeFiles/obj.clangCodeGen.dir/TargetBuiltins/WebAssembly.cpp.o
[3048/4645] Building CXX object tools/clang/lib/CodeGen/CMakeFiles/obj.clangCodeGen.dir/TargetBuiltins/ARM.cpp.o
[3049/4645] Building CXX object tools/clang/lib/CodeGen/CMakeFiles/obj.clangCodeGen.dir/TargetBuiltins/Z80.cpp.o
[3050/4645] Building CXX object tools/clang/lib/CodeGen/CMakeFiles/obj.clangCodeGen.dir/TargetBuiltins/X86.cpp.o
[3051/4645] Building CXX object tools/clang/lib/CodeGen/CMakeFiles/obj.clangCodeGen.dir/TargetInfo.cpp.o
[3052/4645] Building CXX object tools/clang/lib/CodeGen/CMakeFiles/obj.clangCodeGen.dir/Targets/ARC.cpp.o
[3053/4645] Building CXX object tools/clang/lib/CodeGen/CMakeFiles/obj.clangCodeGen.dir/Targets/AArch64.cpp.o
[3054/4645] Building CXX object tools/clang/lib/CodeGen/CMakeFiles/obj.clangCodeGen.dir/Targets/AMDGPU.cpp.o
[3055/4645] Building CXX object tools/clang/lib/CodeGen/CMakeFiles/obj.clangCodeGen.dir/Targets/ARM.cpp.o
[3056/4645] Building CXX object tools/clang/lib/CodeGen/CMakeFiles/obj.clangCodeGen.dir/Targets/AVR.cpp.o
[3057/4645] Building CXX object tools/clang/lib/CodeGen/CMakeFiles/obj.clangCodeGen.dir/Targets/BPF.cpp.o
[3058/4645] Building CXX object tools/clang/lib/CodeGen/CMakeFiles/obj.clangCodeGen.dir/Targets/CSKY.cpp.o
[3059/4645] Building CXX object tools/clang/lib/CodeGen/CMakeFiles/obj.clangCodeGen.dir/Targets/DirectX.cpp.o
[3060/4645] Building CXX object tools/clang/lib/CodeGen/CMakeFiles/obj.clangCodeGen.dir/TargetBuiltins/RISCV.cpp.o
[3061/4645] Building CXX object tools/clang/lib/CodeGen/CMakeFiles/obj.clangCodeGen.dir/Targets/Hexagon.cpp.o
[3062/4645] Building CXX object tools/clang/lib/CodeGen/CMakeFiles/obj.clangCodeGen.dir/Targets/Lanai.cpp.o
[3063/4645] Building CXX object tools/clang/lib/CodeGen/CMakeFiles/obj.clangCodeGen.dir/Targets/M68k.cpp.o
[3064/4645] Building CXX object tools/clang/lib/CodeGen/CMakeFiles/obj.clangCodeGen.dir/Targets/LoongArch.cpp.o
[3065/4645] Building CXX object tools/clang/lib/CodeGen/CMakeFiles/obj.clangCodeGen.dir/Targets/MSP430.cpp.o
[3066/4645] Building CXX object tools/clang/lib/CodeGen/CMakeFiles/obj.clangCodeGen.dir/Targets/Mips.cpp.o
[3067/4645] Building CXX object tools/clang/lib/CodeGen/CMakeFiles/obj.clangCodeGen.dir/Targets/NVPTX.cpp.o
[3068/4645] Building CXX object tools/clang/lib/CodeGen/CMakeFiles/obj.clangCodeGen.dir/Targets/PPC.cpp.o
[3069/4645] Building CXX object tools/clang/lib/CodeGen/CMakeFiles/obj.clangCodeGen.dir/Targets/Sparc.cpp.o
[3070/4645] Building CXX object tools/clang/lib/CodeGen/CMakeFiles/obj.clangCodeGen.dir/Targets/RISCV.cpp.o
[3071/4645] Building CXX object tools/clang/lib/CodeGen/CMakeFiles/obj.clangCodeGen.dir/Targets/SPIR.cpp.o
[3072/4645] Building CXX object tools/clang/lib/CodeGen/CMakeFiles/obj.clangCodeGen.dir/Targets/TCE.cpp.o
[3073/4645] Building CXX object tools/clang/lib/CodeGen/CMakeFiles/obj.clangCodeGen.dir/Targets/VE.cpp.o
[3074/4645] Building CXX object tools/clang/lib/CodeGen/CMakeFiles/obj.clangCodeGen.dir/Targets/SystemZ.cpp.o
[3075/4645] Building CXX object tools/clang/lib/CodeGen/CMakeFiles/obj.clangCodeGen.dir/TrapReasonBuilder.cpp.o
[3076/4645] Building CXX object tools/clang/lib/CodeGen/CMakeFiles/obj.clangCodeGen.dir/Targets/WebAssembly.cpp.o
[3077/4645] Building CXX object tools/clang/lib/ExtractAPI/CMakeFiles/obj.clangExtractAPI.dir/API.cpp.o
[3078/4645] Building CXX object tools/clang/lib/CodeGen/CMakeFiles/obj.clangCodeGen.dir/Targets/Z80.cpp.o
[3079/4645] Building CXX object tools/clang/lib/CodeGen/CMakeFiles/obj.clangCodeGen.dir/Targets/XCore.cpp.o
[3080/4645] Building CXX object tools/clang/lib/ExtractAPI/CMakeFiles/obj.clangExtractAPI.dir/APIIgnoresList.cpp.o
[3081/4645] Building CXX object tools/clang/lib/CodeGen/CMakeFiles/obj.clangCodeGen.dir/VarBypassDetector.cpp.o
[3082/4645] Building CXX object tools/clang/lib/CodeGen/CMakeFiles/obj.clangCodeGen.dir/Targets/X86.cpp.o
[3083/4645] Building CXX object tools/clang/lib/ExtractAPI/CMakeFiles/obj.clangExtractAPI.dir/TypedefUnderlyingTypeResolver.cpp.o
[3084/4645] Building CXX object tools/clang/lib/Frontend/Rewrite/CMakeFiles/obj.clangRewriteFrontend.dir/FixItRewriter.cpp.o
[3085/4645] Building CXX object tools/clang/lib/ExtractAPI/CMakeFiles/obj.clangExtractAPI.dir/DeclarationFragments.cpp.o
[3086/4645] Linking CXX static library lib/libclangToolingInclusions.a
[3087/4645] Linking CXX static library lib/libclangInstallAPI.a
[3088/4645] Linking CXX static library lib/libclangStaticAnalyzerCheckers.a
[3089/4645] Building CXX object tools/clang/lib/ExtractAPI/CMakeFiles/obj.clangExtractAPI.dir/Serialization/SymbolGraphSerializer.cpp.o
[3090/4645] Building CXX object tools/clang/lib/Frontend/Rewrite/CMakeFiles/obj.clangRewriteFrontend.dir/HTMLPrint.cpp.o
[3091/4645] Building CXX object tools/clang/lib/Frontend/Rewrite/CMakeFiles/obj.clangRewriteFrontend.dir/RewriteModernObjC.cpp.o
[3092/4645] Building CXX object tools/clang/lib/Frontend/Rewrite/CMakeFiles/obj.clangRewriteFrontend.dir/RewriteMacros.cpp.o
[3093/4645] Building CXX object tools/clang/lib/Frontend/Rewrite/CMakeFiles/obj.clangRewriteFrontend.dir/RewriteObjC.cpp.o
[3094/4645] Building CXX object tools/clang/lib/Frontend/Rewrite/CMakeFiles/obj.clangRewriteFrontend.dir/InclusionRewriter.cpp.o
[3095/4645] Building CXX object tools/clang/lib/Frontend/Rewrite/CMakeFiles/obj.clangRewriteFrontend.dir/RewriteTest.cpp.o
[3096/4645] Building CXX object tools/clang/lib/Frontend/Rewrite/CMakeFiles/obj.clangRewriteFrontend.dir/FrontendActions.cpp.o
[3097/4645] Building CXX object tools/clang/lib/StaticAnalyzer/Frontend/CMakeFiles/obj.clangStaticAnalyzerFrontend.dir/ModelConsumer.cpp.o
[3098/4645] Building CXX object tools/clang/lib/StaticAnalyzer/Frontend/CMakeFiles/obj.clangStaticAnalyzerFrontend.dir/CreateCheckerManager.cpp.o
[3099/4645] Building CXX object tools/clang/lib/Format/CMakeFiles/obj.clangFormat.dir/AffectedRangeManager.cpp.o
[3100/4645] Building CXX object tools/clang/lib/StaticAnalyzer/Frontend/CMakeFiles/obj.clangStaticAnalyzerFrontend.dir/AnalyzerHelpFlags.cpp.o
[3101/4645] Building CXX object tools/clang/lib/StaticAnalyzer/Frontend/CMakeFiles/obj.clangStaticAnalyzerFrontend.dir/CheckerRegistry.cpp.o
[3102/4645] Building CXX object tools/clang/lib/Format/CMakeFiles/obj.clangFormat.dir/BreakableToken.cpp.o
[3103/4645] Building CXX object tools/clang/lib/StaticAnalyzer/Frontend/CMakeFiles/obj.clangStaticAnalyzerFrontend.dir/AnalysisConsumer.cpp.o
[3104/4645] Building CXX object tools/clang/lib/StaticAnalyzer/Frontend/CMakeFiles/obj.clangStaticAnalyzerFrontend.dir/FrontendActions.cpp.o
[3105/4645] Building CXX object tools/clang/lib/Format/CMakeFiles/obj.clangFormat.dir/FormatToken.cpp.o
[3106/4645] Building CXX object tools/clang/lib/Format/CMakeFiles/obj.clangFormat.dir/DefinitionBlockSeparator.cpp.o
[3107/4645] Building CXX object tools/clang/lib/Format/CMakeFiles/obj.clangFormat.dir/MatchFilePath.cpp.o
[3108/4645] Building CXX object tools/clang/lib/StaticAnalyzer/Frontend/CMakeFiles/obj.clangStaticAnalyzerFrontend.dir/ModelInjector.cpp.o
[3109/4645] Building CXX object tools/clang/lib/Format/CMakeFiles/obj.clangFormat.dir/ContinuationIndenter.cpp.o
[3110/4645] Building CXX object tools/clang/lib/Format/CMakeFiles/obj.clangFormat.dir/IntegerLiteralSeparatorFixer.cpp.o
[3111/4645] Building CXX object tools/clang/lib/Format/CMakeFiles/obj.clangFormat.dir/FormatTokenLexer.cpp.o
[3112/4645] Building CXX object tools/clang/lib/Format/CMakeFiles/obj.clangFormat.dir/MacroCallReconstructor.cpp.o
[3113/4645] Building CXX object tools/clang/lib/Format/CMakeFiles/obj.clangFormat.dir/NumericLiteralInfo.cpp.o
[3114/4645] Building CXX object tools/clang/lib/Format/CMakeFiles/obj.clangFormat.dir/MacroExpander.cpp.o
[3115/4645] Building CXX object tools/clang/lib/Format/CMakeFiles/obj.clangFormat.dir/NamespaceEndCommentsFixer.cpp.o
[3116/4645] Building CXX object tools/clang/lib/Format/CMakeFiles/obj.clangFormat.dir/NumericLiteralCaseFixer.cpp.o
[3117/4645] Building CXX object tools/clang/lib/Format/CMakeFiles/obj.clangFormat.dir/ObjCPropertyAttributeOrderFixer.cpp.o
[3118/4645] Building CXX object tools/clang/lib/Format/CMakeFiles/obj.clangFormat.dir/QualifierAlignmentFixer.cpp.o
[3119/4645] Building StripOpts.inc...
[3120/4645] Building ObjdumpOpts.inc...
[3121/4645] Building Opts.inc...
[3122/4645] Building CXX object tools/clang/lib/Format/CMakeFiles/obj.clangFormat.dir/TokenAnalyzer.cpp.o
[3123/4645] Building CXX object tools/clang/lib/Format/CMakeFiles/obj.clangFormat.dir/SortJavaScriptImports.cpp.o
[3124/4645] Building CXX object tools/clang/lib/Format/CMakeFiles/obj.clangFormat.dir/Format.cpp.o
[3125/4645] Building CXX object tools/clang/lib/Format/CMakeFiles/obj.clangFormat.dir/UnwrappedLineFormatter.cpp.o
[3126/4645] Building CXX object tools/clang/lib/Format/CMakeFiles/obj.clangFormat.dir/TokenAnnotator.cpp.o
[3127/4645] Linking CXX static library lib/libLLVMDTLTO.a
[3128/4645] Building CXX object tools/clang/lib/Format/CMakeFiles/obj.clangFormat.dir/UsingDeclarationsSorter.cpp.o
[3129/4645] Building CXX object tools/clang/lib/Format/CMakeFiles/obj.clangFormat.dir/UnwrappedLineParser.cpp.o
[3130/4645] Building CXX object lib/MCA/CMakeFiles/LLVMMCA.dir/CodeEmitter.cpp.o
[3131/4645] Building CXX object tools/clang/lib/Format/CMakeFiles/obj.clangFormat.dir/WhitespaceManager.cpp.o
[3132/4645] Building CXX object lib/MCA/CMakeFiles/LLVMMCA.dir/Context.cpp.o
[3133/4645] Building CXX object lib/MCA/CMakeFiles/LLVMMCA.dir/HWEventListener.cpp.o
[3134/4645] Building CXX object lib/MCA/CMakeFiles/LLVMMCA.dir/CustomBehaviour.cpp.o
[3135/4645] Building CXX object lib/MCA/CMakeFiles/LLVMMCA.dir/HardwareUnits/HardwareUnit.cpp.o
[3136/4645] Building CXX object lib/CodeGen/MIRParser/CMakeFiles/LLVMMIRParser.dir/MILexer.cpp.o
[3137/4645] Building CXX object lib/MCA/CMakeFiles/LLVMMCA.dir/HardwareUnits/LSUnit.cpp.o
[3138/4645] Building CXX object lib/DWARFLinker/CMakeFiles/LLVMDWARFLinker.dir/DWARFLinkerBase.cpp.o
[3139/4645] Building CXX object lib/MCA/CMakeFiles/LLVMMCA.dir/HardwareUnits/RetireControlUnit.cpp.o
[3140/4645] Building CXX object lib/MCA/CMakeFiles/LLVMMCA.dir/HardwareUnits/RegisterFile.cpp.o
[3141/4645] Building CXX object lib/MCA/CMakeFiles/LLVMMCA.dir/HardwareUnits/ResourceManager.cpp.o
[3142/4645] Building CXX object lib/MCA/CMakeFiles/LLVMMCA.dir/HardwareUnits/Scheduler.cpp.o
[3143/4645] Building CXX object lib/DWARFLinker/CMakeFiles/LLVMDWARFLinker.dir/Utils.cpp.o
[3144/4645] Building CXX object tools/clang/lib/ExtractAPI/CMakeFiles/obj.clangExtractAPI.dir/ExtractAPIConsumer.cpp.o
[3145/4645] Building CXX object lib/MCA/CMakeFiles/LLVMMCA.dir/IncrementalSourceMgr.cpp.o
[3146/4645] Building CXX object lib/MCA/CMakeFiles/LLVMMCA.dir/Instruction.cpp.o
[3147/4645] Building CXX object lib/MCA/CMakeFiles/LLVMMCA.dir/Pipeline.cpp.o
[3148/4645] Building CXX object lib/MCA/CMakeFiles/LLVMMCA.dir/Stages/EntryStage.cpp.o
[3149/4645] Building CXX object lib/MCA/CMakeFiles/LLVMMCA.dir/Stages/ExecuteStage.cpp.o
[3150/4645] Building CXX object lib/MCA/CMakeFiles/LLVMMCA.dir/Stages/DispatchStage.cpp.o
[3151/4645] Building CXX object lib/MCA/CMakeFiles/LLVMMCA.dir/Stages/InOrderIssueStage.cpp.o
[3152/4645] Building CXX object lib/MCA/CMakeFiles/LLVMMCA.dir/Stages/InstructionTables.cpp.o
[3153/4645] Building CXX object lib/CodeGen/MIRParser/CMakeFiles/LLVMMIRParser.dir/MIParser.cpp.o
[3154/4645] Building CXX object lib/MCA/CMakeFiles/LLVMMCA.dir/Stages/MicroOpQueueStage.cpp.o
[3155/4645] Building CXX object lib/MCA/CMakeFiles/LLVMMCA.dir/InstrBuilder.cpp.o
[3156/4645] Building CXX object lib/MCA/CMakeFiles/LLVMMCA.dir/Support.cpp.o
[3157/4645] Building CXX object lib/MCA/CMakeFiles/LLVMMCA.dir/Stages/RetireStage.cpp.o
[3158/4645] Building CXX object lib/MCA/CMakeFiles/LLVMMCA.dir/Stages/Stage.cpp.o
[3159/4645] Building CXX object lib/MCA/CMakeFiles/LLVMMCA.dir/View.cpp.o
[3160/4645] Building CXX object lib/ObjCopy/CMakeFiles/LLVMObjCopy.dir/DXContainer/DXContainerObject.cpp.o
[3161/4645] Building CXX object lib/ObjCopy/CMakeFiles/LLVMObjCopy.dir/DXContainer/DXContainerWriter.cpp.o
[3162/4645] Building CXX object lib/ObjCopy/CMakeFiles/LLVMObjCopy.dir/DXContainer/DXContainerReader.cpp.o
[3163/4645] Building CXX object lib/ObjCopy/CMakeFiles/LLVMObjCopy.dir/Archive.cpp.o
[3164/4645] Building CXX object lib/CodeGen/MIRParser/CMakeFiles/LLVMMIRParser.dir/MIRParser.cpp.o
[3165/4645] Building CXX object lib/ObjCopy/CMakeFiles/LLVMObjCopy.dir/DXContainer/DXContainerObjcopy.cpp.o
[3166/4645] Building CXX object lib/ObjCopy/CMakeFiles/LLVMObjCopy.dir/ConfigManager.cpp.o
[3167/4645] Building CXX object lib/ObjCopy/CMakeFiles/LLVMObjCopy.dir/CommonConfig.cpp.o
[3168/4645] Building CXX object lib/ObjCopy/CMakeFiles/LLVMObjCopy.dir/COFF/COFFObjcopy.cpp.o
[3169/4645] Building CXX object lib/ObjCopy/CMakeFiles/LLVMObjCopy.dir/ObjCopy.cpp.o
[3170/4645] Building CXX object lib/ObjCopy/CMakeFiles/LLVMObjCopy.dir/COFF/COFFObject.cpp.o
[3171/4645] Building CXX object lib/ObjCopy/CMakeFiles/LLVMObjCopy.dir/COFF/COFFReader.cpp.o
[3172/4645] Building CXX object lib/ObjCopy/CMakeFiles/LLVMObjCopy.dir/COFF/COFFWriter.cpp.o
[3173/4645] Building CXX object lib/ObjCopy/CMakeFiles/LLVMObjCopy.dir/MachO/MachOWriter.cpp.o
[3174/4645] Building CXX object lib/ObjCopy/CMakeFiles/LLVMObjCopy.dir/MachO/MachOReader.cpp.o
[3175/4645] Building CXX object lib/ObjCopy/CMakeFiles/LLVMObjCopy.dir/MachO/MachOLayoutBuilder.cpp.o
[3176/4645] Building CXX object lib/ObjCopy/CMakeFiles/LLVMObjCopy.dir/wasm/WasmReader.cpp.o
[3177/4645] Building CXX object lib/ObjCopy/CMakeFiles/LLVMObjCopy.dir/wasm/WasmObject.cpp.o
[3178/4645] Linking CXX static library lib/libLLVMHTTP.a
[3179/4645] Building CXX object lib/ObjCopy/CMakeFiles/LLVMObjCopy.dir/wasm/WasmWriter.cpp.o
[3180/4645] Building CXX object lib/ObjCopy/CMakeFiles/LLVMObjCopy.dir/MachO/MachOObject.cpp.o
[3181/4645] Linking CXX static library lib/libLLVMDWARFCFIChecker.a
[3182/4645] Building CXX object lib/ObjCopy/CMakeFiles/LLVMObjCopy.dir/MachO/MachOObjcopy.cpp.o
[3183/4645] Linking CXX static library lib/libLLVMOrcJIT.a
[3184/4645] Building CXX object lib/ObjCopy/CMakeFiles/LLVMObjCopy.dir/XCOFF/XCOFFWriter.cpp.o
[3185/4645] Building CXX object lib/ObjCopy/CMakeFiles/LLVMObjCopy.dir/ELF/ELFObjcopy.cpp.o
[3186/4645] Building CXX object lib/Debuginfod/CMakeFiles/LLVMDebuginfod.dir/BuildIDFetcher.cpp.o
[3187/4645] Building CXX object lib/ObjCopy/CMakeFiles/LLVMObjCopy.dir/XCOFF/XCOFFReader.cpp.o
[3188/4645] Building CXX object lib/ObjCopy/CMakeFiles/LLVMObjCopy.dir/XCOFF/XCOFFObjcopy.cpp.o
[3189/4645] Building CXX object lib/ObjCopy/CMakeFiles/LLVMObjCopy.dir/wasm/WasmObjcopy.cpp.o
[3190/4645] Building CXX object lib/Debuginfod/CMakeFiles/LLVMDebuginfod.dir/Debuginfod.cpp.o
[3191/4645] Linking CXX static library lib/libLLVMZ80CodeGen.a
[3192/4645] Linking CXX static library lib/libLLVMZ80AsmParser.a
[3193/4645] Linking CXX static library lib/libLLVMZ80Disassembler.a
[3194/4645] Linking CXX static library lib/libLLVMDlltoolDriver.a
[3195/4645] Linking CXX static library lib/libLLVMLibDriver.a
[3196/4645] Linking CXX static library lib/libLLVMWindowsManifest.a
[3197/4645] Building CXX object lib/ExecutionEngine/MCJIT/CMakeFiles/LLVMMCJIT.dir/MCJIT.cpp.o
[3198/4645] Building CXX object lib/ExecutionEngine/Orc/Debugging/CMakeFiles/LLVMOrcDebugging.dir/DebuggerSupport.cpp.o
[3199/4645] Linking CXX static library lib/liblldCommon.a
[3200/4645] Building CXX object lib/ExecutionEngine/Orc/Debugging/CMakeFiles/LLVMOrcDebugging.dir/DebugInfoSupport.cpp.o
[3201/4645] Building CXX object lib/ExecutionEngine/Orc/Debugging/CMakeFiles/LLVMOrcDebugging.dir/LLJITUtilsCBindings.cpp.o
[3202/4645] Building CXX object lib/ExecutionEngine/Orc/Debugging/CMakeFiles/LLVMOrcDebugging.dir/PerfSupportPlugin.cpp.o
[3203/4645] Building CXX object lib/ExecutionEngine/Orc/Debugging/CMakeFiles/LLVMOrcDebugging.dir/DebuggerSupportPlugin.cpp.o
[3204/4645] Building CXX object lib/ExecutionEngine/Orc/Debugging/CMakeFiles/LLVMOrcDebugging.dir/ELFDebugObjectPlugin.cpp.o
[3205/4645] Building CXX object tools/llvm-ar/CMakeFiles/llvm-ar.dir/llvm-ar-driver.cpp.o
[3206/4645] Building CXX object lib/ExecutionEngine/Orc/Debugging/CMakeFiles/LLVMOrcDebugging.dir/VTuneSupportPlugin.cpp.o
[3207/4645] Building CXX object lib/ObjCopy/CMakeFiles/LLVMObjCopy.dir/ELF/ELFObject.cpp.o
[3208/4645] Building CXX object tools/llvm-ar/CMakeFiles/llvm-ar.dir/llvm-ar.cpp.o
[3209/4645] Building CXX object tools/lld/COFF/CMakeFiles/lldCOFF.dir/COFFLinkerContext.cpp.o
[3210/4645] Building CXX object tools/lld/COFF/CMakeFiles/lldCOFF.dir/CallGraphSort.cpp.o
[3211/4645] Building CXX object tools/lld/COFF/CMakeFiles/lldCOFF.dir/Chunks.cpp.o
[3212/4645] Building CXX object tools/lld/COFF/CMakeFiles/lldCOFF.dir/ICF.cpp.o
[3213/4645] Building CXX object tools/lld/COFF/CMakeFiles/lldCOFF.dir/DriverUtils.cpp.o
[3214/4645] Building CXX object tools/lld/COFF/CMakeFiles/lldCOFF.dir/LLDMapFile.cpp.o
[3215/4645] Building CXX object tools/lld/COFF/CMakeFiles/lldCOFF.dir/DebugTypes.cpp.o
[3216/4645] Building CXX object tools/lld/COFF/CMakeFiles/lldCOFF.dir/DLL.cpp.o
[3217/4645] Building CXX object tools/lld/COFF/CMakeFiles/lldCOFF.dir/MarkLive.cpp.o
[3218/4645] Building Options.inc...
[3219/4645] Building CXX object tools/lld/COFF/CMakeFiles/lldCOFF.dir/MapFile.cpp.o
[3220/4645] Building Options.inc...
[3221/4645] Building Options.inc...
[3222/4645] Building Options.inc...
[3223/4645] Copying clang's builtins.h...
[3224/4645] Copying clang's endian.h...
[3225/4645] Copying clang's float.h...
[3226/4645] Copying clang's __float_float.h...
[3227/4645] Copying clang's __float_header_macro.h...
[3228/4645] Copying clang's __float_infinity_nan.h...
[3229/4645] Copying clang's iso646.h...
[3230/4645] Copying clang's inttypes.h...
[3231/4645] Copying clang's module.modulemap...
[3232/4645] Copying clang's limits.h...
[3233/4645] Copying clang's stdalign.h...
[3234/4645] Copying clang's stdarg.h...
[3235/4645] Copying clang's __stdarg___gnuc_va_list.h...
[3236/4645] Copying clang's __stdarg___va_copy.h...
[3237/4645] Copying clang's __stdarg_header_macro.h...
[3238/4645] Copying clang's __stdarg_va_arg.h...
[3239/4645] Copying clang's __stdarg_va_copy.h...
[3240/4645] Copying clang's __stdarg_va_list.h...
[3241/4645] Copying clang's stdatomic.h...
[3242/4645] Copying clang's stdbool.h...
[3243/4645] Copying clang's stdcountof.h...
[3244/4645] Copying clang's stdckdint.h...
[3245/4645] Copying clang's stddef.h...
[3246/4645] Copying clang's stddefer.h...
[3247/4645] Copying clang's __stddef_header_macro.h...
[3248/4645] Copying clang's __stddef_max_align_t.h...
[3249/4645] Copying clang's __stddef_null.h...
[3250/4645] Copying clang's __stddef_nullptr_t.h...
[3251/4645] Copying clang's __stddef_offsetof.h...
[3252/4645] Copying clang's __stddef_ptrdiff_t.h...
[3253/4645] Copying clang's __stddef_rsize_t.h...
[3254/4645] Copying clang's __stddef_size_t.h...
[3255/4645] Copying clang's __stddef_wchar_t.h...
[3256/4645] Copying clang's __stddef_unreachable.h...
[3257/4645] Copying clang's __stddef_wint_t.h...
[3258/4645] Copying clang's stdint.h...
[3259/4645] Copying clang's stdnoreturn.h...
[3260/4645] Copying clang's tgmath.h...
[3261/4645] Copying clang's unwind.h...
[3262/4645] Copying clang's varargs.h...
[3263/4645] Copying clang's arm_acle.h...
[3264/4645] Copying clang's arm_cmse.h...
[3265/4645] Copying clang's arm64_neon.h...
[3266/4645] Copying clang's armintr.h...
[3267/4645] Copying clang's arm_neon_sve_bridge.h...
[3268/4645] Copying clang's arm64intr.h...
[3269/4645] Copying clang's __clang_cuda_math.h...
[3270/4645] Copying clang's __clang_cuda_builtin_vars.h...
[3271/4645] Copying clang's __clang_cuda_complex_builtins.h...
[3272/4645] Copying clang's __clang_cuda_cmath.h...
[3273/4645] Copying clang's __clang_cuda_device_functions.h...
[3274/4645] Copying clang's __clang_cuda_intrinsics.h...
[3275/4645] Copying clang's __clang_cuda_texture_intrinsics.h...
[3276/4645] Copying clang's __clang_cuda_libdevice_declares.h...
[3277/4645] Copying clang's __clang_cuda_math_forward_declares.h...
[3278/4645] Copying clang's __clang_cuda_runtime_wrapper.h...
[3279/4645] Copying clang's hexagon_circ_brev_intrinsics.h...
[3280/4645] Copying clang's hexagon_protos.h...
[3281/4645] Copying clang's hexagon_types.h...
[3282/4645] Copying clang's hvx_hexagon_protos.h...
[3283/4645] Copying clang's __clang_hip_libdevice_declares.h...
[3284/4645] Copying clang's __clang_hip_cmath.h...
[3285/4645] Copying clang's __clang_hip_math.h...
[3286/4645] Copying clang's __clang_hip_stdlib.h...
[3287/4645] Copying clang's __clang_hip_runtime_wrapper.h...
[3288/4645] Copying clang's larchintrin.h...
[3289/4645] Copying clang's lasxintrin.h...
[3290/4645] Copying clang's lsxintrin.h...
[3291/4645] Copying clang's msa.h...
[3292/4645] Copying clang's opencl-c.h...
[3293/4645] Copying clang's opencl-c-base.h...
[3294/4645] Copying clang's altivec.h...
[3295/4645] Copying clang's amo.h...
[3296/4645] Copying clang's htmintrin.h...
[3297/4645] Copying clang's htmxlintrin.h...
[3298/4645] Copying clang's riscv_bitmanip.h...
[3299/4645] Copying clang's riscv_ntlh.h...
[3300/4645] Copying clang's riscv_crypto.h...
[3301/4645] Copying clang's andes_vector.h...
[3302/4645] Copying clang's riscv_corev_alu.h...
[3303/4645] Building CXX object tools/lld/COFF/CMakeFiles/lldCOFF.dir/MinGW.cpp.o
[3304/4645] Copying clang's riscv_nds.h...
[3305/4645] Copying clang's riscv_mips.h...
[3306/4645] Copying clang's sifive_vector.h...
[3307/4645] Copying clang's __clang_spirv_builtins.h...
[3308/4645] Copying clang's __clang_spirv_libdevice_declares.h...
[3309/4645] Copying clang's __clang_spirv_math.h...
[3310/4645] Copying clang's s390intrin.h...
[3311/4645] Copying clang's vecintrin.h...
[3312/4645] Copying clang's velintrin.h...
[3313/4645] Copying clang's velintrin_gen.h...
[3314/4645] Copying clang's velintrin_approx.h...
[3315/4645] Copying clang's adcintrin.h...
[3316/4645] Copying clang's ammintrin.h...
[3317/4645] Copying clang's adxintrin.h...
[3318/4645] Copying clang's amxavx512intrin.h...
[3319/4645] Copying clang's amxfp16intrin.h...
[3320/4645] Copying clang's amxcomplexintrin.h...
[3321/4645] Copying clang's amxfp8intrin.h...
[3322/4645] Copying clang's amxmovrsintrin.h...
[3323/4645] Copying clang's amxintrin.h...
[3324/4645] Copying clang's amxtf32intrin.h...
[3325/4645] Copying clang's avx10_2_512bf16intrin.h...
[3326/4645] Copying clang's avx10_2_512convertintrin.h...
[3327/4645] Copying clang's avx10_2_512minmaxintrin.h...
[3328/4645] Copying clang's avx10_2_512niintrin.h...
[3329/4645] Copying clang's avx10_2_512satcvtdsintrin.h...
[3330/4645] Copying clang's avx10_2_512satcvtintrin.h...
[3331/4645] Copying clang's avx10_2bf16intrin.h...
[3332/4645] Copying clang's avx10_2convertintrin.h...
[3333/4645] Copying clang's avx10_2copyintrin.h...
[3334/4645] Copying clang's avx10_2minmaxintrin.h...
[3335/4645] Copying clang's avx10_2niintrin.h...
[3336/4645] Copying clang's avx10_2satcvtdsintrin.h...
[3337/4645] Copying clang's avx10_2satcvtintrin.h...
[3338/4645] Copying clang's avx2intrin.h...
[3339/4645] Copying clang's avx512bf16intrin.h...
[3340/4645] Copying clang's avx512bitalgintrin.h...
[3341/4645] Copying clang's avx512bwintrin.h...
[3342/4645] Copying clang's avx512cdintrin.h...
[3343/4645] Copying clang's avx512fintrin.h...
[3344/4645] Copying clang's avx512dqintrin.h...
[3345/4645] Copying clang's avx512fp16intrin.h...
[3346/4645] Copying clang's avx512ifmaintrin.h...
[3347/4645] Copying clang's avx512ifmavlintrin.h...
[3348/4645] Copying clang's avx512vbmi2intrin.h...
[3349/4645] Copying clang's avx512vbmiintrin.h...
[3350/4645] Copying clang's avx512vbmivlintrin.h...
[3351/4645] Copying clang's avx512vlbitalgintrin.h...
[3352/4645] Copying clang's avx512vlbf16intrin.h...
[3353/4645] Copying clang's avx512vlbwintrin.h...
[3354/4645] Copying clang's avx512vlcdintrin.h...
[3355/4645] Copying clang's avx512vldqintrin.h...
[3356/4645] Copying clang's avx512vlfp16intrin.h...
[3357/4645] Copying clang's avx512vlintrin.h...
[3358/4645] Copying clang's avx512vlvbmi2intrin.h...
[3359/4645] Copying clang's avx512vlvnniintrin.h...
[3360/4645] Copying clang's avx512vlvp2intersectintrin.h...
[3361/4645] Copying clang's avx512vnniintrin.h...
[3362/4645] Copying clang's avx512vp2intersectintrin.h...
[3363/4645] Copying clang's avx512vpopcntdqintrin.h...
[3364/4645] Copying clang's avx512vpopcntdqvlintrin.h...
[3365/4645] Copying clang's avxifmaintrin.h...
[3366/4645] Copying clang's avxintrin.h...
[3367/4645] Copying clang's avxneconvertintrin.h...
[3368/4645] Copying clang's avxvnniint16intrin.h...
[3369/4645] Copying clang's avxvnniint8intrin.h...
[3370/4645] Copying clang's avxvnniintrin.h...
[3371/4645] Copying clang's bmi2intrin.h...
[3372/4645] Copying clang's bmiintrin.h...
[3373/4645] Copying clang's cetintrin.h...
[3374/4645] Copying clang's clflushoptintrin.h...
[3375/4645] Copying clang's cldemoteintrin.h...
[3376/4645] Copying clang's clwbintrin.h...
[3377/4645] Copying clang's clzerointrin.h...
[3378/4645] Copying clang's cmpccxaddintrin.h...
[3379/4645] Copying clang's crc32intrin.h...
[3380/4645] Copying clang's emmintrin.h...
[3381/4645] Copying clang's enqcmdintrin.h...
[3382/4645] Copying clang's f16cintrin.h...
[3383/4645] Copying clang's fma4intrin.h...
[3384/4645] Copying clang's fmaintrin.h...
[3385/4645] Copying clang's fxsrintrin.h...
[3386/4645] Copying clang's gfniintrin.h...
[3387/4645] Copying clang's hresetintrin.h...
[3388/4645] Copying clang's immintrin.h...
[3389/4645] Copying clang's ia32intrin.h...
[3390/4645] Copying clang's invpcidintrin.h...
[3391/4645] Building CXX object tools/lld/COFF/CMakeFiles/lldCOFF.dir/Symbols.cpp.o
[3392/4645] Copying clang's keylockerintrin.h...
[3393/4645] Building CXX object tools/lld/COFF/CMakeFiles/lldCOFF.dir/LTO.cpp.o
[3394/4645] Copying clang's lwpintrin.h...
[3395/4645] Copying clang's lzcntintrin.h...
[3396/4645] Copying clang's mm3dnow.h...
[3397/4645] Copying clang's mmintrin.h...
[3398/4645] Copying clang's movdirintrin.h...
[3399/4645] Copying clang's movrs_avx10_2_512intrin.h...
[3400/4645] Copying clang's movrs_avx10_2intrin.h...
[3401/4645] Copying clang's movrsintrin.h...
[3402/4645] Copying clang's mwaitxintrin.h...
[3403/4645] Copying clang's nmmintrin.h...
[3404/4645] Copying clang's pkuintrin.h...
[3405/4645] Copying clang's pconfigintrin.h...
[3406/4645] Copying clang's ptrauth.h...
[3407/4645] Copying clang's prfchiintrin.h...
[3408/4645] Copying clang's prfchwintrin.h...
[3409/4645] Copying clang's pmmintrin.h...
[3410/4645] Copying clang's popcntintrin.h...
[3411/4645] Copying clang's ptwriteintrin.h...
[3412/4645] Copying clang's raointintrin.h...
[3413/4645] Copying clang's rdpruintrin.h...
[3414/4645] Copying clang's rdseedintrin.h...
[3415/4645] Copying clang's rtmintrin.h...
[3416/4645] Copying clang's serializeintrin.h...
[3417/4645] Copying clang's sgxintrin.h...
[3418/4645] Copying clang's shaintrin.h...
[3419/4645] Copying clang's sha512intrin.h...
[3420/4645] Copying clang's sm3intrin.h...
[3421/4645] Copying clang's sm4intrin.h...
[3422/4645] Copying clang's sm4evexintrin.h...
[3423/4645] Copying clang's smmintrin.h...
[3424/4645] Copying clang's tbmintrin.h...
[3425/4645] Copying clang's tmmintrin.h...
[3426/4645] Copying clang's tsxldtrkintrin.h...
[3427/4645] Copying clang's usermsrintrin.h...
[3428/4645] Copying clang's uintrintrin.h...
[3429/4645] Copying clang's vaesintrin.h...
[3430/4645] Copying clang's vpclmulqdqintrin.h...
[3431/4645] Copying clang's waitpkgintrin.h...
[3432/4645] Copying clang's wbnoinvdintrin.h...
[3433/4645] Copying clang's __wmmintrin_aes.h...
[3434/4645] Copying clang's wmmintrin.h...
[3435/4645] Copying clang's __wmmintrin_pclmul.h...
[3436/4645] Copying clang's x86intrin.h...
[3437/4645] Copying clang's x86gprintrin.h...
[3438/4645] Copying clang's xmmintrin.h...
[3439/4645] Copying clang's xopintrin.h...
[3440/4645] Copying clang's xsavecintrin.h...
[3441/4645] Copying clang's xsaveoptintrin.h...
[3442/4645] Copying clang's xsaveintrin.h...
[3443/4645] Copying clang's xtestintrin.h...
[3444/4645] Copying clang's xsavesintrin.h...
[3445/4645] Copying clang's cet.h...
[3446/4645] Copying clang's gpuintrin.h...
[3447/4645] Copying clang's amdhsa_abi.h...
[3448/4645] Copying clang's nvptxintrin.h...
[3449/4645] Copying clang's cpuid.h...
[3450/4645] Copying clang's amdgpuintrin.h...
[3451/4645] Copying clang's spirvintrin.h...
[3452/4645] Copying clang's intrinsic.h...
[3453/4645] Copying clang's wasm_simd128.h...
[3454/4645] Copying clang's intrin0.h...
[3455/4645] Copying clang's intrin.h...
[3456/4645] Copying clang's vadefs.h...
[3457/4645] Copying clang's yvals_core.h...
[3458/4645] Copying clang's mm_malloc.h...
[3459/4645] Copying clang's cuda_wrappers/algorithm...
[3460/4645] Copying clang's cuda_wrappers/cmath...
[3461/4645] Copying clang's cuda_wrappers/complex...
[3462/4645] Copying clang's cuda_wrappers/new...
[3463/4645] Copying clang's cuda_wrappers/bits/c++config.h...
[3464/4645] Copying clang's cuda_wrappers/bits/shared_ptr_base.h...
[3465/4645] Copying clang's cuda_wrappers/bits/basic_string.h...
[3466/4645] Copying clang's cuda_wrappers/bits/basic_string.tcc...
[3467/4645] Copying clang's ppc_wrappers/xmmintrin.h...
[3468/4645] Copying clang's cuda_wrappers/__utility/declval.h...
[3469/4645] Copying clang's ppc_wrappers/mmintrin.h...
[3470/4645] Copying clang's ppc_wrappers/mm_malloc.h...
[3471/4645] Copying clang's ppc_wrappers/emmintrin.h...
[3472/4645] Copying clang's ppc_wrappers/tmmintrin.h...
[3473/4645] Copying clang's ppc_wrappers/pmmintrin.h...
[3474/4645] Copying clang's ppc_wrappers/smmintrin.h...
[3475/4645] Copying clang's ppc_wrappers/nmmintrin.h...
[3476/4645] Copying clang's ppc_wrappers/bmiintrin.h...
[3477/4645] Copying clang's ppc_wrappers/bmi2intrin.h...
[3478/4645] Copying clang's ppc_wrappers/x86intrin.h...
[3479/4645] Copying clang's ppc_wrappers/immintrin.h...
[3480/4645] Copying clang's ppc_wrappers/x86gprintrin.h...
[3481/4645] Copying clang's openmp_wrappers/complex...
[3482/4645] Copying clang's openmp_wrappers/math.h...
[3483/4645] Copying clang's openmp_wrappers/cmath...
[3484/4645] Copying clang's openmp_wrappers/complex.h...
[3485/4645] Copying clang's openmp_wrappers/__clang_openmp_device_functions.h...
[3486/4645] Copying clang's openmp_wrappers/complex_cmath.h...
[3487/4645] Copying clang's zos_wrappers/builtins.h...
[3488/4645] Copying clang's openmp_wrappers/new...
[3489/4645] Copying clang's hlsl.h...
[3490/4645] Copying clang's hlsl/hlsl_basic_types.h...
[3491/4645] Copying clang's hlsl/hlsl_intrinsics.h...
[3492/4645] Copying clang's hlsl/hlsl_alias_intrinsics.h...
[3493/4645] Copying clang's hlsl/hlsl_compat_overloads.h...
[3494/4645] Copying clang's hlsl/hlsl_intrinsic_helpers.h...
[3495/4645] Copying clang's hlsl/hlsl_detail.h...
[3496/4645] Copying clang's hlsl/hlsl_spirv.h...
[3497/4645] Copying clang's llvm_libc_wrappers/assert.h...
[3498/4645] Copying clang's llvm_libc_wrappers/stdlib.h...
[3499/4645] Copying clang's llvm_libc_wrappers/stdio.h...
[3500/4645] Copying clang's llvm_libc_wrappers/string.h...
[3501/4645] Copying clang's llvm_libc_wrappers/ctype.h...
[3502/4645] Copying clang's llvm_libc_wrappers/inttypes.h...
[3503/4645] Copying clang's llvm_offload_wrappers/__llvm_offload.h...
[3504/4645] Copying clang's llvm_libc_wrappers/time.h...
[3505/4645] Copying clang's llvm_offload_wrappers/__llvm_offload_host.h...
[3506/4645] Copying clang's llvm_offload_wrappers/__llvm_offload_device.h...
[3507/4645] Copying clang's hlsl/hlsl_alias_intrinsics_gen.inc...
[3508/4645] Copying clang's hlsl/hlsl_inline_intrinsics_gen.inc...
[3509/4645] Linking CXX static library lib/libclangExtractAPI.a
[3510/4645] Linking CXX static library lib/libclangRewriteFrontend.a
[3511/4645] Linking CXX static library lib/libclangCodeGen.a
[3512/4645] Building CXX object tools/lld/COFF/CMakeFiles/lldCOFF.dir/InputFiles.cpp.o
[3513/4645] Building CXX object tools/lld/COFF/CMakeFiles/lldCOFF.dir/Driver.cpp.o
[3514/4645] Building CXX object tools/lld/COFF/CMakeFiles/lldCOFF.dir/PDB.cpp.o
[3515/4645] Building CXX object tools/clang/lib/Tooling/CMakeFiles/obj.clangTooling.dir/ArgumentsAdjusters.cpp.o
[3516/4645] Building CXX object tools/lld/COFF/CMakeFiles/lldCOFF.dir/SymbolTable.cpp.o
[3517/4645] Building CXX object tools/clang/lib/Tooling/CMakeFiles/obj.clangTooling.dir/FileMatchTrie.cpp.o
[3518/4645] Building CXX object tools/clang/lib/Tooling/CMakeFiles/obj.clangTooling.dir/FixIt.cpp.o
[3519/4645] Building CXX object tools/clang/lib/Tooling/CMakeFiles/obj.clangTooling.dir/AllTUsExecution.cpp.o
[3520/4645] Building CXX object tools/clang/lib/Tooling/CMakeFiles/obj.clangTooling.dir/CommonOptionsParser.cpp.o
[3521/4645] Building CXX object tools/lld/COFF/CMakeFiles/lldCOFF.dir/Writer.cpp.o
[3522/4645] Building CXX object tools/clang/lib/Tooling/CMakeFiles/obj.clangTooling.dir/Execution.cpp.o
[3523/4645] Building CXX object tools/clang/lib/Tooling/CMakeFiles/obj.clangTooling.dir/CompilationDatabase.cpp.o
[3524/4645] Building CXX object tools/clang/lib/FrontendTool/CMakeFiles/obj.clangFrontendTool.dir/ExecuteCompilerInvocation.cpp.o
[3525/4645] Building CXX object tools/clang/lib/Tooling/CMakeFiles/obj.clangTooling.dir/ExpandResponseFilesCompilationDatabase.cpp.o
[3526/4645] Building CXX object tools/clang/lib/Tooling/CMakeFiles/obj.clangTooling.dir/DependencyScanningTool.cpp.o
[3527/4645] Building CXX object tools/clang/lib/Tooling/CMakeFiles/obj.clangTooling.dir/InterpolatingCompilationDatabase.cpp.o
[3528/4645] Building CXX object tools/clang/lib/Tooling/CMakeFiles/obj.clangTooling.dir/GuessTargetAndModeCompilationDatabase.cpp.o
[3529/4645] Building CXX object tools/clang/lib/Index/CMakeFiles/obj.clangIndex.dir/CommentToXML.cpp.o
[3530/4645] Building CXX object tools/clang/lib/Tooling/CMakeFiles/obj.clangTooling.dir/LocateToolCompilationDatabase.cpp.o
[3531/4645] Building CXX object tools/clang/lib/Index/CMakeFiles/obj.clangIndex.dir/FileIndexRecord.cpp.o
[3532/4645] Building CXX object tools/clang/lib/Tooling/CMakeFiles/obj.clangTooling.dir/JSONCompilationDatabase.cpp.o
[3533/4645] Building CXX object tools/clang/lib/Tooling/CMakeFiles/obj.clangTooling.dir/StandaloneExecution.cpp.o
[3534/4645] Linking CXX static library lib/libclangStaticAnalyzerFrontend.a
[3535/4645] Building CXX object tools/clang/lib/Tooling/CMakeFiles/obj.clangTooling.dir/Refactoring.cpp.o
[3536/4645] Linking CXX static library lib/libclangFormat.a
[3537/4645] Building CXX object tools/clang/lib/Tooling/CMakeFiles/obj.clangTooling.dir/RefactoringCallbacks.cpp.o
[3538/4645] Building Opts.inc...
[3539/4645] Building ExtractBundleEntryOpts.inc...
[3540/4645] Building OtoolOpts.inc...
[3541/4645] Building WindresOpts.inc...
[3542/4645] Building Opts.inc...
[3543/4645] Building Opts.inc...
[3544/4645] Building CXX object tools/clang/lib/Tooling/CMakeFiles/obj.clangTooling.dir/Tooling.cpp.o
[3545/4645] Building CXX object tools/llvm-mc/CMakeFiles/llvm-mc.dir/Disassembler.cpp.o
[3546/4645] Building CXX object tools/clang/lib/Index/CMakeFiles/obj.clangIndex.dir/IndexSymbol.cpp.o
[3547/4645] Building CXX object lib/FuzzMutate/CMakeFiles/LLVMFuzzerCLI.dir/FuzzerCLI.cpp.o
[3548/4645] Building CXX object tools/clang/lib/Index/CMakeFiles/obj.clangIndex.dir/IndexDecl.cpp.o
[3549/4645] Building CXX object tools/clang/lib/Index/CMakeFiles/obj.clangIndex.dir/IndexingContext.cpp.o
[3550/4645] Building CXX object tools/llvm-mc/CMakeFiles/llvm-mc.dir/llvm-mc.cpp.o
[3551/4645] Building CXX object lib/FuzzMutate/CMakeFiles/LLVMFuzzMutate.dir/OpDescriptor.cpp.o
[3552/4645] Building CXX object lib/InterfaceStub/CMakeFiles/LLVMInterfaceStub.dir/IFSStub.cpp.o
[3553/4645] Building CXX object lib/CAS/CMakeFiles/LLVMCAS.dir/ActionCache.cpp.o
[3554/4645] Building CXX object lib/InterfaceStub/CMakeFiles/LLVMInterfaceStub.dir/IFSHandler.cpp.o
[3555/4645] Building CXX object lib/FuzzMutate/CMakeFiles/LLVMFuzzMutate.dir/RandomIRBuilder.cpp.o
[3556/4645] Building CXX object lib/FuzzMutate/CMakeFiles/LLVMFuzzMutate.dir/Operations.cpp.o
[3557/4645] Building CXX object lib/CAS/CMakeFiles/LLVMCAS.dir/ActionCaches.cpp.o
[3558/4645] Building CXX object lib/FuzzMutate/CMakeFiles/LLVMFuzzMutate.dir/IRMutator.cpp.o
[3559/4645] Building CXX object tools/clang/lib/Index/CMakeFiles/obj.clangIndex.dir/IndexingAction.cpp.o
[3560/4645] Building CXX object lib/CAS/CMakeFiles/LLVMCAS.dir/BuiltinObjectHasher.cpp.o
[3561/4645] Building CXX object lib/InterfaceStub/CMakeFiles/LLVMInterfaceStub.dir/ELFObjHandler.cpp.o
[3562/4645] Building CXX object lib/CAS/CMakeFiles/LLVMCAS.dir/BuiltinCAS.cpp.o
[3563/4645] Building CXX object lib/CAS/CMakeFiles/LLVMCAS.dir/CASNodeSchema.cpp.o
[3564/4645] Building CXX object tools/clang/lib/Index/CMakeFiles/obj.clangIndex.dir/IndexBody.cpp.o
[3565/4645] Building CXX object tools/clang/lib/Index/CMakeFiles/obj.clangIndex.dir/IndexTypeSourceInfo.cpp.o
[3566/4645] Building CXX object lib/CAS/CMakeFiles/LLVMCAS.dir/BuiltinUnifiedCASDatabases.cpp.o
[3567/4645] Building CXX object lib/CAS/CMakeFiles/LLVMCAS.dir/DatabaseFile.cpp.o
[3568/4645] Building CXX object lib/CAS/CMakeFiles/LLVMCAS.dir/InMemoryCAS.cpp.o
[3569/4645] Building CXX object lib/CAS/CMakeFiles/LLVMCAS.dir/MappedFileRegionArena.cpp.o
[3570/4645] Building CXX object lib/CAS/CMakeFiles/LLVMCAS.dir/NamedValuesSchema.cpp.o
[3571/4645] Linking CXX static library lib/libLLVMMIRParser.a
[3572/4645] Linking CXX static library lib/libLLVMDWARFLinker.a
[3573/4645] Building CXX object lib/CAS/CMakeFiles/LLVMCAS.dir/OnDiskCASLogger.cpp.o
[3574/4645] Building CXX object lib/CAS/CMakeFiles/LLVMCAS.dir/OnDiskCAS.cpp.o
[3575/4645] Building CXX object lib/CAS/CMakeFiles/LLVMCAS.dir/OnDiskCommon.cpp.o
[3576/4645] Building CXX object lib/CAS/CMakeFiles/LLVMCAS.dir/OnDiskDataAllocator.cpp.o
[3577/4645] Building CXX object lib/CAS/CMakeFiles/LLVMCAS.dir/ObjectStore.cpp.o
[3578/4645] Building CXX object lib/CAS/CMakeFiles/LLVMCAS.dir/OnDiskKeyValueDB.cpp.o
[3579/4645] Building CXX object lib/CAS/CMakeFiles/LLVMCAS.dir/OnDiskGraphDB.cpp.o
[3580/4645] Building CXX object lib/CAS/CMakeFiles/LLVMCAS.dir/OnDiskTrieRawHashMap.cpp.o
[3581/4645] Building CXX object lib/CAS/CMakeFiles/LLVMCAS.dir/UnifiedOnDiskCache.cpp.o
[3582/4645] Building CXX object lib/DWARFLinker/Classic/CMakeFiles/LLVMDWARFLinkerClassic.dir/DWARFLinkerCompileUnit.cpp.o
[3583/4645] Building CXX object lib/DWARFLinker/Parallel/CMakeFiles/LLVMDWARFLinkerParallel.dir/AcceleratorRecordsSaver.cpp.o
[3584/4645] Building CXX object lib/DWARFLinker/Parallel/CMakeFiles/LLVMDWARFLinkerParallel.dir/DependencyTracker.cpp.o
[3585/4645] Building CXX object lib/DWARFLinker/Classic/CMakeFiles/LLVMDWARFLinkerClassic.dir/DWARFLinkerDeclContext.cpp.o
[3586/4645] Building CXX object lib/DWARFLinker/Parallel/CMakeFiles/LLVMDWARFLinkerParallel.dir/DIEAttributeCloner.cpp.o
[3587/4645] Building CXX object lib/DWARFLinker/Classic/CMakeFiles/LLVMDWARFLinkerClassic.dir/DWARFStreamer.cpp.o
[3588/4645] Linking CXX static library lib/libLLVMMCA.a
[3589/4645] Linking CXX static library lib/libLLVMObjCopy.a
[3590/4645] Linking CXX static library lib/libLLVMDebuginfod.a
[3591/4645] Building CXX object lib/DWARFLinker/Parallel/CMakeFiles/LLVMDWARFLinkerParallel.dir/DWARFLinker.cpp.o
[3592/4645] Building CXX object lib/DWARFLinker/Parallel/CMakeFiles/LLVMDWARFLinkerParallel.dir/DWARFEmitterImpl.cpp.o
[3593/4645] Building CXX object lib/DebugInfo/LogicalView/CMakeFiles/LLVMDebugInfoLogicalView.dir/Core/LVCompare.cpp.o
[3594/4645] Building CXX object lib/DebugInfo/LogicalView/CMakeFiles/LLVMDebugInfoLogicalView.dir/Core/LVLine.cpp.o
[3595/4645] Building CXX object lib/DebugInfo/LogicalView/CMakeFiles/LLVMDebugInfoLogicalView.dir/Core/LVElement.cpp.o
[3596/4645] Building CXX object lib/DWARFLinker/Parallel/CMakeFiles/LLVMDWARFLinkerParallel.dir/DWARFLinkerCompileUnit.cpp.o
[3597/4645] Building CXX object lib/DWARFLinker/Classic/CMakeFiles/LLVMDWARFLinkerClassic.dir/DWARFLinker.cpp.o
[3598/4645] Building CXX object lib/DWARFLinker/Parallel/CMakeFiles/LLVMDWARFLinkerParallel.dir/OutputSections.cpp.o
[3599/4645] Building CXX object lib/DWARFLinker/Parallel/CMakeFiles/LLVMDWARFLinkerParallel.dir/SyntheticTypeNameBuilder.cpp.o
[3600/4645] Building CXX object lib/DWARFLinker/Parallel/CMakeFiles/LLVMDWARFLinkerParallel.dir/DWARFLinkerUnit.cpp.o
[3601/4645] Building CXX object lib/DebugInfo/LogicalView/CMakeFiles/LLVMDebugInfoLogicalView.dir/Core/LVObject.cpp.o
[3602/4645] Building CXX object lib/DebugInfo/LogicalView/CMakeFiles/LLVMDebugInfoLogicalView.dir/Core/LVLocation.cpp.o
[3603/4645] Building CXX object lib/DWARFLinker/Parallel/CMakeFiles/LLVMDWARFLinkerParallel.dir/DWARFLinkerTypeUnit.cpp.o
[3604/4645] Building CXX object lib/DebugInfo/LogicalView/CMakeFiles/LLVMDebugInfoLogicalView.dir/Core/LVRange.cpp.o
[3605/4645] Building CXX object lib/DebugInfo/LogicalView/CMakeFiles/LLVMDebugInfoLogicalView.dir/Core/LVSourceLanguage.cpp.o
[3606/4645] Building CXX object lib/DebugInfo/LogicalView/CMakeFiles/LLVMDebugInfoLogicalView.dir/Core/LVSupport.cpp.o
[3607/4645] Building CXX object lib/DWARFLinker/Parallel/CMakeFiles/LLVMDWARFLinkerParallel.dir/DWARFLinkerImpl.cpp.o
[3608/4645] Building CXX object lib/DebugInfo/LogicalView/CMakeFiles/LLVMDebugInfoLogicalView.dir/Core/LVSort.cpp.o
[3609/4645] Building CXX object lib/DebugInfo/LogicalView/CMakeFiles/LLVMDebugInfoLogicalView.dir/Core/LVReader.cpp.o
[3610/4645] Building CXX object lib/DebugInfo/LogicalView/CMakeFiles/LLVMDebugInfoLogicalView.dir/Core/LVOptions.cpp.o
[3611/4645] Building CXX object lib/DebugInfo/LogicalView/CMakeFiles/LLVMDebugInfoLogicalView.dir/Core/LVSymbol.cpp.o
[3612/4645] Building CXX object lib/DebugInfo/LogicalView/CMakeFiles/LLVMDebugInfoLogicalView.dir/Core/LVType.cpp.o
[3613/4645] Building CXX object lib/DWP/CMakeFiles/LLVMDWP.dir/DWPError.cpp.o
[3614/4645] Building CXX object lib/DWP/CMakeFiles/LLVMDWP.dir/ELFWriter.cpp.o
[3615/4645] Building CXX object lib/DebugInfo/LogicalView/CMakeFiles/LLVMDebugInfoLogicalView.dir/Core/LVScope.cpp.o
[3616/4645] Linking CXX static library lib/libLLVMMCJIT.a
[3617/4645] Linking CXX static library lib/libLLVMOrcDebugging.a
[3618/4645] Building CXX object lib/DebugInfo/LogicalView/CMakeFiles/LLVMDebugInfoLogicalView.dir/Readers/LVBinaryReader.cpp.o
[3619/4645] Building CXX object lib/DWP/CMakeFiles/LLVMDWP.dir/DWP.cpp.o
[3620/4645] Building CXX object lib/LineEditor/CMakeFiles/LLVMLineEditor.dir/LineEditor.cpp.o
[3621/4645] Building CXX object lib/XRay/CMakeFiles/LLVMXRay.dir/BlockIndexer.cpp.o
[3622/4645] Building CXX object lib/XRay/CMakeFiles/LLVMXRay.dir/BlockPrinter.cpp.o
[3623/4645] Building CXX object lib/DebugInfo/LogicalView/CMakeFiles/LLVMDebugInfoLogicalView.dir/LVReaderHandler.cpp.o
[3624/4645] Building CXX object lib/DebugInfo/LogicalView/CMakeFiles/LLVMDebugInfoLogicalView.dir/Readers/LVDWARFReader.cpp.o
[3625/4645] Building CXX object lib/XRay/CMakeFiles/LLVMXRay.dir/BlockVerifier.cpp.o
[3626/4645] Building CXX object lib/ExecutionEngine/Interpreter/CMakeFiles/LLVMInterpreter.dir/ExternalFunctions.cpp.o
[3627/4645] Building CXX object lib/XRay/CMakeFiles/LLVMXRay.dir/FDRRecords.cpp.o
[3628/4645] Building CXX object lib/ExecutionEngine/Interpreter/CMakeFiles/LLVMInterpreter.dir/Interpreter.cpp.o
[3629/4645] Building CXX object lib/XRay/CMakeFiles/LLVMXRay.dir/FDRRecordProducer.cpp.o
[3630/4645] Building CXX object lib/XRay/CMakeFiles/LLVMXRay.dir/FDRTraceExpander.cpp.o
[3631/4645] Building CXX object lib/XRay/CMakeFiles/LLVMXRay.dir/FileHeaderReader.cpp.o
[3632/4645] Building CXX object lib/XRay/CMakeFiles/LLVMXRay.dir/FDRTraceWriter.cpp.o
[3633/4645] Building CXX object lib/DebugInfo/LogicalView/CMakeFiles/LLVMDebugInfoLogicalView.dir/Readers/LVCodeViewReader.cpp.o
[3634/4645] Linking CXX static library lib/liblldCOFF.a
[3635/4645] Linking CXX executable bin/llvm-ar
[3636/4645] Building CXX object lib/DebugInfo/LogicalView/CMakeFiles/LLVMDebugInfoLogicalView.dir/Readers/LVCodeViewVisitor.cpp.o
[3637/4645] Building CXX object lib/XRay/CMakeFiles/LLVMXRay.dir/LogBuilderConsumer.cpp.o
[3638/4645] Building CXX object lib/XRay/CMakeFiles/LLVMXRay.dir/RecordInitializer.cpp.o
[3639/4645] Building CXX object lib/XRay/CMakeFiles/LLVMXRay.dir/RecordPrinter.cpp.o
[3640/4645] Building CXX object lib/ExecutionEngine/Interpreter/CMakeFiles/LLVMInterpreter.dir/Execution.cpp.o
[3641/4645] Building CXX object lib/XRay/CMakeFiles/LLVMXRay.dir/Profile.cpp.o
[3642/4645] Building CXX object lib/XRay/CMakeFiles/LLVMXRay.dir/InstrumentationMap.cpp.o
[3643/4645] Building CXX object lib/XRay/CMakeFiles/LLVMXRay.dir/Trace.cpp.o
[3644/4645] Building CXX object tools/lld/ELF/CMakeFiles/lldELF.dir/Arch/AMDGPU.cpp.o
[3645/4645] Building CXX object tools/lld/ELF/CMakeFiles/lldELF.dir/Arch/AVR.cpp.o
[3646/4645] Building CXX object tools/lld/ELF/CMakeFiles/lldELF.dir/AArch64ErrataFix.cpp.o
[3647/4645] Building CXX object tools/lld/ELF/CMakeFiles/lldELF.dir/Arch/MSP430.cpp.o
[3648/4645] Building CXX object tools/lld/ELF/CMakeFiles/lldELF.dir/Arch/Hexagon.cpp.o
[3649/4645] Building CXX object tools/lld/ELF/CMakeFiles/lldELF.dir/Arch/MipsArchTree.cpp.o
[3650/4645] Building CXX object tools/lld/ELF/CMakeFiles/lldELF.dir/Arch/AArch64.cpp.o
[3651/4645] Building CXX object tools/lld/ELF/CMakeFiles/lldELF.dir/Arch/Mips.cpp.o
[3652/4645] Building CXX object tools/lld/ELF/CMakeFiles/lldELF.dir/Arch/LoongArch.cpp.o
[3653/4645] Building CXX object tools/lld/ELF/CMakeFiles/lldELF.dir/Arch/ARM.cpp.o
[3654/4645] Building CXX object tools/lld/ELF/CMakeFiles/lldELF.dir/Arch/PPC.cpp.o
[3655/4645] Building CXX object tools/lld/ELF/CMakeFiles/lldELF.dir/Arch/SPARCV9.cpp.o
[3656/4645] Building CXX object tools/lld/ELF/CMakeFiles/lldELF.dir/Arch/PPC64.cpp.o
[3657/4645] Building CXX object tools/lld/ELF/CMakeFiles/lldELF.dir/Arch/SystemZ.cpp.o
[3658/4645] Building CXX object tools/lld/ELF/CMakeFiles/lldELF.dir/Arch/Z80.cpp.o
[3659/4645] Building CXX object tools/lld/ELF/CMakeFiles/lldELF.dir/Arch/X86.cpp.o
[3660/4645] Building CXX object tools/lld/ELF/CMakeFiles/lldELF.dir/Arch/X86_64.cpp.o
[3661/4645] Building CXX object tools/lld/ELF/CMakeFiles/lldELF.dir/CallGraphSort.cpp.o
[3662/4645] Building CXX object tools/lld/ELF/CMakeFiles/lldELF.dir/ARMErrataFix.cpp.o
[3663/4645] Building CXX object tools/lld/ELF/CMakeFiles/lldELF.dir/Arch/RISCV.cpp.o
[3664/4645] Building CXX object tools/lld/ELF/CMakeFiles/lldELF.dir/EhFrame.cpp.o
[3665/4645] Building CXX object tools/lld/ELF/CMakeFiles/lldELF.dir/DriverUtils.cpp.o
[3666/4645] Building CXX object tools/lld/ELF/CMakeFiles/lldELF.dir/DWARF.cpp.o
[3667/4645] Building CXX object tools/lld/ELF/CMakeFiles/lldELF.dir/ICF.cpp.o
[3668/4645] Building CXX object tools/lld/ELF/CMakeFiles/lldELF.dir/BPSectionOrderer.cpp.o
[3669/4645] Building CXX object tools/lld/ELF/CMakeFiles/lldELF.dir/MapFile.cpp.o
[3670/4645] Building CXX object tools/lld/ELF/CMakeFiles/lldELF.dir/LTO.cpp.o
[3671/4645] Building CXX object tools/lld/ELF/CMakeFiles/lldELF.dir/ScriptLexer.cpp.o
[3672/4645] Building CXX object tools/lld/ELF/CMakeFiles/lldELF.dir/OutputSections.cpp.o
[3673/4645] Building CXX object tools/lld/ELF/CMakeFiles/lldELF.dir/LinkerScript.cpp.o
[3674/4645] Building CXX object tools/lld/ELF/CMakeFiles/lldELF.dir/InputSection.cpp.o
[3675/4645] Building CXX object tools/lld/ELF/CMakeFiles/lldELF.dir/MarkLive.cpp.o
[3676/4645] Building CXX object tools/lld/ELF/CMakeFiles/lldELF.dir/SymbolTable.cpp.o
[3677/4645] Building CXX object tools/lld/ELF/CMakeFiles/lldELF.dir/Symbols.cpp.o
[3678/4645] Building CXX object tools/lld/ELF/CMakeFiles/lldELF.dir/Target.cpp.o
[3679/4645] Building CXX object tools/lld/ELF/CMakeFiles/lldELF.dir/InputFiles.cpp.o
[3680/4645] Building CXX object tools/lld/ELF/CMakeFiles/lldELF.dir/Relocations.cpp.o
[3681/4645] Building CXX object tools/lld/ELF/CMakeFiles/lldELF.dir/ScriptParser.cpp.o
[3682/4645] Building CXX object tools/lld/ELF/CMakeFiles/lldELF.dir/Thunks.cpp.o
[3683/4645] Building CXX object tools/lld/ELF/CMakeFiles/lldELF.dir/Driver.cpp.o
[3684/4645] Building CXX object tools/lld/MachO/CMakeFiles/lldMachO.dir/Arch/ARM64.cpp.o
[3685/4645] Building CXX object tools/lld/MachO/CMakeFiles/lldMachO.dir/Arch/ARM64Common.cpp.o
[3686/4645] Building CXX object tools/lld/MachO/CMakeFiles/lldMachO.dir/Arch/ARM64_32.cpp.o
[3687/4645] Building CXX object tools/lld/MachO/CMakeFiles/lldMachO.dir/Arch/X86_64.cpp.o
[3688/4645] Building CXX object tools/lld/MachO/CMakeFiles/lldMachO.dir/Dwarf.cpp.o
[3689/4645] Building CXX object tools/lld/MachO/CMakeFiles/lldMachO.dir/EhFrame.cpp.o
[3690/4645] Building CXX object tools/lld/MachO/CMakeFiles/lldMachO.dir/ConcatOutputSection.cpp.o
[3691/4645] Building CXX object tools/lld/MachO/CMakeFiles/lldMachO.dir/ExportTrie.cpp.o
[3692/4645] Building CXX object tools/lld/MachO/CMakeFiles/lldMachO.dir/ICF.cpp.o
[3693/4645] Building CXX object tools/lld/MachO/CMakeFiles/lldMachO.dir/DriverUtils.cpp.o
[3694/4645] Building CXX object tools/lld/MachO/CMakeFiles/lldMachO.dir/LinkerOptimizationHints.cpp.o
[3695/4645] Building CXX object tools/lld/MachO/CMakeFiles/lldMachO.dir/InputSection.cpp.o
[3696/4645] Building CXX object tools/lld/MachO/CMakeFiles/lldMachO.dir/MapFile.cpp.o
[3697/4645] Building CXX object tools/lld/MachO/CMakeFiles/lldMachO.dir/MarkLive.cpp.o
[3698/4645] Building CXX object tools/lld/MachO/CMakeFiles/lldMachO.dir/OutputSection.cpp.o
[3699/4645] Building CXX object tools/lld/ELF/CMakeFiles/lldELF.dir/Writer.cpp.o
[3700/4645] Building CXX object tools/lld/MachO/CMakeFiles/lldMachO.dir/LTO.cpp.o
[3701/4645] Building CXX object tools/lld/MachO/CMakeFiles/lldMachO.dir/Driver.cpp.o
[3702/4645] Building CXX object tools/lld/MachO/CMakeFiles/lldMachO.dir/OutputSegment.cpp.o
[3703/4645] Building CXX object tools/lld/MachO/CMakeFiles/lldMachO.dir/ObjC.cpp.o
[3704/4645] Building CXX object tools/lld/MachO/CMakeFiles/lldMachO.dir/Relocations.cpp.o
[3705/4645] Building CXX object tools/lld/MachO/CMakeFiles/lldMachO.dir/Sections.cpp.o
[3706/4645] Building CXX object tools/lld/MachO/CMakeFiles/lldMachO.dir/InputFiles.cpp.o
[3707/4645] Building CXX object tools/lld/MachO/CMakeFiles/lldMachO.dir/Target.cpp.o
[3708/4645] Building CXX object tools/lld/MachO/CMakeFiles/lldMachO.dir/Symbols.cpp.o
[3709/4645] Building CXX object tools/lld/MachO/CMakeFiles/lldMachO.dir/SectionPriorities.cpp.o
[3710/4645] Building CXX object tools/lld/ELF/CMakeFiles/lldELF.dir/SyntheticSections.cpp.o
[3711/4645] Building CXX object tools/lld/MachO/CMakeFiles/lldMachO.dir/SymbolTable.cpp.o
[3712/4645] Building CXX object tools/lld/MinGW/CMakeFiles/lldMinGW.dir/Driver.cpp.o
[3713/4645] Building CXX object tools/lld/MachO/CMakeFiles/lldMachO.dir/BPSectionOrderer.cpp.o
[3714/4645] Building CXX object tools/lld/MachO/CMakeFiles/lldMachO.dir/UnwindInfoSection.cpp.o
[3715/4645] Building CXX object tools/lld/MachO/CMakeFiles/lldMachO.dir/Writer.cpp.o
[3716/4645] Building CXX object tools/lld/wasm/CMakeFiles/lldWasm.dir/InputChunks.cpp.o
[3717/4645] Building CXX object tools/lld/wasm/CMakeFiles/lldWasm.dir/MapFile.cpp.o
[3718/4645] Building CXX object tools/lld/MachO/CMakeFiles/lldMachO.dir/SyntheticSections.cpp.o
[3719/4645] Building CXX object tools/lld/wasm/CMakeFiles/lldWasm.dir/MarkLive.cpp.o
[3720/4645] Building CXX object tools/lld/wasm/CMakeFiles/lldWasm.dir/LTO.cpp.o
[3721/4645] Building CXX object tools/lld/wasm/CMakeFiles/lldWasm.dir/Driver.cpp.o
[3722/4645] Building CXX object tools/lld/wasm/CMakeFiles/lldWasm.dir/OutputSections.cpp.o
[3723/4645] Building CXX object tools/lld/wasm/CMakeFiles/lldWasm.dir/OutputSegment.cpp.o
[3724/4645] Building CXX object tools/lld/wasm/CMakeFiles/lldWasm.dir/InputFiles.cpp.o
[3725/4645] Building CXX object tools/lld/wasm/CMakeFiles/lldWasm.dir/WriterUtils.cpp.o
[3726/4645] Building CXX object tools/lld/wasm/CMakeFiles/lldWasm.dir/Relocations.cpp.o
[3727/4645] Building CXX object tools/lld/wasm/CMakeFiles/lldWasm.dir/Symbols.cpp.o
[3728/4645] Building CXX object tools/lld/wasm/CMakeFiles/lldWasm.dir/SymbolTable.cpp.o
[3729/4645] Building CXX object tools/clang/lib/ASTMatchers/Dynamic/CMakeFiles/obj.clangDynamicASTMatchers.dir/Diagnostics.cpp.o
[3730/4645] Building CXX object tools/clang/lib/ASTMatchers/Dynamic/CMakeFiles/obj.clangDynamicASTMatchers.dir/Marshallers.cpp.o
[3731/4645] Building CXX object tools/lld/wasm/CMakeFiles/lldWasm.dir/SyntheticSections.cpp.o
[3732/4645] Building CXX object tools/clang/lib/ASTMatchers/Dynamic/CMakeFiles/obj.clangDynamicASTMatchers.dir/Parser.cpp.o
[3733/4645] Building CXX object tools/clang/lib/ASTMatchers/Dynamic/CMakeFiles/obj.clangDynamicASTMatchers.dir/VariantValue.cpp.o
[3734/4645] Building CXX object tools/clang/lib/Analysis/FlowSensitive/CMakeFiles/obj.clangAnalysisFlowSensitive.dir/AdornedCFG.cpp.o
[3735/4645] Building CXX object tools/clang/lib/Analysis/FlowSensitive/CMakeFiles/obj.clangAnalysisFlowSensitive.dir/Arena.cpp.o
[3736/4645] Building CXX object tools/lld/wasm/CMakeFiles/lldWasm.dir/Writer.cpp.o
[3737/4645] Building CXX object tools/clang/lib/Analysis/FlowSensitive/CMakeFiles/obj.clangAnalysisFlowSensitive.dir/ASTOps.cpp.o
[3738/4645] Building CXX object tools/clang/lib/Analysis/FlowSensitive/CMakeFiles/obj.clangAnalysisFlowSensitive.dir/CNFFormula.cpp.o
[3739/4645] Building CXX object tools/clang/lib/Analysis/FlowSensitive/CMakeFiles/obj.clangAnalysisFlowSensitive.dir/Formula.cpp.o
[3740/4645] Building CXX object tools/clang/lib/Analysis/FlowSensitive/CMakeFiles/obj.clangAnalysisFlowSensitive.dir/FormulaSerialization.cpp.o
[3741/4645] Building CXX object tools/clang/lib/Analysis/FlowSensitive/CMakeFiles/obj.clangAnalysisFlowSensitive.dir/Logger.cpp.o
[3742/4645] Building CXX object tools/clang/lib/Analysis/FlowSensitive/CMakeFiles/obj.clangAnalysisFlowSensitive.dir/DataflowAnalysisContext.cpp.o
[3743/4645] Building CXX object tools/clang/lib/Analysis/FlowSensitive/CMakeFiles/obj.clangAnalysisFlowSensitive.dir/DataflowEnvironment.cpp.o
[3744/4645] Building CXX object tools/clang/lib/Analysis/FlowSensitive/CMakeFiles/obj.clangAnalysisFlowSensitive.dir/HTMLLogger.cpp.o
[3745/4645] Building CXX object tools/clang/lib/Analysis/FlowSensitive/CMakeFiles/obj.clangAnalysisFlowSensitive.dir/RecordOps.cpp.o
[3746/4645] Building CXX object tools/clang/lib/Analysis/FlowSensitive/CMakeFiles/obj.clangAnalysisFlowSensitive.dir/SimplifyConstraints.cpp.o
[3747/4645] Building CXX object tools/clang/lib/Analysis/FlowSensitive/CMakeFiles/obj.clangAnalysisFlowSensitive.dir/Value.cpp.o
[3748/4645] Linking CXX static library lib/libclangFrontendTool.a
[3749/4645] Linking CXX static library lib/libclangTooling.a
[3750/4645] Building CXX object tools/clang/lib/Analysis/FlowSensitive/CMakeFiles/obj.clangAnalysisFlowSensitive.dir/WatchedLiteralsSolver.cpp.o
[3751/4645] Building CXX object tools/clang/lib/Analysis/FlowSensitive/CMakeFiles/obj.clangAnalysisFlowSensitive.dir/SmartPointerAccessorCaching.cpp.o
[3752/4645] Building CXX object tools/clang/lib/Analysis/FlowSensitive/CMakeFiles/obj.clangAnalysisFlowSensitive.dir/DebugSupport.cpp.o
[3753/4645] Building CXX object tools/clang/lib/Analysis/FlowSensitive/CMakeFiles/obj.clangAnalysisFlowSensitive.dir/Transfer.cpp.o
[3754/4645] Building CXX object tools/clang/lib/Analysis/FlowSensitive/Models/CMakeFiles/obj.clangAnalysisFlowSensitiveModels.dir/ChromiumCheckModel.cpp.o
[3755/4645] Building CXX object tools/clang/lib/Analysis/FlowSensitive/CMakeFiles/obj.clangAnalysisFlowSensitive.dir/TypeErasedDataflowAnalysis.cpp.o
[3756/4645] Building CXX object tools/clang/lib/Tooling/Refactoring/CMakeFiles/obj.clangToolingRefactoring.dir/ASTSelectionRequirements.cpp.o
[3757/4645] Building CXX object tools/clang/lib/Tooling/Inclusions/Stdlib/CMakeFiles/obj.clangToolingInclusionsStdlib.dir/StandardLibrary.cpp.o
[3758/4645] Building CXX object tools/clang/lib/Tooling/Refactoring/CMakeFiles/obj.clangToolingRefactoring.dir/Extract/Extract.cpp.o
[3759/4645] Building CXX object tools/clang/lib/Tooling/Refactoring/CMakeFiles/obj.clangToolingRefactoring.dir/Extract/SourceExtraction.cpp.o
[3760/4645] Building CXX object tools/clang/lib/Tooling/Refactoring/CMakeFiles/obj.clangToolingRefactoring.dir/Lookup.cpp.o
[3761/4645] Building CXX object tools/clang/lib/Tooling/Refactoring/CMakeFiles/obj.clangToolingRefactoring.dir/AtomicChange.cpp.o
[3762/4645] Building CXX object tools/clang/lib/Tooling/Refactoring/CMakeFiles/obj.clangToolingRefactoring.dir/Rename/SymbolOccurrences.cpp.o
[3763/4645] Building CXX object tools/clang/lib/Analysis/FlowSensitive/Models/CMakeFiles/obj.clangAnalysisFlowSensitiveModels.dir/UncheckedOptionalAccessModel.cpp.o
[3764/4645] Building CXX object tools/clang/lib/Analysis/FlowSensitive/Models/CMakeFiles/obj.clangAnalysisFlowSensitiveModels.dir/UncheckedStatusOrAccessModel.cpp.o
[3765/4645] Building CXX object tools/clang/lib/Tooling/Refactoring/CMakeFiles/obj.clangToolingRefactoring.dir/ASTSelection.cpp.o
[3766/4645] Building CXX object tools/clang/lib/Tooling/Refactoring/CMakeFiles/obj.clangToolingRefactoring.dir/Rename/RenamingAction.cpp.o
[3767/4645] Building CXX object tools/clang/lib/Tooling/Refactoring/CMakeFiles/obj.clangToolingRefactoring.dir/RefactoringActions.cpp.o
[3768/4645] Building CXX object tools/clang/lib/Tooling/Syntax/CMakeFiles/obj.clangToolingSyntax.dir/ComputeReplacements.cpp.o
[3769/4645] Building CXX object tools/clang/lib/Tooling/Syntax/CMakeFiles/obj.clangToolingSyntax.dir/Nodes.cpp.o
[3770/4645] Building CXX object tools/clang/lib/Tooling/Syntax/CMakeFiles/obj.clangToolingSyntax.dir/Mutations.cpp.o
[3771/4645] Building CXX object tools/clang/lib/Tooling/Syntax/CMakeFiles/obj.clangToolingSyntax.dir/TokenBufferTokenManager.cpp.o
[3772/4645] Building CXX object tools/clang/lib/Tooling/Syntax/CMakeFiles/obj.clangToolingSyntax.dir/Synthesis.cpp.o
[3773/4645] Building CXX object tools/clang/lib/Tooling/Syntax/CMakeFiles/obj.clangToolingSyntax.dir/Tree.cpp.o
[3774/4645] Building CXX object tools/clang/lib/Tooling/ASTDiff/CMakeFiles/obj.clangToolingASTDiff.dir/ASTDiff.cpp.o
[3775/4645] Building CXX object tools/clang/lib/Tooling/Syntax/CMakeFiles/obj.clangToolingSyntax.dir/Tokens.cpp.o
[3776/4645] Building CXX object tools/clang/lib/Tooling/Transformer/CMakeFiles/obj.clangTransformer.dir/Parsing.cpp.o
[3777/4645] Building CXX object tools/clang/lib/Tooling/Refactoring/CMakeFiles/obj.clangToolingRefactoring.dir/Rename/USRFindingAction.cpp.o
[3778/4645] Building CXX object tools/clang/lib/Tooling/Refactoring/CMakeFiles/obj.clangToolingRefactoring.dir/Rename/USRFinder.cpp.o
[3779/4645] Building CXX object tools/clang/lib/Tooling/Syntax/CMakeFiles/obj.clangToolingSyntax.dir/BuildTree.cpp.o
[3780/4645] Building CXX object tools/clang/lib/Tooling/Transformer/CMakeFiles/obj.clangTransformer.dir/RangeSelector.cpp.o
[3781/4645] Linking CXX static library lib/libclangIndex.a
[3782/4645] Building CXX object tools/clang/lib/DirectoryWatcher/CMakeFiles/obj.clangDirectoryWatcher.dir/DirectoryScanner.cpp.o
[3783/4645] Building CXX object tools/clang/lib/Tooling/Refactoring/CMakeFiles/obj.clangToolingRefactoring.dir/Rename/USRLocFinder.cpp.o
[3784/4645] Building CXX object tools/clang/lib/IndexSerialization/CMakeFiles/obj.clangIndexSerialization.dir/SerializablePathCollection.cpp.o
[3785/4645] Building CXX object tools/clang/lib/DirectoryWatcher/CMakeFiles/obj.clangDirectoryWatcher.dir/mac/DirectoryWatcher-mac.cpp.o
[3786/4645] Building CXX object tools/clang/lib/Tooling/Transformer/CMakeFiles/obj.clangTransformer.dir/SourceCode.cpp.o
[3787/4645] Building CXX object tools/clang/lib/ScalableStaticAnalysisFramework/Tool/CMakeFiles/obj.clangScalableStaticAnalysisFrameworkTool.dir/Utils.cpp.o
[3788/4645] Building CXX object tools/clang/lib/Tooling/Transformer/CMakeFiles/obj.clangTransformer.dir/SourceCodeBuilders.cpp.o
[3789/4645] Building CXX object tools/clang/lib/Tooling/Transformer/CMakeFiles/obj.clangTransformer.dir/RewriteRule.cpp.o
[3790/4645] Building CXX object tools/clang/lib/Tooling/Transformer/CMakeFiles/obj.clangTransformer.dir/Transformer.cpp.o
[3791/4645] Building CXX object tools/clang/lib/Tooling/Transformer/CMakeFiles/obj.clangTransformer.dir/Stencil.cpp.o
[3792/4645] Building CXX object tools/clang/lib/Interpreter/CMakeFiles/obj.clangInterpreter.dir/DeviceOffload.cpp.o
[3793/4645] Building CXX object tools/clang/lib/Interpreter/CMakeFiles/obj.clangInterpreter.dir/OrcIncrementalExecutor.cpp.o
[3794/4645] Building CXX object tools/clang/lib/Interpreter/CMakeFiles/obj.clangInterpreter.dir/IncrementalAction.cpp.o
[3795/4645] Building CXX object tools/clang/lib/Interpreter/CMakeFiles/obj.clangInterpreter.dir/CodeCompletion.cpp.o
[3796/4645] Building CXX object tools/clang/lib/Interpreter/CMakeFiles/obj.clangInterpreter.dir/IncrementalExecutor.cpp.o
[3797/4645] Building CXX object tools/clang/lib/Interpreter/CMakeFiles/obj.clangInterpreter.dir/InterpreterUtils.cpp.o
[3798/4645] Building CXX object tools/clang/lib/Interpreter/CMakeFiles/obj.clangInterpreter.dir/IncrementalParser.cpp.o
[3799/4645] Building CXX object tools/clang/lib/Interpreter/CMakeFiles/obj.clangInterpreter.dir/InterpreterValuePrinter.cpp.o
[3800/4645] Building CXX object tools/clang/lib/Interpreter/CMakeFiles/obj.clangInterpreter.dir/Value.cpp.o
[3801/4645] Building LinkerWrapperOpts.inc...
[3802/4645] Building NVLinkOpts.inc...
[3803/4645] Building Opts.inc...
[3804/4645] Building SYCLLinkOpts.inc...
[3805/4645] Building InstallAPIOpts.inc...
[3806/4645] Building CXX object tools/clang/lib/Interpreter/CMakeFiles/obj.clangInterpreter.dir/Interpreter.cpp.o
[3807/4645] Building CXX object tools/clang/tools/driver/CMakeFiles/clang.dir/clang-driver.cpp.o
[3808/4645] Building CXX object tools/clang/tools/driver/CMakeFiles/clang.dir/cc1gen_reproducer_main.cpp.o
[3809/4645] Building CXX object tools/clang/tools/driver/CMakeFiles/clang.dir/cc1as_main.cpp.o
[3810/4645] Building CXX object tools/clang/tools/libclang/CMakeFiles/libclang.dir/BuildSystem.cpp.o
[3811/4645] Building CXX object tools/clang/tools/driver/CMakeFiles/clang.dir/driver.cpp.o
[3812/4645] Building CXX object tools/clang/tools/clang-shlib/CMakeFiles/clang-cpp.dir/clang-shlib.cpp.o
[3813/4645] Building CXX object tools/clang/tools/libclang/CMakeFiles/libclang.dir/CIndexCXX.cpp.o
[3814/4645] Building CXX object tools/clang/tools/clang-fuzzer/handle-llvm/CMakeFiles/obj.clangHandleLLVM.dir/handle_llvm.cpp.o
[3815/4645] Building CXX object tools/clang/tools/clang-fuzzer/handle-cxx/CMakeFiles/obj.clangHandleCXX.dir/handle_cxx.cpp.o
[3816/4645] Building CXX object tools/clang/tools/driver/CMakeFiles/clang.dir/cc1_main.cpp.o
[3817/4645] Building CXX object tools/clang/lib/ASTMatchers/Dynamic/CMakeFiles/obj.clangDynamicASTMatchers.dir/Registry.cpp.o
[3818/4645] Building CXX object tools/clang/tools/libclang/CMakeFiles/libclang.dir/CIndexer.cpp.o
[3819/4645] Building CXX object tools/clang/tools/libclang/CMakeFiles/libclang.dir/CIndexCodeCompletion.cpp.o
[3820/4645] Building CXX object tools/clang/tools/libclang/CMakeFiles/libclang.dir/CIndexDiagnostic.cpp.o
[3821/4645] Building CXX object tools/clang/tools/libclang/CMakeFiles/libclang.dir/CIndexHigh.cpp.o
[3822/4645] Building CXX object tools/clang/tools/libclang/CMakeFiles/libclang.dir/CIndexInclusionStack.cpp.o
[3823/4645] Building CXX object tools/clang/tools/libclang/CMakeFiles/libclang.dir/CIndexUSRs.cpp.o
[3824/4645] Building CXX object tools/clang/tools/libclang/CMakeFiles/libclang.dir/CXComment.cpp.o
[3825/4645] Building CXX object tools/clang/tools/libclang/CMakeFiles/libclang.dir/CXCompilationDatabase.cpp.o
[3826/4645] Building CXX object tools/clang/tools/libclang/CMakeFiles/libclang.dir/CXCursor.cpp.o
[3827/4645] Building CXX object tools/clang/tools/libclang/CMakeFiles/libclang.dir/CXLoadedDiagnostic.cpp.o
[3828/4645] Building CXX object tools/clang/tools/libclang/CMakeFiles/libclang.dir/CIndex.cpp.o
[3829/4645] Building CXX object tools/clang/tools/libclang/CMakeFiles/libclang.dir/FatalErrorHandler.cpp.o
[3830/4645] Building Options.inc...
[3831/4645] Building CXX object tools/clang/tools/libclang/CMakeFiles/libclang.dir/CXStoredDiagnostic.cpp.o
[3832/4645] Building CXX object tools/clang/tools/libclang/CMakeFiles/libclang.dir/CXSourceLocation.cpp.o
[3833/4645] Building CXX object tools/clang/tools/libclang/CMakeFiles/libclang.dir/CXIndexDataConsumer.cpp.o
[3834/4645] Building CXX object tools/clang/tools/libclang/CMakeFiles/libclang.dir/CXString.cpp.o
[3835/4645] Building CXX object tools/clang/tools/libclang/CMakeFiles/libclang.dir/CXType.cpp.o
/Users/ravn/z80/llvm-z80-pre-pr40/clang/tools/libclang/CXType.cpp:697:13: warning: 6 enumeration values not handled in switch: 'CC_Z80SDCCCall0', 'CC_Z80AllReg', 'CC_Z80FastCall'... [-Wswitch]
  697 |     switch (FD->getCallConv()) {
      |             ^~~~~~~~~~~~~~~~~
/Users/ravn/z80/llvm-z80-pre-pr40/clang/tools/libclang/CXType.cpp:697:13: note: add missing switch cases
  697 |     switch (FD->getCallConv()) {
      |             ^
1 warning generated.
[3836/4645] Building Options.inc...
[3837/4645] Building CXX object tools/clang/tools/libclang/CMakeFiles/libclang.dir/Obsolete.cpp.o
[3838/4645] Building CXX object tools/llubi/lib/CMakeFiles/LLVMUBAwareInterpreter.dir/ExecutorBase.cpp.o
[3839/4645] Building Opts.inc...
[3840/4645] Building Opts.inc...
[3841/4645] Building Opts.inc...
[3842/4645] Building Opts.inc...
[3843/4645] Building Opts.inc...
[3844/4645] Building CXX object tools/clang/tools/libclang/CMakeFiles/libclang.dir/Rewrite.cpp.o
[3845/4645] Building CXX object tools/llubi/lib/CMakeFiles/LLVMUBAwareInterpreter.dir/Value.cpp.o
[3846/4645] Building CXX object tools/llubi/lib/CMakeFiles/LLVMUBAwareInterpreter.dir/Library.cpp.o
[3847/4645] Building CXX object tools/llubi/lib/CMakeFiles/LLVMUBAwareInterpreter.dir/Context.cpp.o
[3848/4645] Building CXX object tools/clang/tools/libclang/CMakeFiles/libclang.dir/Indexing.cpp.o
[3849/4645] Building CXX object tools/llvm-diff/lib/CMakeFiles/LLVMDiff.dir/DiffConsumer.cpp.o
[3850/4645] Building CXX object tools/llvm-diff/lib/CMakeFiles/LLVMDiff.dir/DiffLog.cpp.o
[3851/4645] Building Options.inc...
[3852/4645] Building Opts.inc...
[3853/4645] Building CXX object tools/llubi/lib/CMakeFiles/LLVMUBAwareInterpreter.dir/Interpreter.cpp.o
[3854/4645] Building CXX object tools/llvm-dwarfdump/CMakeFiles/llvm-dwarfdump.dir/SectionSizes.cpp.o
[3855/4645] Building CXX object tools/llvm-cfi-verify/lib/CMakeFiles/LLVMCFIVerify.dir/GraphBuilder.cpp.o
[3856/4645] Building CXX object tools/llvm-diff/lib/CMakeFiles/LLVMDiff.dir/DifferenceEngine.cpp.o
[3857/4645] Building CXX object tools/llvm-cfi-verify/lib/CMakeFiles/LLVMCFIVerify.dir/FileAnalysis.cpp.o
[3858/4645] Building CXX object tools/llvm-dwarfdump/CMakeFiles/llvm-dwarfdump.dir/Coverage.cpp.o
[3859/4645] Building CXX object tools/llvm-dwarfdump/CMakeFiles/llvm-dwarfdump.dir/Statistics.cpp.o
[3860/4645] Building CXX object tools/llvm-dwarfdump/CMakeFiles/llvm-dwarfdump.dir/llvm-dwarfdump.cpp.o
[3861/4645] Building CXX object tools/clang/tools/libclang/CMakeFiles/libclang.dir/CXExtractAPI.cpp.o
[3862/4645] Building CXX object tools/llvm-exegesis/lib/CMakeFiles/LLVMExegesis.dir/CodeTemplate.cpp.o
[3863/4645] Building CXX object tools/llvm-exegesis/lib/CMakeFiles/LLVMExegesis.dir/Analysis.cpp.o
[3864/4645] Building CXX object tools/llvm-exegesis/lib/CMakeFiles/LLVMExegesis.dir/Error.cpp.o
[3865/4645] Building CXX object tools/llvm-exegesis/lib/CMakeFiles/LLVMExegesis.dir/DisassemblerHelper.cpp.o
[3866/4645] Building CXX object tools/llvm-exegesis/lib/CMakeFiles/LLVMExegesis.dir/Clustering.cpp.o
[3867/4645] Building CXX object tools/llvm-exegesis/lib/CMakeFiles/LLVMExegesis.dir/BenchmarkResult.cpp.o
[3868/4645] Building CXX object tools/llvm-exegesis/lib/CMakeFiles/LLVMExegesis.dir/BenchmarkRunner.cpp.o
[3869/4645] Building CXX object tools/llvm-exegesis/lib/CMakeFiles/LLVMExegesis.dir/Assembler.cpp.o
[3870/4645] Building CXX object tools/llvm-exegesis/lib/CMakeFiles/LLVMExegesis.dir/MCInstrDescView.cpp.o
[3871/4645] Building CXX object tools/llvm-exegesis/lib/CMakeFiles/LLVMExegesis.dir/PerfHelper.cpp.o
[3872/4645] Building CXX object tools/llvm-exegesis/lib/CMakeFiles/LLVMExegesis.dir/RegisterAliasing.cpp.o
[3873/4645] Building CXX object tools/llvm-exegesis/lib/CMakeFiles/LLVMExegesis.dir/RegisterValue.cpp.o
[3874/4645] Building CXX object tools/llvm-exegesis/lib/CMakeFiles/LLVMExegesis.dir/LatencyBenchmarkRunner.cpp.o
[3875/4645] Building CXX object tools/llvm-exegesis/lib/CMakeFiles/LLVMExegesis.dir/ResultAggregator.cpp.o
[3876/4645] Building CXX object tools/llvm-exegesis/lib/CMakeFiles/LLVMExegesis.dir/LlvmState.cpp.o
[3877/4645] Building CXX object tools/llvm-exegesis/lib/CMakeFiles/LLVMExegesis.dir/ParallelSnippetGenerator.cpp.o
[3878/4645] Building Opts.inc...
[3879/4645] Building Opts.inc...
[3880/4645] Building CXX object tools/llvm-exegesis/lib/CMakeFiles/LLVMExegesis.dir/SchedClassResolution.cpp.o
[3881/4645] Building CXX object tools/llvm-exegesis/lib/CMakeFiles/LLVMExegesis.dir/SerialSnippetGenerator.cpp.o
[3882/4645] Building Opts.inc...
[3883/4645] Building LipoOpts.inc...
[3884/4645] Building CXX object tools/llvm-exegesis/lib/CMakeFiles/LLVMExegesis.dir/SubprocessMemory.cpp.o
[3885/4645] Linking CXX executable bin/llvm-mc
[3886/4645] Building CXX object tools/llvm-exegesis/lib/CMakeFiles/LLVMExegesis.dir/ValidationEvent.cpp.o
[3887/4645] Building CXX object tools/llvm-ml/CMakeFiles/llvm-ml.dir/llvm-ml-driver.cpp.o
[3888/4645] Building Opts.inc...
[3889/4645] Building CXX object tools/llvm-ir2vec/lib/IRUtils/CMakeFiles/LLVMIREmbUtils.dir/IRUtils.cpp.o
[3890/4645] Building CXX object tools/llvm-exegesis/lib/CMakeFiles/LLVMExegesis.dir/SnippetRepetitor.cpp.o
[3891/4645] Building CXX object tools/llvm-ir2vec/lib/MIRUtils/CMakeFiles/LLVMMIREmbUtils.dir/MIRUtils.cpp.o
[3892/4645] Building CXX object tools/llvm-ml/CMakeFiles/llvm-ml.dir/Disassembler.cpp.o
[3893/4645] Building CXX object tools/llvm-exegesis/lib/CMakeFiles/LLVMExegesis.dir/SnippetGenerator.cpp.o
[3894/4645] Building CXX object tools/llvm-exegesis/lib/CMakeFiles/LLVMExegesis.dir/SnippetFile.cpp.o
[3895/4645] Building CXX object tools/llvm-ml/CMakeFiles/llvm-ml.dir/llvm-ml.cpp.o
[3896/4645] Building CXX object tools/llvm-objcopy/CMakeFiles/llvm-objcopy.dir/llvm-objcopy-driver.cpp.o
[3897/4645] Building CXX object tools/llvm-exegesis/lib/CMakeFiles/LLVMExegesis.dir/UopsBenchmarkRunner.cpp.o
[3898/4645] Building CXX object tools/llvm-exegesis/lib/CMakeFiles/LLVMExegesis.dir/Target.cpp.o
[3899/4645] Building CXX object tools/llvm-objcopy/CMakeFiles/llvm-objcopy.dir/llvm-objcopy.cpp.o
[3900/4645] Building CXX object tools/llvm-objdump/CMakeFiles/llvm-objdump.dir/DXContainerDump.cpp.o
[3901/4645] Building CXX object tools/llvm-objdump/CMakeFiles/llvm-objdump.dir/WasmDump.cpp.o
[3902/4645] Building CXX object tools/llvm-objdump/CMakeFiles/llvm-objdump.dir/COFFDump.cpp.o
[3903/4645] Building CXX object tools/llvm-objdump/CMakeFiles/llvm-objdump.dir/OffloadDump.cpp.o
[3904/4645] Building CXX object tools/llvm-objdump/CMakeFiles/llvm-objdump.dir/llvm-objdump-driver.cpp.o
[3905/4645] Building CXX object tools/llvm-objdump/CMakeFiles/llvm-objdump.dir/XCOFFDump.cpp.o
[3906/4645] Building CXX object tools/llvm-objdump/CMakeFiles/llvm-objdump.dir/SourcePrinter.cpp.o
[3907/4645] Building CXX object tools/llvm-rc/CMakeFiles/llvm-rc.dir/ResourceScriptCppFilter.cpp.o
[3908/4645] Building CXX object tools/llvm-objcopy/CMakeFiles/llvm-objcopy.dir/ObjcopyOptions.cpp.o
[3909/4645] Building CXX object tools/llvm-objdump/CMakeFiles/llvm-objdump.dir/ELFDump.cpp.o
[3910/4645] Building CXX object tools/llvm-rc/CMakeFiles/llvm-rc.dir/ResourceScriptToken.cpp.o
[3911/4645] Building CXX object tools/llvm-offload-binary/CMakeFiles/llvm-offload-binary.dir/llvm-offload-binary.cpp.o
[3912/4645] Building CXX object tools/llvm-rc/CMakeFiles/llvm-rc.dir/ResourceFileWriter.cpp.o
[3913/4645] Building CXX object tools/llvm-rc/CMakeFiles/llvm-rc.dir/llvm-rc.cpp.o
[3914/4645] Building CXX object tools/llvm-rc/CMakeFiles/llvm-rc.dir/ResourceScriptStmt.cpp.o
[3915/4645] Building CXX object tools/llvm-rc/CMakeFiles/llvm-rc.dir/llvm-rc-driver.cpp.o
[3916/4645] Building CXX object tools/llvm-rc/CMakeFiles/llvm-rc.dir/ResourceScriptParser.cpp.o
[3917/4645] Building CXX object tools/llvm-readobj/CMakeFiles/llvm-readobj.dir/COFFImportDumper.cpp.o
[3918/4645] Building CXX object tools/llvm-readobj/CMakeFiles/llvm-readobj.dir/ARMWinEHPrinter.cpp.o
[3919/4645] Building CXX object tools/llvm-readobj/CMakeFiles/llvm-readobj.dir/ObjDumper.cpp.o
[3920/4645] Building CXX object tools/llvm-readobj/CMakeFiles/llvm-readobj.dir/WasmDumper.cpp.o
[3921/4645] Building CXX object tools/llvm-readobj/CMakeFiles/llvm-readobj.dir/WindowsResourceDumper.cpp.o
[3922/4645] Building TapiOpts.inc...
[3923/4645] Building Opts.inc...
[3924/4645] Building CXX object tools/llvm-readobj/CMakeFiles/llvm-readobj.dir/llvm-readobj.cpp.o
[3925/4645] Building Opts.inc...
[3926/4645] Building CXX object tools/llvm-readobj/CMakeFiles/llvm-readobj.dir/MachODumper.cpp.o
[3927/4645] Building CXX object tools/llvm-readobj/CMakeFiles/llvm-readobj.dir/Win64EHDumper.cpp.o
[3928/4645] Building Opts.inc...
[3929/4645] Building CXX object tools/llvm-readobj/CMakeFiles/llvm-readobj.dir/llvm-readobj-driver.cpp.o
[3930/4645] Building CXX object tools/remarks-shlib/CMakeFiles/Remarks.dir/libremarks.cpp.o
[3931/4645] Building Opts.inc...
[3932/4645] Building CXX object tools/llvm-symbolizer/CMakeFiles/llvm-symbolizer.dir/llvm-symbolizer-driver.cpp.o
[3933/4645] Building CXX object tools/llvm-readobj/CMakeFiles/llvm-readobj.dir/XCOFFDumper.cpp.o
[3934/4645] Building CXX object tools/llvm-readobj/CMakeFiles/llvm-readobj.dir/COFFDumper.cpp.o
[3935/4645] Linking CXX static library lib/libLLVMTableGenBasic.a
[3936/4645] Linking CXX static library lib/libLLVMFuzzerCLI.a
[3937/4645] Linking CXX static library lib/libLLVMFuzzMutate.a
[3938/4645] Linking CXX static library lib/libLLVMFileCheck.a
[3939/4645] Linking CXX static library lib/libLLVMInterfaceStub.a
[3940/4645] Building CXX object tools/llvm-symbolizer/CMakeFiles/llvm-symbolizer.dir/llvm-symbolizer.cpp.o
[3941/4645] Linking CXX static library lib/libLLVMCAS.a
[3942/4645] Linking CXX static library lib/libLLVMDWARFLinkerClassic.a
[3943/4645] Linking CXX static library lib/libLLVMDWARFLinkerParallel.a
[3944/4645] Linking CXX static library lib/libLLVMDebugInfoLogicalView.a
[3945/4645] Linking CXX static library lib/libLLVMDWP.a
[3946/4645] Building CXX object lib/Support/LSP/CMakeFiles/LLVMSupportLSP.dir/Transport.cpp.o
[3947/4645] Linking CXX static library lib/libLLVMInterpreter.a
[3948/4645] Building CXX object lib/Support/LSP/CMakeFiles/LLVMSupportLSP.dir/Logging.cpp.o
[3949/4645] Assembling sm83 runtime: bzero.asm (ELF)
[3950/4645] Assembling sm83 runtime: call_hl.asm (ELF)
[3951/4645] Assembling sm83 runtime: addsf3.asm (ELF)
[3952/4645] Building CXX object tools/llvm-objdump/CMakeFiles/llvm-objdump.dir/MachODump.cpp.o
[3953/4645] Assembling sm83 runtime: ceilf.asm (ELF)
[3954/4645] Assembling sm83 runtime: cmpsf2.asm (ELF)
[3955/4645] Assembling sm83 runtime: divhi3.asm (ELF)
[3956/4645] Assembling sm83 runtime: divmoddi3.asm (ELF)
[3957/4645] Assembling sm83 runtime: divmodsi3.asm (ELF)
[3958/4645] Assembling sm83 runtime: divmodti3.asm (ELF)
[3959/4645] Assembling sm83 runtime: divsf3.asm (ELF)
[3960/4645] Assembling sm83 runtime: floatsisf.asm (ELF)
[3961/4645] Assembling sm83 runtime: fixsfsi.asm (ELF)
[3962/4645] Assembling sm83 runtime: floorf.asm (ELF)
[3963/4645] Assembling sm83 runtime: fmaxf.asm (ELF)
[3964/4645] Assembling sm83 runtime: fmaximum_numf.asm (ELF)
[3965/4645] Assembling sm83 runtime: fminf.asm (ELF)
[3966/4645] Assembling sm83 runtime: fminimum_numf.asm (ELF)
[3967/4645] Assembling sm83 runtime: fmodf.asm (ELF)
[3968/4645] Assembling sm83 runtime: lroundf.asm (ELF)
[3969/4645] Assembling sm83 runtime: memchr.asm (ELF)
[3970/4645] Assembling sm83 runtime: memcmp.asm (ELF)
[3971/4645] Assembling sm83 runtime: memcpy.asm (ELF)
[3972/4645] Assembling sm83 runtime: memmove.asm (ELF)
[3973/4645] Assembling sm83 runtime: memset.asm (ELF)
[3974/4645] Assembling sm83 runtime: modhi3.asm (ELF)
[3975/4645] Assembling sm83 runtime: mulhi3.asm (ELF)
[3976/4645] Assembling sm83 runtime: muldi3.asm (ELF)
[3977/4645] Assembling sm83 runtime: mulsi3.asm (ELF)
[3978/4645] Assembling sm83 runtime: mulsf3.asm (ELF)
[3979/4645] Assembling sm83 runtime: rintf.asm (ELF)
[3980/4645] Assembling sm83 runtime: roundf.asm (ELF)
[3981/4645] Assembling sm83 runtime: stpcpy.asm (ELF)
[3982/4645] Assembling sm83 runtime: strcat.asm (ELF)
[3983/4645] Assembling sm83 runtime: strchr.asm (ELF)
[3984/4645] Assembling sm83 runtime: strcmp.asm (ELF)
[3985/4645] Assembling sm83 runtime: strcpy.asm (ELF)
[3986/4645] Assembling sm83 runtime: strlen.asm (ELF)
[3987/4645] Assembling sm83 runtime: strncmp.asm (ELF)
[3988/4645] Assembling sm83 runtime: strncpy.asm (ELF)
[3989/4645] Assembling sm83 runtime: strnlen.asm (ELF)
[3990/4645] Assembling sm83 runtime: truncf.asm (ELF)
[3991/4645] Assembling sm83 runtime: udivhi3.asm (ELF)
[3992/4645] Assembling sm83 runtime: udivqi3.asm (ELF)
[3993/4645] Assembling sm83 runtime: umodqi3.asm (ELF)
[3994/4645] Assembling sm83 runtime: umodhi3.asm (ELF)
[3995/4645] Assembling sm83 runtime: umulhi3.asm (ELF)
[3996/4645] Assembling z80 runtime: addsf3.asm (ELF)
[3997/4645] Assembling z80 runtime: bzero.asm (ELF)
[3998/4645] Assembling z80 runtime: call_iy.asm (ELF)
[3999/4645] Assembling z80 runtime: ceilf.asm (ELF)
[4000/4645] Assembling z80 runtime: cmpsf2.asm (ELF)
[4001/4645] Assembling z80 runtime: divhi3_fast.asm (ELF)
[4002/4645] Assembling z80 runtime: divhi3.asm (ELF)
[4003/4645] Assembling z80 runtime: divmoddi3.asm (ELF)
[4004/4645] Assembling z80 runtime: divmodsi3.asm (ELF)
[4005/4645] Assembling z80 runtime: divmodsi4.asm (ELF)
[4006/4645] Assembling z80 runtime: divmodti3.asm (ELF)
[4007/4645] Assembling z80 runtime: divsf3.asm (ELF)
[4008/4645] Assembling z80 runtime: f16conv.asm (ELF)
[4009/4645] Assembling z80 runtime: fixsfsi.asm (ELF)
[4010/4645] Assembling z80 runtime: floatsisf.asm (ELF)
[4011/4645] Building CXX object tools/llvm-objdump/CMakeFiles/llvm-objdump.dir/llvm-objdump.cpp.o
[4012/4645] Assembling z80 runtime: floorf.asm (ELF)
[4013/4645] Assembling z80 runtime: fminf.asm (ELF)
[4014/4645] Assembling z80 runtime: fmaxf.asm (ELF)
[4015/4645] Assembling z80 runtime: fmaximum_numf.asm (ELF)
[4016/4645] Assembling z80 runtime: fminimum_numf.asm (ELF)
[4017/4645] Assembling z80 runtime: fmodf.asm (ELF)
[4018/4645] Assembling z80 runtime: lroundf.asm (ELF)
[4019/4645] Assembling z80 runtime: memchr.asm (ELF)
[4020/4645] Assembling z80 runtime: memcmp.asm (ELF)
[4021/4645] Assembling z80 runtime: memcpy.asm (ELF)
[4022/4645] Assembling z80 runtime: memmove.asm (ELF)
[4023/4645] Assembling z80 runtime: memset.asm (ELF)
[4024/4645] Assembling z80 runtime: memmove_rt.asm (ELF)
[4025/4645] Assembling z80 runtime: modhi3.asm (ELF)
[4026/4645] Assembling z80 runtime: modhi3_fast.asm (ELF)
[4027/4645] Assembling z80 runtime: muldi3.asm (ELF)
[4028/4645] Assembling z80 runtime: mulhi3.asm (ELF)
[4029/4645] Assembling z80 runtime: mulsi3.asm (ELF)
[4030/4645] Assembling z80 runtime: mulsf3.asm (ELF)
[4031/4645] Assembling z80 runtime: putchar.asm (ELF)
[4032/4645] Assembling z80 runtime: rintf.asm (ELF)
[4033/4645] Assembling z80 runtime: roundf.asm (ELF)
[4034/4645] Assembling z80 runtime: stpcpy.asm (ELF)
[4035/4645] Assembling z80 runtime: strcat.asm (ELF)
[4036/4645] Assembling z80 runtime: strchr.asm (ELF)
[4037/4645] Assembling z80 runtime: strcpy.asm (ELF)
[4038/4645] Assembling z80 runtime: strcmp.asm (ELF)
[4039/4645] Assembling z80 runtime: strlen.asm (ELF)
[4040/4645] Assembling z80 runtime: strncmp.asm (ELF)
[4041/4645] Assembling z80 runtime: strncpy.asm (ELF)
[4042/4645] Assembling z80 runtime: udivhi3.asm (ELF)
[4043/4645] Assembling z80 runtime: strnlen.asm (ELF)
[4044/4645] Assembling z80 runtime: truncf.asm (ELF)
[4045/4645] Assembling z80 runtime: udivhi3_fast.asm (ELF)
[4046/4645] Assembling z80 runtime: udivqi3.asm (ELF)
[4047/4645] Assembling z80 runtime: umodhi3.asm (ELF)
[4048/4645] Assembling z80 runtime: umodhi3_fast.asm (ELF)
[4049/4645] Assembling z80 runtime: umodqi3.asm (ELF)
[4050/4645] Assembling z80 runtime: umulhi3.asm (ELF)
[4051/4645] Building CXX object lib/Support/LSP/CMakeFiles/LLVMSupportLSP.dir/Protocol.cpp.o
[4052/4645] Building CXX object lib/Frontend/OpenACC/CMakeFiles/LLVMFrontendOpenACC.dir/ACC.cpp.o
[4053/4645] Assembling z80 runtime: divhi3.asm (SDCC)
[4054/4645] Assembling z80 runtime: bzero.asm (SDCC)
[4055/4645] Assembling z80 runtime: ceilf.asm (SDCC)
[4056/4645] Assembling z80 runtime: cmpsf2.asm (SDCC)
[4057/4645] Assembling z80 runtime: divhi3_fast.asm (SDCC)
[4058/4645] Assembling z80 runtime: addsf3.asm (SDCC)
[4059/4645] Assembling z80 runtime: call_iy.asm (SDCC)
[4060/4645] Assembling z80 runtime: divmoddi3.asm (SDCC)
[4061/4645] Assembling z80 runtime: divmodsi3.asm (SDCC)
[4062/4645] Assembling z80 runtime: divmodsi4.asm (SDCC)
[4063/4645] Assembling z80 runtime: f16conv.asm (SDCC)
[4064/4645] Assembling z80 runtime: fixsfsi.asm (SDCC)
[4065/4645] Assembling z80 runtime: divmodti3.asm (SDCC)
[4066/4645] Assembling z80 runtime: divsf3.asm (SDCC)
[4067/4645] Assembling z80 runtime: fmaxf.asm (SDCC)
[4068/4645] Assembling z80 runtime: fmaximum_numf.asm (SDCC)
[4069/4645] Assembling z80 runtime: floatsisf.asm (SDCC)
[4070/4645] Assembling z80 runtime: floorf.asm (SDCC)
[4071/4645] Assembling z80 runtime: fmodf.asm (SDCC)
[4072/4645] Assembling z80 runtime: fminf.asm (SDCC)
[4073/4645] Assembling z80 runtime: fminimum_numf.asm (SDCC)
[4074/4645] Assembling z80 runtime: memcmp.asm (SDCC)
[4075/4645] Assembling z80 runtime: lroundf.asm (SDCC)
[4076/4645] Assembling z80 runtime: memchr.asm (SDCC)
[4077/4645] Assembling z80 runtime: memcpy.asm (SDCC)
[4078/4645] Assembling z80 runtime: memset.asm (SDCC)
[4079/4645] Assembling z80 runtime: memmove.asm (SDCC)
[4080/4645] Assembling z80 runtime: memmove_rt.asm (SDCC)
[4081/4645] Assembling z80 runtime: modhi3.asm (SDCC)
[4082/4645] Assembling z80 runtime: mulhi3.asm (SDCC)
[4083/4645] Assembling z80 runtime: modhi3_fast.asm (SDCC)
[4084/4645] Assembling z80 runtime: muldi3.asm (SDCC)
[4085/4645] Assembling z80 runtime: mulsi3.asm (SDCC)
[4086/4645] Assembling z80 runtime: putchar.asm (SDCC)
[4087/4645] Assembling z80 runtime: mulsf3.asm (SDCC)
[4088/4645] Assembling z80 runtime: rintf.asm (SDCC)
[4089/4645] Assembling z80 runtime: roundf.asm (SDCC)
[4090/4645] Assembling z80 runtime: stpcpy.asm (SDCC)
[4091/4645] Assembling z80 runtime: strcmp.asm (SDCC)
[4092/4645] Assembling z80 runtime: strcat.asm (SDCC)
[4093/4645] Assembling z80 runtime: strchr.asm (SDCC)
[4094/4645] Assembling z80 runtime: strcpy.asm (SDCC)
[4095/4645] Assembling z80 runtime: strlen.asm (SDCC)
[4096/4645] Assembling z80 runtime: strncmp.asm (SDCC)
[4097/4645] Assembling z80 runtime: strncpy.asm (SDCC)
[4098/4645] Assembling z80 runtime: strnlen.asm (SDCC)
[4099/4645] Assembling z80 runtime: udivhi3.asm (SDCC)
[4100/4645] Assembling z80 runtime: truncf.asm (SDCC)
[4101/4645] Assembling z80 runtime: udivhi3_fast.asm (SDCC)
[4102/4645] Assembling z80 runtime: udivqi3.asm (SDCC)
[4103/4645] Assembling z80 runtime: umodhi3.asm (SDCC)
[4104/4645] Linking CXX static library lib/libLLVMLineEditor.a
[4105/4645] Assembling z80 runtime: umodqi3.asm (SDCC)
[4106/4645] Assembling z80 runtime: umulhi3.asm (SDCC)
[4107/4645] Assembling z80 runtime: umodhi3_fast.asm (SDCC)
[4108/4645] Linking CXX static library lib/libLLVMXRay.a
[4109/4645] Linking CXX static library lib/libllvm_gtest.a
[4110/4645] Building CXX object lib/Telemetry/CMakeFiles/LLVMTelemetry.dir/Telemetry.cpp.o
[4111/4645] Building CXX object utils/split-file/CMakeFiles/split-file.dir/split-file.cpp.o
[4112/4645] Building CXX object tools/opt/CMakeFiles/LLVMOptDriver.dir/optdriver.cpp.o
[4113/4645] Building CXX object tools/llvm-config/CMakeFiles/llvm-config.dir/llvm-config.cpp.o
[4114/4645] Building CXX object tools/opt/CMakeFiles/LLVMOptDriver.dir/NewPMDriver.cpp.o
[4115/4645] Linking CXX static library lib/liblldELF.a
[4116/4645] Linking CXX static library lib/liblldMachO.a
[4117/4645] Linking CXX static library lib/liblldMinGW.a
[4118/4645] Linking CXX static library lib/liblldWasm.a
[4119/4645] Building CXX object tools/lld/tools/lld/CMakeFiles/lld.dir/lld.cpp.o
[4120/4645] Building CXX object utils/UnicodeData/CMakeFiles/UnicodeNameMappingGenerator.dir/UnicodeNameMappingGenerator.cpp.o
[4121/4645] Building CXX object tools/lld/tools/lld/CMakeFiles/lld.dir/lld-driver.cpp.o
[4122/4645] Building CXX object tools/llvm-ctxprof-util/CMakeFiles/llvm-ctxprof-util.dir/llvm-ctxprof-util.cpp.o
[4123/4645] Linking CXX static library lib/libclangAnalysisFlowSensitive.a
[4124/4645] Linking CXX static library lib/libclangToolingASTDiff.a
[4125/4645] Linking CXX static library lib/libclangToolingRefactoring.a
[4126/4645] Linking CXX static library lib/libclangToolingSyntax.a
[4127/4645] Building CXX object tools/lto/CMakeFiles/LTO.dir/LTODisassembler.cpp.o
[4128/4645] Building CXX object tools/clang/lib/ScalableStaticAnalysisFramework/Plugins/ExamplePlugin/CMakeFiles/SSAFExamplePlugin.dir/PairsAnalysis.cpp.o
[4129/4645] Linking CXX static library lib/libclangScalableStaticAnalysisFrameworkTool.a
[4130/4645] Linking CXX static library lib/libclangInterpreter.a
[4131/4645] Building CXX object tools/clang/lib/ScalableStaticAnalysisFramework/Plugins/ExamplePlugin/CMakeFiles/SSAFExamplePlugin.dir/TagsAnalysis.cpp.o
[4132/4645] Building CXX object tools/clang/lib/ScalableStaticAnalysisFramework/Plugins/ExamplePlugin/CMakeFiles/SSAFExamplePlugin.dir/TagsPairsAnalysis.cpp.o
[4133/4645] Building CXX object tools/lto/CMakeFiles/LTO.dir/lto.cpp.o
[4134/4645] Building CXX object tools/clang/tools/diagtool/CMakeFiles/diagtool.dir/diagtool_main.cpp.o
[4135/4645] Building CXX object tools/clang/tools/diagtool/CMakeFiles/diagtool.dir/DiagTool.cpp.o
[4136/4645] Building CXX object tools/clang/tools/diagtool/CMakeFiles/diagtool.dir/FindDiagnosticID.cpp.o
[4137/4645] Building CXX object tools/clang/tools/diagtool/CMakeFiles/diagtool.dir/ListWarnings.cpp.o
[4138/4645] Building CXX object tools/clang/tools/diagtool/CMakeFiles/diagtool.dir/DiagnosticNames.cpp.o
[4139/4645] Building CXX object tools/llvm-lto/CMakeFiles/llvm-lto.dir/llvm-lto.cpp.o
[4140/4645] Linking CXX executable bin/clang-23
[4141/4645] Building CXX object tools/clang/lib/Analysis/plugins/CheckerDependencyHandling/CMakeFiles/CheckerDependencyHandlingAnalyzerPlugin.dir/CheckerDependencyHandling.cpp.o
[4142/4645] Building CXX object tools/clang/lib/Analysis/plugins/SampleAnalyzer/CMakeFiles/SampleAnalyzerPlugin.dir/MainCallChecker.cpp.o
[4143/4645] Building CXX object tools/clang/lib/Analysis/plugins/CheckerOptionHandling/CMakeFiles/CheckerOptionHandlingAnalyzerPlugin.dir/CheckerOptionHandling.cpp.o
[4144/4645] Building CXX object tools/clang/tools/diagtool/CMakeFiles/diagtool.dir/TreeView.cpp.o
[4145/4645] Building C object tools/clang/tools/clang-fuzzer/dictionary/CMakeFiles/clang-fuzzer-dictionary.dir/dictionary.c.o
[4146/4645] Building CXX object tools/clang/tools/clang-offload-bundler/CMakeFiles/clang-offload-bundler.dir/ClangOffloadBundler.cpp.o
[4147/4645] Building CXX object tools/clang/tools/clang-format/CMakeFiles/clang-format.dir/ClangFormat.cpp.o
[4148/4645] Building CXX object tools/clang/tools/diagtool/CMakeFiles/diagtool.dir/ShowEnabledWarnings.cpp.o
[4149/4645] Building CXX object tools/clang/tools/clang-scan-deps/CMakeFiles/clang-scan-deps.dir/clang-scan-deps-driver.cpp.o
[4150/4645] Building CXX object tools/clang/tools/clang-ssaf-analyzer/CMakeFiles/clang-ssaf-analyzer.dir/SSAFAnalyzer.cpp.o
[4151/4645] Building CXX object tools/clang/tools/clang-ssaf-format/CMakeFiles/clang-ssaf-format.dir/SSAFFormat.cpp.o
[4152/4645] Building CXX object tools/clang/tools/clang-ssaf-linker/CMakeFiles/clang-ssaf-linker.dir/SSAFLinker.cpp.o
[4153/4645] Building CXX object tools/llvm-profdata/CMakeFiles/llvm-profdata.dir/llvm-profdata.cpp.o
[4154/4645] Building CXX object tools/clang/tools/clang-diff/CMakeFiles/clang-diff.dir/ClangDiff.cpp.o
[4155/4645] Building CXX object tools/clang/tools/clang-installapi/CMakeFiles/clang-installapi.dir/clang-installapi-driver.cpp.o
[4156/4645] Building CXX object tools/clang/tools/clang-nvlink-wrapper/CMakeFiles/clang-nvlink-wrapper.dir/ClangNVLinkWrapper.cpp.o
[4157/4645] Building CXX object tools/clang/tools/clang-import-test/CMakeFiles/clang-import-test.dir/clang-import-test.cpp.o
[4158/4645] Building C object tools/clang/tools/c-index-test/CMakeFiles/c-index-test.dir/c-index-test.c.o
[4159/4645] Building CXX object tools/clang/tools/clang-linker-wrapper/CMakeFiles/clang-linker-wrapper.dir/ClangLinkerWrapper.cpp.o
[4160/4645] Building CXX object tools/clang/tools/apinotes-test/CMakeFiles/apinotes-test.dir/APINotesTest.cpp.o
[4161/4645] Linking CXX shared library lib/libclang-cpp.23.0git.dylib
[4162/4645] Building CXX object tools/clang/tools/clang-sycl-linker/CMakeFiles/clang-sycl-linker.dir/ClangSYCLLinker.cpp.o
[4163/4645] Building CXX object tools/clang/tools/clang-installapi/CMakeFiles/clang-installapi.dir/Options.cpp.o
[4164/4645] Linking CXX shared library lib/libclang.dylib
[4165/4645] Building CXX object tools/clang/tools/clang-refactor/CMakeFiles/clang-refactor.dir/TestSupport.cpp.o
[4166/4645] Building CXX object tools/clang/tools/offload-arch/CMakeFiles/offload-arch.dir/OffloadArch.cpp.o
[4167/4645] Building CXX object tools/clang/tools/offload-arch/CMakeFiles/offload-arch.dir/NVPTXArch.cpp.o
[4168/4645] Building CXX object tools/clang/tools/offload-arch/CMakeFiles/offload-arch.dir/AMDGPUArchByKFD.cpp.o
[4169/4645] Building CXX object tools/clang/tools/clang-scan-deps/CMakeFiles/clang-scan-deps.dir/ClangScanDeps.cpp.o
[4170/4645] Building CXX object tools/clang/tools/clang-installapi/CMakeFiles/clang-installapi.dir/ClangInstallAPI.cpp.o
[4171/4645] Building CXX object tools/clang/tools/offload-arch/CMakeFiles/offload-arch.dir/LevelZeroArch.cpp.o
[4172/4645] Building CXX object tools/clang/tools/offload-arch/CMakeFiles/offload-arch.dir/AMDGPUArchByHIP.cpp.o
[4173/4645] Building CXX object tools/llvm-readobj/CMakeFiles/llvm-readobj.dir/ELFDumper.cpp.o
[4174/4645] Building CXX object tools/clang/tools/c-index-test/CMakeFiles/c-index-test.dir/core_main.cpp.o
[4175/4645] Building CXX object tools/clang/tools/clang-check/CMakeFiles/clang-check.dir/ClangCheck.cpp.o
[4176/4645] Building CXX object tools/clang/tools/clang-refactor/CMakeFiles/clang-refactor.dir/ClangRefactor.cpp.o
[4177/4645] Building CXX object tools/clang/tools/clang-repl/CMakeFiles/clang-repl.dir/ClangRepl.cpp.o
[4178/4645] Building CXX object tools/clang/tools/clang-extdef-mapping/CMakeFiles/clang-extdef-mapping.dir/ClangExtDefMapGen.cpp.o
[4179/4645] Building CXX object tools/dsymutil/CMakeFiles/dsymutil.dir/CFBundle.cpp.o
[4180/4645] Building CXX object tools/dsymutil/CMakeFiles/dsymutil.dir/BinaryHolder.cpp.o
[4181/4645] Building CXX object tools/dsymutil/CMakeFiles/dsymutil.dir/Reproducer.cpp.o
[4182/4645] Building CXX object tools/dsymutil/CMakeFiles/dsymutil.dir/DebugMap.cpp.o
[4183/4645] Building CXX object tools/dsymutil/CMakeFiles/dsymutil.dir/RelocationMap.cpp.o
[4184/4645] Building CXX object tools/dsymutil/CMakeFiles/dsymutil.dir/SwiftModule.cpp.o
[4185/4645] Building CXX object tools/dsymutil/CMakeFiles/dsymutil.dir/dsymutil.cpp.o
[4186/4645] Linking CXX static library lib/libLLVMUBAwareInterpreter.a
[4187/4645] Building CXX object tools/dsymutil/CMakeFiles/dsymutil.dir/MachOUtils.cpp.o
[4188/4645] Building CXX object tools/dsymutil/CMakeFiles/dsymutil.dir/MachODebugMapParser.cpp.o
[4189/4645] Building CXX object tools/dsymutil/CMakeFiles/dsymutil.dir/dsymutil-driver.cpp.o
[4190/4645] Building C object tools/llvm-c-test/CMakeFiles/llvm-c-test.dir/attributes.c.o
[4191/4645] Building C object tools/llvm-c-test/CMakeFiles/llvm-c-test.dir/calc.c.o
[4192/4645] Building C object tools/llvm-c-test/CMakeFiles/llvm-c-test.dir/diagnostic.c.o
[4193/4645] Building C object tools/llvm-c-test/CMakeFiles/llvm-c-test.dir/debuginfo.c.o
[4194/4645] Building CXX object tools/lli/ChildTarget/CMakeFiles/lli-child-target.dir/ChildTarget.cpp.o
[4195/4645] Building C object tools/llvm-c-test/CMakeFiles/llvm-c-test.dir/disassemble.c.o
[4196/4645] Building C object tools/llvm-c-test/CMakeFiles/llvm-c-test.dir/helpers.c.o
[4197/4645] Building C object tools/llvm-c-test/CMakeFiles/llvm-c-test.dir/include-all.c.o
[4198/4645] Building C object tools/llvm-c-test/CMakeFiles/llvm-c-test.dir/main.c.o
[4199/4645] Building C object tools/llvm-c-test/CMakeFiles/llvm-c-test.dir/module.c.o
[4200/4645] Building C object tools/llvm-c-test/CMakeFiles/llvm-c-test.dir/metadata.c.o
[4201/4645] Building C object tools/llvm-c-test/CMakeFiles/llvm-c-test.dir/object.c.o
[4202/4645] Building CXX object tools/llvm-bcanalyzer/CMakeFiles/llvm-bcanalyzer.dir/llvm-bcanalyzer.cpp.o
[4203/4645] Building CXX object tools/dsymutil/CMakeFiles/dsymutil.dir/DwarfLinkerForBinary.cpp.o
[4204/4645] Building C object tools/llvm-c-test/CMakeFiles/llvm-c-test.dir/targets.c.o
[4205/4645] Building CXX object tools/llvm-c-test/CMakeFiles/llvm-c-test.dir/echo.cpp.o
[4206/4645] Building CXX object tools/llvm-cas-fuzzer/CMakeFiles/llvm-cas-fuzzer.dir/DummyCASFuzzer.cpp.o
[4207/4645] Linking CXX static library lib/libLLVMCFIVerify.a
[4208/4645] Building CXX object tools/llvm-as/CMakeFiles/llvm-as.dir/llvm-as.cpp.o
[4209/4645] Building CXX object tools/llvm-cas-fuzzer/CMakeFiles/llvm-cas-fuzzer.dir/cas-fuzzer.cpp.o
[4210/4645] Building CXX object tools/llc/CMakeFiles/llc.dir/llc.cpp.o
[4211/4645] Building CXX object tools/llvm-cas/CMakeFiles/llvm-cas.dir/llvm-cas.cpp.o
[4212/4645] Building CXX object tools/llubi/CMakeFiles/llubi.dir/llubi.cpp.o
[4213/4645] Building CXX object tools/llvm-cat/CMakeFiles/llvm-cat.dir/llvm-cat.cpp.o
[4214/4645] Building CXX object tools/llc/CMakeFiles/llc.dir/NewPMDriver.cpp.o
[4215/4645] Building CXX object tools/llvm-cov/CMakeFiles/llvm-cov.dir/llvm-cov.cpp.o
[4216/4645] Building CXX object tools/llvm-cfi-verify/CMakeFiles/llvm-cfi-verify.dir/llvm-cfi-verify.cpp.o
[4217/4645] Building CXX object tools/llvm-cov/CMakeFiles/llvm-cov.dir/gcov.cpp.o
[4218/4645] Building CXX object tools/llvm-cgdata/CMakeFiles/llvm-cgdata.dir/llvm-cgdata-driver.cpp.o
[4219/4645] Building CXX object tools/llvm-cgdata/CMakeFiles/llvm-cgdata.dir/llvm-cgdata.cpp.o
[4220/4645] Building CXX object tools/llvm-cov/CMakeFiles/llvm-cov.dir/CoverageExporterJson.cpp.o
[4221/4645] Building CXX object tools/lli/CMakeFiles/lli.dir/lli.cpp.o
[4222/4645] Building CXX object tools/llvm-cov/CMakeFiles/llvm-cov.dir/CoverageFilters.cpp.o
[4223/4645] Building CXX object tools/llvm-cov/CMakeFiles/llvm-cov.dir/CoverageExporterLcov.cpp.o
[4224/4645] Building CXX object tools/llvm-cov/CMakeFiles/llvm-cov.dir/CoverageSummaryInfo.cpp.o
[4225/4645] Building CXX object tools/llvm-cov/CMakeFiles/llvm-cov.dir/CoverageReport.cpp.o
[4226/4645] Building CXX object tools/llvm-cxxdump/CMakeFiles/llvm-cxxdump.dir/Error.cpp.o
[4227/4645] Building CXX object tools/llvm-cvtres/CMakeFiles/llvm-cvtres.dir/llvm-cvtres.cpp.o
[4228/4645] Building CXX object tools/llvm-cxxfilt/CMakeFiles/llvm-cxxfilt.dir/llvm-cxxfilt.cpp.o
[4229/4645] Building CXX object tools/llvm-cxxfilt/CMakeFiles/llvm-cxxfilt.dir/llvm-cxxfilt-driver.cpp.o
[4230/4645] Building CXX object tools/llvm-cov/CMakeFiles/llvm-cov.dir/SourceCoverageViewText.cpp.o
[4231/4645] Building CXX object tools/llvm-cov/CMakeFiles/llvm-cov.dir/SourceCoverageView.cpp.o
[4232/4645] Building CXX object tools/llvm-cov/CMakeFiles/llvm-cov.dir/CodeCoverage.cpp.o
[4233/4645] Building CXX object tools/llvm-cov/CMakeFiles/llvm-cov.dir/SourceCoverageViewHTML.cpp.o
[4234/4645] Building CXX object tools/llvm-cxxdump/CMakeFiles/llvm-cxxdump.dir/llvm-cxxdump.cpp.o
[4235/4645] Linking CXX static library lib/libLLVMDiff.a
[4236/4645] Building CXX object tools/llvm-cov/CMakeFiles/llvm-cov.dir/TestingSupport.cpp.o
[4237/4645] Building CXX object tools/llvm-debuginfod/CMakeFiles/llvm-debuginfod.dir/llvm-debuginfod-driver.cpp.o
[4238/4645] Building CXX object tools/llvm-debuginfod-find/CMakeFiles/llvm-debuginfod-find.dir/llvm-debuginfod-find-driver.cpp.o
[4239/4645] Linking CXX executable bin/llvm-dwarfdump
[4240/4645] Building CXX object tools/llvm-cxxmap/CMakeFiles/llvm-cxxmap.dir/llvm-cxxmap.cpp.o
[4241/4645] Building CXX object tools/llvm-dlang-demangle-fuzzer/CMakeFiles/llvm-dlang-demangle-fuzzer.dir/DummyDemanglerFuzzer.cpp.o
[4242/4645] Building CXX object tools/llvm-debuginfod/CMakeFiles/llvm-debuginfod.dir/llvm-debuginfod.cpp.o
[4243/4645] Building CXX object tools/llvm-debuginfod-find/CMakeFiles/llvm-debuginfod-find.dir/llvm-debuginfod-find.cpp.o
[4244/4645] Building CXX object tools/llvm-debuginfo-analyzer/CMakeFiles/llvm-debuginfo-analyzer.dir/llvm-debuginfo-analyzer.cpp.o
[4245/4645] Building CXX object tools/llvm-dlang-demangle-fuzzer/CMakeFiles/llvm-dlang-demangle-fuzzer.dir/llvm-dlang-demangle-fuzzer.cpp.o
[4246/4645] Linking CXX static library lib/libLLVMExegesis.a
[4247/4645] Building CXX object tools/llvm-dwp/CMakeFiles/llvm-dwp.dir/llvm-dwp-driver.cpp.o
[4248/4645] Building CXX object tools/llvm-diff/CMakeFiles/llvm-diff.dir/llvm-diff.cpp.o
[4249/4645] Building CXX object tools/llvm-dis/CMakeFiles/llvm-dis.dir/llvm-dis.cpp.o
[4250/4645] Building CXX object tools/llvm-gsymutil/CMakeFiles/llvm-gsymutil.dir/llvm-gsymutil-driver.cpp.o
[4251/4645] Building CXX object tools/llvm-gpu-loader/CMakeFiles/llvm-gpu-loader.dir/llvm-gpu-loader.cpp.o
[4252/4645] Building CXX object tools/llvm-dwp/CMakeFiles/llvm-dwp.dir/llvm-dwp.cpp.o
[4253/4645] Building CXX object tools/llvm-ifs/CMakeFiles/llvm-ifs.dir/ErrorCollector.cpp.o
[4254/4645] Linking CXX static library lib/libLLVMIREmbUtils.a
[4255/4645] Linking CXX static library lib/libLLVMMIREmbUtils.a
[4256/4645] Building CXX object tools/llvm-ifs/CMakeFiles/llvm-ifs.dir/llvm-ifs-driver.cpp.o
[4257/4645] Building CXX object tools/llvm-debuginfo-analyzer/CMakeFiles/llvm-debuginfo-analyzer.dir/Options.cpp.o
[4258/4645] Building CXX object tools/llvm-ifs/CMakeFiles/llvm-ifs.dir/llvm-ifs.cpp.o
[4259/4645] Building CXX object tools/llvm-itanium-demangle-fuzzer/CMakeFiles/llvm-itanium-demangle-fuzzer.dir/DummyDemanglerFuzzer.cpp.o
[4260/4645] Building CXX object tools/llvm-gsymutil/CMakeFiles/llvm-gsymutil.dir/llvm-gsymutil.cpp.o
[4261/4645] Building CXX object tools/llvm-dwarfutil/CMakeFiles/llvm-dwarfutil.dir/DebugInfoLinker.cpp.o
[4262/4645] Building CXX object tools/llvm-itanium-demangle-fuzzer/CMakeFiles/llvm-itanium-demangle-fuzzer.dir/llvm-itanium-demangle-fuzzer.cpp.o
[4263/4645] Building CXX object tools/llvm-dwarfutil/CMakeFiles/llvm-dwarfutil.dir/llvm-dwarfutil.cpp.o
[4264/4645] Building CXX object tools/llvm-extract/CMakeFiles/llvm-extract.dir/llvm-extract.cpp.o
[4265/4645] Building CXX object tools/llvm-isel-fuzzer/CMakeFiles/llvm-isel-fuzzer.dir/DummyISelFuzzer.cpp.o
[4266/4645] Building CXX object tools/llvm-ir2vec/CMakeFiles/llvm-ir2vec.dir/llvm-ir2vec.cpp.o
[4267/4645] Building CXX object tools/llvm-jitlink/llvm-jitlink-executor/CMakeFiles/llvm-jitlink-executor.dir/llvm-jitlink-executor.cpp.o
[4268/4645] Building CXX object tools/llvm-isel-fuzzer/CMakeFiles/llvm-isel-fuzzer.dir/llvm-isel-fuzzer.cpp.o
[4269/4645] Building CXX object tools/llvm-exegesis/CMakeFiles/llvm-exegesis.dir/llvm-exegesis.cpp.o
[4270/4645] Building CXX object tools/llvm-jitlink/CMakeFiles/llvm-jitlink.dir/llvm-jitlink-coff.cpp.o
[4271/4645] Building CXX object tools/llvm-jitlink/CMakeFiles/llvm-jitlink.dir/llvm-jitlink-macho.cpp.o
[4272/4645] Building CXX object tools/llvm-jitlink/CMakeFiles/llvm-jitlink.dir/llvm-jitlink-elf.cpp.o
[4273/4645] Building CXX object tools/llvm-jitlink/CMakeFiles/llvm-jitlink.dir/llvm-jitlink-statistics.cpp.o
[4274/4645] Building CXX object tools/llvm-libtool-darwin/CMakeFiles/llvm-libtool-darwin.dir/llvm-libtool-darwin-driver.cpp.o
[4275/4645] Building CXX object tools/llvm-lipo/CMakeFiles/llvm-lipo.dir/llvm-lipo-driver.cpp.o
[4276/4645] Building CXX object tools/llvm-mca/CMakeFiles/llvm-mca.dir/CodeRegion.cpp.o
[4277/4645] Building CXX object tools/llvm-mca/CMakeFiles/llvm-mca.dir/PipelinePrinter.cpp.o
[4278/4645] Building CXX object tools/llvm-libtool-darwin/CMakeFiles/llvm-libtool-darwin.dir/llvm-libtool-darwin.cpp.o
[4279/4645] Building CXX object tools/llvm-link/CMakeFiles/llvm-link.dir/llvm-link.cpp.o
[4280/4645] Building CXX object tools/llvm-mca/CMakeFiles/llvm-mca.dir/CodeRegionGenerator.cpp.o
[4281/4645] Building CXX object tools/llvm-lipo/CMakeFiles/llvm-lipo.dir/llvm-lipo.cpp.o
[4282/4645] Building CXX object tools/llvm-mca/CMakeFiles/llvm-mca.dir/Views/DispatchStatistics.cpp.o
[4283/4645] Building CXX object tools/llvm-mca/CMakeFiles/llvm-mca.dir/Views/InstructionView.cpp.o
[4284/4645] Building CXX object tools/llvm-mca/CMakeFiles/llvm-mca.dir/Views/RegisterFileStatistics.cpp.o
[4285/4645] Building CXX object tools/llvm-mca/CMakeFiles/llvm-mca.dir/Views/BottleneckAnalysis.cpp.o
[4286/4645] Building CXX object tools/llvm-mca/CMakeFiles/llvm-mca.dir/Views/InstructionInfoView.cpp.o
[4287/4645] Building CXX object tools/llvm-mca/CMakeFiles/llvm-mca.dir/Views/RetireControlUnitStatistics.cpp.o
[4288/4645] Linking CXX executable bin/llvm-ml
[4289/4645] Building CXX object tools/llvm-mca/CMakeFiles/llvm-mca.dir/Views/SchedulerStatistics.cpp.o
[4290/4645] Building CXX object tools/llvm-microsoft-demangle-fuzzer/CMakeFiles/llvm-microsoft-demangle-fuzzer.dir/DummyDemanglerFuzzer.cpp.o
[4291/4645] Building CXX object tools/llvm-mca/CMakeFiles/llvm-mca.dir/Views/SummaryView.cpp.o
[4292/4645] Building CXX object tools/llvm-mca/CMakeFiles/llvm-mca.dir/Views/ResourcePressureView.cpp.o
[4293/4645] Linking CXX executable bin/llvm-objcopy
[4294/4645] Linking CXX executable bin/llvm-objdump
[4295/4645] Building CXX object tools/llvm-microsoft-demangle-fuzzer/CMakeFiles/llvm-microsoft-demangle-fuzzer.dir/llvm-microsoft-demangle-fuzzer.cpp.o
[4296/4645] Linking CXX executable bin/llvm-offload-binary
[4297/4645] Building CXX object tools/llvm-mca/CMakeFiles/llvm-mca.dir/llvm-mca.cpp.o
[4298/4645] Building CXX object tools/llvm-mca/CMakeFiles/llvm-mca.dir/Views/TimelineView.cpp.o
[4299/4645] Building CXX object tools/llvm-nm/CMakeFiles/llvm-nm.dir/llvm-nm-driver.cpp.o
[4300/4645] Building CXX object tools/llvm-modextract/CMakeFiles/llvm-modextract.dir/llvm-modextract.cpp.o
[4301/4645] Building CXX object tools/llvm-opt-report/CMakeFiles/llvm-opt-report.dir/OptReport.cpp.o
[4302/4645] Building CXX object tools/llvm-offload-wrapper/CMakeFiles/llvm-offload-wrapper.dir/llvm-offload-wrapper.cpp.o
[4303/4645] Building CXX object tools/llvm-lto2/CMakeFiles/llvm-lto2.dir/llvm-lto2.cpp.o
[4304/4645] Building CXX object tools/llvm-pdbutil/CMakeFiles/llvm-pdbutil.dir/BytesOutputStyle.cpp.o
[4305/4645] Building CXX object tools/llvm-opt-fuzzer/CMakeFiles/llvm-opt-fuzzer.dir/DummyOptFuzzer.cpp.o
[4306/4645] Building CXX object tools/llvm-pdbutil/CMakeFiles/llvm-pdbutil.dir/ExplainOutputStyle.cpp.o
[4307/4645] Building CXX object tools/llvm-pdbutil/CMakeFiles/llvm-pdbutil.dir/PrettyBuiltinDumper.cpp.o
[4308/4645] Building CXX object tools/llvm-opt-fuzzer/CMakeFiles/llvm-opt-fuzzer.dir/llvm-opt-fuzzer.cpp.o
[4309/4645] Building CXX object tools/llvm-pdbutil/CMakeFiles/llvm-pdbutil.dir/PrettyClassDefinitionDumper.cpp.o
[4310/4645] Building CXX object tools/llvm-pdbutil/CMakeFiles/llvm-pdbutil.dir/PrettyClassLayoutGraphicalDumper.cpp.o
[4311/4645] Building CXX object tools/llvm-pdbutil/CMakeFiles/llvm-pdbutil.dir/MinimalTypeDumper.cpp.o
[4312/4645] Building CXX object tools/llvm-nm/CMakeFiles/llvm-nm.dir/llvm-nm.cpp.o
[4313/4645] Building CXX object tools/llvm-pdbutil/CMakeFiles/llvm-pdbutil.dir/PdbYaml.cpp.o
[4314/4645] Building CXX object tools/llvm-pdbutil/CMakeFiles/llvm-pdbutil.dir/MinimalSymbolDumper.cpp.o
[4315/4645] Building CXX object tools/llvm-pdbutil/CMakeFiles/llvm-pdbutil.dir/PrettyCompilandDumper.cpp.o
[4316/4645] Building CXX object tools/llvm-pdbutil/CMakeFiles/llvm-pdbutil.dir/PrettyEnumDumper.cpp.o
[4317/4645] Building CXX object tools/llvm-pdbutil/CMakeFiles/llvm-pdbutil.dir/PrettyExternalSymbolDumper.cpp.o
[4318/4645] Building CXX object tools/llvm-pdbutil/CMakeFiles/llvm-pdbutil.dir/PrettyFunctionDumper.cpp.o
[4319/4645] Building CXX object tools/llvm-jitlink/CMakeFiles/llvm-jitlink.dir/llvm-jitlink.cpp.o
[4320/4645] Building CXX object tools/llvm-pdbutil/CMakeFiles/llvm-pdbutil.dir/PrettyTypedefDumper.cpp.o
[4321/4645] Building CXX object tools/llvm-pdbutil/CMakeFiles/llvm-pdbutil.dir/PrettyVariableDumper.cpp.o
[4322/4645] Building CXX object tools/llvm-pdbutil/CMakeFiles/llvm-pdbutil.dir/PrettyTypeDumper.cpp.o
[4323/4645] Building CXX object tools/llvm-pdbutil/CMakeFiles/llvm-pdbutil.dir/StreamUtil.cpp.o
[4324/4645] Building CXX object tools/llvm-pdbutil/CMakeFiles/llvm-pdbutil.dir/TypeReferenceTracker.cpp.o
[4325/4645] Linking CXX executable bin/llvm-rc
[4326/4645] Linking CXX executable bin/llvm-readobj
[4327/4645] Building CXX object tools/llvm-pdbutil/CMakeFiles/llvm-pdbutil.dir/llvm-pdbutil.cpp.o
[4328/4645] Building CXX object tools/llvm-pdbutil/CMakeFiles/llvm-pdbutil.dir/DumpOutputStyle.cpp.o
[4329/4645] Building CXX object tools/llvm-pdbutil/CMakeFiles/llvm-pdbutil.dir/YAMLOutputStyle.cpp.o
[4330/4645] Building CXX object tools/llvm-readtapi/CMakeFiles/llvm-readtapi.dir/llvm-readtapi.cpp.o
[4331/4645] Building CXX object tools/llvm-readtapi/CMakeFiles/llvm-readtapi.dir/DiffEngine.cpp.o
[4332/4645] Building CXX object tools/llvm-reduce/CMakeFiles/llvm-reduce.dir/DeltaManager.cpp.o
[4333/4645] Building CXX object tools/llvm-profgen/CMakeFiles/llvm-profgen.dir/llvm-profgen.cpp.o
[4334/4645] Building CXX object tools/llvm-profgen/CMakeFiles/llvm-profgen.dir/MissingFrameInferrer.cpp.o
[4335/4645] Building CXX object tools/llvm-profgen/CMakeFiles/llvm-profgen.dir/CSPreInliner.cpp.o
[4336/4645] Building CXX object tools/llvm-reduce/CMakeFiles/llvm-reduce.dir/TestRunner.cpp.o
[4337/4645] Building CXX object tools/llvm-profgen/CMakeFiles/llvm-profgen.dir/PerfReader.cpp.o
[4338/4645] Building CXX object tools/llvm-reduce/CMakeFiles/llvm-reduce.dir/deltas/Delta.cpp.o
[4339/4645] Building CXX object tools/llvm-reduce/CMakeFiles/llvm-reduce.dir/deltas/Utils.cpp.o
[4340/4645] Building CXX object tools/llvm-reduce/CMakeFiles/llvm-reduce.dir/deltas/ReduceAliases.cpp.o
[4341/4645] Building CXX object tools/llvm-reduce/CMakeFiles/llvm-reduce.dir/ReducerWorkItem.cpp.o
[4342/4645] Building CXX object tools/llvm-profgen/CMakeFiles/llvm-profgen.dir/ProfiledBinary.cpp.o
[4343/4645] Building CXX object tools/llvm-profgen/CMakeFiles/llvm-profgen.dir/ProfileGenerator.cpp.o
[4344/4645] Building CXX object tools/llvm-reduce/CMakeFiles/llvm-reduce.dir/deltas/ReduceAttributes.cpp.o
[4345/4645] Building CXX object tools/llvm-reduce/CMakeFiles/llvm-reduce.dir/deltas/ReduceArguments.cpp.o
[4346/4645] Building CXX object tools/llvm-reduce/CMakeFiles/llvm-reduce.dir/deltas/ReduceDIMetadata.cpp.o
[4347/4645] Building CXX object tools/llvm-reduce/CMakeFiles/llvm-reduce.dir/deltas/ReduceBasicBlocks.cpp.o
[4348/4645] Building CXX object tools/llvm-reduce/CMakeFiles/llvm-reduce.dir/deltas/ReduceFunctionBodies.cpp.o
[4349/4645] Building CXX object tools/llvm-reduce/CMakeFiles/llvm-reduce.dir/deltas/ReduceDbgRecords.cpp.o
[4350/4645] Building CXX object tools/llvm-reduce/CMakeFiles/llvm-reduce.dir/deltas/ReduceGlobalObjects.cpp.o
[4351/4645] Building CXX object tools/llvm-reduce/CMakeFiles/llvm-reduce.dir/deltas/ReduceGlobalValues.cpp.o
[4352/4645] Building CXX object tools/llvm-reduce/CMakeFiles/llvm-reduce.dir/deltas/ReduceFunctions.cpp.o
[4353/4645] Building CXX object tools/llvm-reduce/CMakeFiles/llvm-reduce.dir/deltas/ReduceDistinctMetadata.cpp.o
[4354/4645] Building CXX object tools/llvm-reduce/CMakeFiles/llvm-reduce.dir/deltas/ReduceGlobalVarInitializers.cpp.o
[4355/4645] Building CXX object tools/llvm-reduce/CMakeFiles/llvm-reduce.dir/deltas/ReduceGlobalVars.cpp.o
[4356/4645] Building CXX object tools/llvm-reduce/CMakeFiles/llvm-reduce.dir/deltas/ReduceInstructions.cpp.o
[4357/4645] Building CXX object tools/llvm-reduce/CMakeFiles/llvm-reduce.dir/deltas/ReduceInlineCallSites.cpp.o
[4358/4645] Building CXX object tools/llvm-reduce/CMakeFiles/llvm-reduce.dir/deltas/ReduceInstructionFlags.cpp.o
[4359/4645] Building CXX object tools/llvm-reduce/CMakeFiles/llvm-reduce.dir/deltas/ReduceInvokes.cpp.o
[4360/4645] Building CXX object tools/llvm-reduce/CMakeFiles/llvm-reduce.dir/deltas/ReduceModuleData.cpp.o
[4361/4645] Building CXX object tools/llvm-reduce/CMakeFiles/llvm-reduce.dir/deltas/ReduceMetadata.cpp.o
[4362/4645] Building CXX object tools/llvm-reduce/CMakeFiles/llvm-reduce.dir/deltas/ReduceMemoryOperations.cpp.o
[4363/4645] Building CXX object tools/llvm-reduce/CMakeFiles/llvm-reduce.dir/deltas/ReduceOpcodes.cpp.o
[4364/4645] Building CXX object tools/llvm-reduce/CMakeFiles/llvm-reduce.dir/deltas/ReduceOperandBundles.cpp.o
[4365/4645] Building CXX object tools/llvm-reduce/CMakeFiles/llvm-reduce.dir/deltas/ReduceSpecialGlobals.cpp.o
[4366/4645] Building CXX object tools/llvm-reduce/CMakeFiles/llvm-reduce.dir/deltas/ReduceOperands.cpp.o
[4367/4645] Building CXX object tools/llvm-reduce/CMakeFiles/llvm-reduce.dir/deltas/ReduceOperandsSkip.cpp.o
[4368/4645] Building CXX object tools/llvm-reduce/CMakeFiles/llvm-reduce.dir/deltas/ReduceInstructionFlagsMIR.cpp.o
[4369/4645] Building CXX object tools/llvm-reduce/CMakeFiles/llvm-reduce.dir/deltas/ReduceInstructionsMIR.cpp.o
[4370/4645] Building CXX object tools/llvm-reduce/CMakeFiles/llvm-reduce.dir/deltas/ReduceIRReferences.cpp.o
[4371/4645] Building CXX object tools/llvm-reduce/CMakeFiles/llvm-reduce.dir/deltas/ReduceValuesToReturn.cpp.o
[4372/4645] Building CXX object tools/llvm-reduce/CMakeFiles/llvm-reduce.dir/deltas/ReduceOperandsToArgs.cpp.o
[4373/4645] Building CXX object tools/llvm-reduce/CMakeFiles/llvm-reduce.dir/deltas/ReduceVirtualRegisters.cpp.o
[4374/4645] Building CXX object tools/llvm-reduce/CMakeFiles/llvm-reduce.dir/deltas/ReduceRegisterMasks.cpp.o
[4375/4645] Building CXX object tools/llvm-reduce/CMakeFiles/llvm-reduce.dir/deltas/ReduceRegisterUses.cpp.o
[4376/4645] Building CXX object tools/llvm-reduce/CMakeFiles/llvm-reduce.dir/deltas/ReduceRegisterDefs.cpp.o
[4377/4645] Building CXX object tools/llvm-remarkutil/CMakeFiles/llvm-remarkutil.dir/RemarkConvert.cpp.o
[4378/4645] Building CXX object tools/llvm-reduce/CMakeFiles/llvm-reduce.dir/deltas/ReduceSinkDefsToUses.cpp.o
[4379/4645] Building CXX object tools/llvm-remarkutil/CMakeFiles/llvm-remarkutil.dir/RemarkCount.cpp.o
[4380/4645] Building CXX object tools/llvm-reduce/CMakeFiles/llvm-reduce.dir/deltas/ReduceTargetFeaturesAttr.cpp.o
[4381/4645] Building CXX object tools/llvm-reduce/CMakeFiles/llvm-reduce.dir/deltas/ReduceUsingSimplifyCFG.cpp.o
[4382/4645] Building CXX object tools/llvm-reduce/CMakeFiles/llvm-reduce.dir/deltas/SimplifyInstructions.cpp.o
[4383/4645] Building CXX object tools/llvm-reduce/CMakeFiles/llvm-reduce.dir/deltas/StripDebugInfo.cpp.o
[4384/4645] Building CXX object tools/llvm-remarkutil/CMakeFiles/llvm-remarkutil.dir/RemarkUtil.cpp.o
[4385/4645] Building CXX object tools/llvm-remarkutil/CMakeFiles/llvm-remarkutil.dir/RemarkCounter.cpp.o
[4386/4645] Building CXX object tools/llvm-remarkutil/CMakeFiles/llvm-remarkutil.dir/RemarkFilter.cpp.o
[4387/4645] Building CXX object tools/llvm-remarkutil/CMakeFiles/llvm-remarkutil.dir/RemarkInstructionMix.cpp.o
[4388/4645] Building CXX object tools/llvm-reduce/CMakeFiles/llvm-reduce.dir/deltas/RunIRPasses.cpp.o
[4389/4645] Building CXX object tools/llvm-reduce/CMakeFiles/llvm-reduce.dir/llvm-reduce.cpp.o
[4390/4645] Building CXX object tools/llvm-remarkutil/CMakeFiles/llvm-remarkutil.dir/RemarkUtilRegistry.cpp.o
[4391/4645] Building CXX object tools/llvm-remarkutil/CMakeFiles/llvm-remarkutil.dir/RemarkUtilHelpers.cpp.o
[4392/4645] Building CXX object tools/llvm-rust-demangle-fuzzer/CMakeFiles/llvm-rust-demangle-fuzzer.dir/DummyDemanglerFuzzer.cpp.o
[4393/4645] Building CXX object tools/llvm-rust-demangle-fuzzer/CMakeFiles/llvm-rust-demangle-fuzzer.dir/llvm-rust-demangle-fuzzer.cpp.o
[4394/4645] Building CXX object tools/llvm-size/CMakeFiles/llvm-size.dir/llvm-size-driver.cpp.o
[4395/4645] Building CXX object tools/llvm-remarkutil/CMakeFiles/llvm-remarkutil.dir/RemarkSummary.cpp.o
[4396/4645] Building CXX object tools/llvm-special-case-list-fuzzer/CMakeFiles/llvm-special-case-list-fuzzer.dir/DummySpecialCaseListFuzzer.cpp.o
[4397/4645] Building CXX object tools/llvm-remarkutil/CMakeFiles/llvm-remarkutil.dir/RemarkSizeDiff.cpp.o
[4398/4645] Building CXX object tools/llvm-special-case-list-fuzzer/CMakeFiles/llvm-special-case-list-fuzzer.dir/special-case-list-fuzzer.cpp.o
[4399/4645] Linking CXX executable bin/llvm-symbolizer
[4400/4645] Building CXX object tools/llvm-xray/CMakeFiles/llvm-xray.dir/llvm-xray.cpp.o
[4401/4645] Building CXX object tools/llvm-sim/CMakeFiles/llvm-sim.dir/llvm-sim.cpp.o
[4402/4645] Building CXX object tools/llvm-undname/CMakeFiles/llvm-undname.dir/llvm-undname.cpp.o
[4403/4645] Building CXX object tools/llvm-xray/CMakeFiles/llvm-xray.dir/func-id-helper.cpp.o
[4404/4645] Building CXX object tools/llvm-size/CMakeFiles/llvm-size.dir/llvm-size.cpp.o
[4405/4645] Building CXX object tools/llvm-stress/CMakeFiles/llvm-stress.dir/llvm-stress.cpp.o
[4406/4645] Building CXX object tools/llvm-xray/CMakeFiles/llvm-xray.dir/xray-color-helper.cpp.o
[4407/4645] Building CXX object tools/llvm-strings/CMakeFiles/llvm-strings.dir/llvm-strings.cpp.o
[4408/4645] Building CXX object tools/llvm-rtdyld/CMakeFiles/llvm-rtdyld.dir/llvm-rtdyld.cpp.o
[4409/4645] Building CXX object tools/llvm-xray/CMakeFiles/llvm-xray.dir/xray-fdr-dump.cpp.o
[4410/4645] Building CXX object tools/llvm-tli-checker/CMakeFiles/llvm-tli-checker.dir/llvm-tli-checker.cpp.o
[4411/4645] Building CXX object tools/llvm-xray/CMakeFiles/llvm-xray.dir/xray-registry.cpp.o
[4412/4645] Building CXX object tools/llvm-xray/CMakeFiles/llvm-xray.dir/xray-extract.cpp.o
[4413/4645] Building CXX object tools/llvm-split/CMakeFiles/llvm-split.dir/llvm-split.cpp.o
[4414/4645] Building CXX object tools/llvm-xray/CMakeFiles/llvm-xray.dir/xray-converter.cpp.o
[4415/4645] Building CXX object tools/llvm-yaml-numeric-parser-fuzzer/CMakeFiles/llvm-yaml-numeric-parser-fuzzer.dir/DummyYAMLNumericParserFuzzer.cpp.o
[4416/4645] Building CXX object tools/llvm-yaml-parser-fuzzer/CMakeFiles/llvm-yaml-parser-fuzzer.dir/DummyYAMLParserFuzzer.cpp.o
[4417/4645] Building CXX object tools/llvm-yaml-numeric-parser-fuzzer/CMakeFiles/llvm-yaml-numeric-parser-fuzzer.dir/yaml-numeric-parser-fuzzer.cpp.o
[4418/4645] Building CXX object tools/llvm-yaml-parser-fuzzer/CMakeFiles/llvm-yaml-parser-fuzzer.dir/yaml-parser-fuzzer.cpp.o
[4419/4645] Building CXX object tools/llvm-xray/CMakeFiles/llvm-xray.dir/xray-graph-diff.cpp.o
[4420/4645] Building CXX object tools/llvm-xray/CMakeFiles/llvm-xray.dir/xray-graph.cpp.o
[4421/4645] Building CXX object tools/obj2yaml/CMakeFiles/obj2yaml.dir/obj2yaml.cpp.o
[4422/4645] Building CXX object tools/obj2yaml/CMakeFiles/obj2yaml.dir/archive2yaml.cpp.o
[4423/4645] Building CXX object tools/obj2yaml/CMakeFiles/obj2yaml.dir/dxcontainer2yaml.cpp.o
[4424/4645] Building CXX object tools/llvm-xray/CMakeFiles/llvm-xray.dir/xray-stacks.cpp.o
[4425/4645] Linking CXX static library lib/libLLVMOptDriver.a
[4426/4645] Building CXX object tools/obj2yaml/CMakeFiles/obj2yaml.dir/minidump2yaml.cpp.o
[4427/4645] Building CXX object tools/obj2yaml/CMakeFiles/obj2yaml.dir/coff2yaml.cpp.o
[4428/4645] Linking CXX shared library lib/libRemarks.23.0git.dylib
[4429/4645] Building CXX object tools/obj2yaml/CMakeFiles/obj2yaml.dir/dwarf2yaml.cpp.o
[4430/4645] Building CXX object tools/obj2yaml/CMakeFiles/obj2yaml.dir/offload2yaml.cpp.o
[4431/4645] Building CXX object tools/llvm-xray/CMakeFiles/llvm-xray.dir/xray-account.cpp.o
[4432/4645] Building CXX object tools/reduce-chunk-list/CMakeFiles/reduce-chunk-list.dir/reduce-chunk-list.cpp.o
[4433/4645] Building CXX object tools/obj2yaml/CMakeFiles/obj2yaml.dir/xcoff2yaml.cpp.o
[4434/4645] Building CXX object tools/sancov/CMakeFiles/sancov.dir/sancov-driver.cpp.o
[4435/4645] Building CXX object tools/obj2yaml/CMakeFiles/obj2yaml.dir/wasm2yaml.cpp.o
[4436/4645] Building CXX object tools/sanstats/CMakeFiles/sanstats.dir/sanstats.cpp.o
[4437/4645] Building CXX object tools/opt/CMakeFiles/opt.dir/opt.cpp.o
[4438/4645] Building CXX object tools/verify-uselistorder/CMakeFiles/verify-uselistorder.dir/verify-uselistorder.cpp.o
[4439/4645] Building CXX object tools/yaml2obj/CMakeFiles/yaml2obj.dir/yaml2obj.cpp.o
[4440/4645] Building CXX object tools/obj2yaml/CMakeFiles/obj2yaml.dir/macho2yaml.cpp.o
[4441/4645] Building CXX object tools/sancov/CMakeFiles/sancov.dir/sancov.cpp.o
[4442/4645] Building CXX object unittests/CodeGen/CGPluginTest/Plugin/CMakeFiles/CGTestPlugin.dir/CodeGenTestPass.cpp.o
[4443/4645] Building CXX object unittests/CodeGen/CGPluginTest/Plugin/CMakeFiles/CGTestPlugin.dir/Plugin.cpp.o
[4444/4645] Building CXX object examples/Bye/CMakeFiles/Bye.dir/Bye.cpp.o
[4445/4645] Linking CXX static library lib/libLLVMSupportLSP.a
[4446/4645] Linking CXX static library lib/libLLVMTableGenCommon.a
[4447/4645] Building CXX object examples/IRTransforms/CMakeFiles/ExampleIRTransforms.dir/SimplifyCFG.cpp.o
[4448/4645] Linking CXX static library lib/libLLVMFrontendOpenACC.a
[4449/4645] Copying sm83 linker script
[4450/4645] Assembling sm83 crt0 (ELF)
[4451/4645] Copying z80 linker script
[4452/4645] Assembling z80 crt0 (ELF)
[4453/4645] Assembling z80 crt0 (SDCC)
[4454/4645] Building CXX object unittests/Support/DynamicLibrary/CMakeFiles/DynamicLibraryLib.dir/ExportedFuncs.cpp.o
[4455/4645] Building CXX object unittests/Analysis/InlineAdvisorPlugin/CMakeFiles/InlineAdvisorPlugin.dir/InlineAdvisorPlugin.cpp.o
[4456/4645] Linking CXX static library lib/libLLVMTelemetry.a
[4457/4645] Creating sm83 runtime archive (ELF)
[4458/4645] Creating z80 runtime archive (ELF)
[4459/4645] Linking CXX executable bin/FileCheck
[4460/4645] Linking CXX executable bin/llvm-PerfectShuffle
[4461/4645] Linking CXX executable bin/count
[4462/4645] Linking CXX executable bin/not
[4463/4645] Linking CXX executable bin/UnicodeNameMappingGenerator
[4464/4645] Building CXX object unittests/Support/DynamicLibrary/CMakeFiles/SecondLib.dir/PipSqueak.cpp.o
[4465/4645] Linking CXX executable bin/yaml-bench
[4466/4645] Linking CXX static library lib/libllvm_gtest_main.a
[4467/4645] Building CXX object unittests/Support/DynamicLibrary/CMakeFiles/PipSqueak.dir/PipSqueak.cpp.o
[4468/4645] Generating ../../bin/llvm-ranlib
[4469/4645] Generating ../../bin/llvm-lib
[4470/4645] Generating ../../bin/llvm-dlltool
[4471/4645] Linking CXX executable bin/split-file
[4472/4645] Linking CXX executable bin/llvm-test-mustache-spec
[4473/4645] Linking CXX executable bin/llvm-config
[4474/4645] Linking CXX executable bin/llvm-ctxprof-util
[4475/4645] Linking CXX static library lib/libclangDynamicASTMatchers.a
[4476/4645] Linking CXX executable bin/llvm-profdata
[4477/4645] Creating z80 runtime archive (SDCC)
/Users/ravn/z80/z88dk/src/sdcc-build/bin/sdar: creating /Users/ravn/z80/llvm-z80-pre-pr40/build-macos-asserts/./lib/z80/z80_rt.lib
[4478/4645] Linking CXX executable bin/llvm-lto
[4479/4645] Linking CXX static library lib/libclangAnalysisFlowSensitiveModels.a
[4480/4645] Linking CXX static library lib/libclangToolingInclusionsStdlib.a
[4481/4645] Linking CXX static library lib/libclangTransformer.a
[4482/4645] Linking CXX shared library lib/libLTO.dylib
[4483/4645] Linking CXX static library lib/libclangDirectoryWatcher.a
[4484/4645] Linking CXX static library lib/libclangIndexSerialization.a
[4485/4645] Linking CXX shared module lib/SampleAnalyzerPlugin.dylib
[4486/4645] Linking CXX shared module lib/CheckerDependencyHandlingAnalyzerPlugin.dylib
[4487/4645] Linking CXX shared module lib/SSAFExamplePlugin.dylib
[4488/4645] Creating executable symlink bin/clang
[4489/4645] Linking CXX executable bin/lld
[4490/4645] Linking CXX static library lib/libclangHandleCXX.a
[4491/4645] Linking CXX static library lib/libclangHandleLLVM.a
[4492/4645] Linking CXX executable bin/clang-format
[4493/4645] Linking CXX executable bin/clang-fuzzer-dictionary
[4494/4645] Linking CXX shared module lib/CheckerOptionHandlingAnalyzerPlugin.dylib
[4495/4645] Linking CXX executable bin/diagtool
[4496/4645] Linking CXX executable bin/clang-offload-bundler
[4497/4645] Linking CXX executable bin/clang-linker-wrapper
[4498/4645] Linking CXX executable bin/clang-diff
[4499/4645] Linking CXX executable bin/clang-nvlink-wrapper
[4500/4645] Linking CXX executable bin/clang-ssaf-analyzer
[4501/4645] Linking CXX executable bin/clang-ssaf-format
[4502/4645] Linking CXX executable bin/clang-import-test
[4503/4645] Linking CXX executable bin/clang-sycl-linker
[4504/4645] Linking CXX executable bin/clang-ssaf-linker
[4505/4645] Linking CXX executable bin/apinotes-test
[4506/4645] Creating library symlink lib/libclang-cpp.dylib
[4507/4645] Linking CXX executable bin/clang-scan-deps
[4508/4645] Building CXX object unittests/Analysis/InlineOrderPlugin/CMakeFiles/InlineOrderPlugin.dir/InlineOrderPlugin.cpp.o
[4509/4645] Generating ../../../../bin/scan-build
[4510/4645] Linking CXX executable bin/clang-installapi
[4511/4645] Generating ../../../../bin/set-xcode-analyzer
[4512/4645] Generating ../../../../libexec/c++-analyzer
[4513/4645] Generating ../../../../libexec/ccc-analyzer
[4514/4645] Generating ../../../../share/man/man1/scan-build.1
[4515/4645] Generating ../../../../share/scan-build/scanview.css
[4516/4645] Generating ../../../../share/scan-build/sorttable.js
[4517/4645] Generating ../../../../bin/analyze-build
[4518/4645] Generating ../../../../bin/intercept-build
[4519/4645] Generating ../../../../bin/scan-build-py
[4520/4645] Generating ../../../../lib/libear/__init__.py
[4521/4645] Generating ../../../../lib/libear/config.h.in
[4522/4645] Generating ../../../../lib/libear/ear.c
[4523/4645] Linking CXX executable bin/clang-refactor
[4524/4645] Generating ../../../../lib/libscanbuild/__init__.py
[4525/4645] Generating ../../../../lib/libscanbuild/analyze.py
[4526/4645] Linking CXX executable bin/c-index-test
[4527/4645] Generating ../../../../lib/libscanbuild/arguments.py
[4528/4645] Generating ../../../../lib/libscanbuild/clang.py
[4529/4645] Generating ../../../../lib/libscanbuild/compilation.py
[4530/4645] Generating ../../../../lib/libscanbuild/intercept.py
[4531/4645] Generating ../../../../lib/libscanbuild/report.py
[4532/4645] Generating ../../../../lib/libscanbuild/resources/scanview.css
[4533/4645] Generating ../../../../lib/libscanbuild/shell.py
[4534/4645] Generating ../../../../lib/libscanbuild/resources/selectable.js
[4535/4645] Generating ../../../../lib/libscanbuild/resources/sorttable.js
[4536/4645] Generating ../../../../libexec/analyze-c++
[4537/4645] Generating ../../../../libexec/intercept-c++
[4538/4645] Generating ../../../../libexec/analyze-cc
[4539/4645] Generating ../../../../bin/scan-view
[4540/4645] Generating ../../../../libexec/intercept-cc
[4541/4645] Generating ../../../../share/scan-view/ScanView.py
[4542/4645] Generating ../../../../share/scan-view/Reporter.py
[4543/4645] Generating ../../../../share/scan-view/bugcatcher.ico
[4544/4645] Generating ../../../../share/scan-view/startfile.py
[4545/4645] Linking CXX executable bin/offload-arch
[4546/4645] Linking CXX executable bin/clang-extdef-mapping
[4547/4645] Linking CXX executable bin/clang-repl
[4548/4645] Linking CXX executable bin/lli-child-target
[4549/4645] Linking CXX executable bin/llubi
[4550/4645] Linking CXX executable bin/clang-check
[4551/4645] Linking CXX executable bin/llvm-as
[4552/4645] Linking CXX executable bin/llvm-cas
[4553/4645] Linking CXX executable bin/llvm-cas-fuzzer
[4554/4645] Linking CXX executable bin/llvm-bcanalyzer
[4555/4645] Linking CXX executable bin/lli
[4556/4645] Linking CXX executable bin/dsymutil
[4557/4645] Linking CXX executable bin/llvm-cat
[4558/4645] Linking CXX executable bin/llvm-cgdata
[4559/4645] Linking CXX executable bin/llvm-cfi-verify
[4560/4645] Linking CXX executable bin/llc
[4561/4645] Linking CXX executable bin/llvm-cvtres
[4562/4645] Linking CXX executable bin/llvm-cxxfilt
[4563/4645] Linking CXX executable bin/llvm-cxxdump
[4564/4645] Linking CXX executable bin/llvm-cxxmap
[4565/4645] Linking CXX executable bin/llvm-cov
[4566/4645] Linking CXX executable bin/llvm-debuginfod
[4567/4645] Linking CXX executable bin/llvm-c-test
[4568/4645] Linking CXX executable bin/llvm-debuginfod-find
[4569/4645] Linking CXX executable bin/llvm-dlang-demangle-fuzzer
[4570/4645] Linking CXX executable bin/llvm-dis
[4571/4645] Linking CXX executable bin/llvm-debuginfo-analyzer
[4572/4645] Linking CXX executable bin/llvm-diff
[4573/4645] Linking CXX executable bin/llvm-gpu-loader
[4574/4645] Linking CXX executable bin/llvm-dwp
[4575/4645] Linking CXX executable bin/llvm-ifs
[4576/4645] Linking CXX executable bin/llvm-itanium-demangle-fuzzer
[4577/4645] Linking CXX executable bin/llvm-exegesis
[4578/4645] Linking CXX executable bin/llvm-jitlink-executor
[4579/4645] Linking CXX executable bin/llvm-extract
[4580/4645] Linking CXX executable bin/llvm-dwarfutil
[4581/4645] Linking CXX executable bin/llvm-ir2vec
[4582/4645] Linking CXX executable bin/llvm-isel-fuzzer
[4583/4645] Linking CXX executable bin/llvm-gsymutil
[4584/4645] Linking CXX executable bin/llvm-microsoft-demangle-fuzzer
[4585/4645] Linking CXX executable bin/llvm-mca
[4586/4645] Generating ../../bin/llvm-ml64
[4587/4645] Linking CXX executable bin/llvm-jitlink
[4588/4645] Generating ../../bin/llvm-install-name-tool
[4589/4645] Linking CXX executable bin/llvm-link
[4590/4645] Linking CXX executable bin/llvm-libtool-darwin
[4591/4645] Generating ../../bin/llvm-bitcode-strip
[4592/4645] Generating ../../bin/llvm-strip
[4593/4645] Generating ../../bin/llvm-extract-bundle-entry
[4594/4645] Linking CXX executable bin/llvm-lipo
[4595/4645] Generating ../../bin/llvm-otool
[4596/4645] Generating ../../bin/clang-offload-packager
[4597/4645] Linking CXX executable bin/llvm-modextract
[4598/4645] Linking CXX executable bin/llvm-nm
[4599/4645] Generating ../../bin/llvm-windres
[4600/4645] Generating ../../bin/llvm-readelf
[4601/4645] Linking CXX executable bin/llvm-opt-report
[4602/4645] Linking CXX executable bin/llvm-offload-wrapper
[4603/4645] Linking CXX executable bin/llvm-remarkutil
[4604/4645] Linking CXX executable bin/llvm-pdbutil
[4605/4645] Linking CXX executable bin/llvm-readtapi
[4606/4645] Linking CXX executable bin/llvm-lto2
[4607/4645] Linking CXX executable bin/llvm-rust-demangle-fuzzer
[4608/4645] Linking CXX executable bin/llvm-rtdyld
[4609/4645] Linking CXX executable bin/llvm-profgen
[4610/4645] Linking CXX executable bin/llvm-size
[4611/4645] Linking CXX executable bin/llvm-sim
[4612/4645] Linking CXX executable bin/llvm-special-case-list-fuzzer
[4613/4645] Generating ../../bin/llvm-addr2line
[4614/4645] Linking CXX executable bin/llvm-undname
[4615/4645] Linking CXX executable bin/llvm-strings
[4616/4645] Linking CXX executable bin/llvm-stress
[4617/4645] Linking CXX executable bin/llvm-yaml-numeric-parser-fuzzer
[4618/4645] Linking CXX executable bin/llvm-tli-checker
[4619/4645] Linking CXX executable bin/llvm-yaml-parser-fuzzer
[4620/4645] Creating library symlink lib/libRemarks.dylib
[4621/4645] Linking CXX executable bin/llvm-xray
[4622/4645] Linking CXX executable bin/llvm-opt-fuzzer
[4623/4645] Linking CXX executable bin/reduce-chunk-list
[4624/4645] Linking CXX executable bin/llvm-split
[4625/4645] Linking CXX executable bin/llvm-reduce
[4626/4645] Linking CXX executable bin/sancov
[4627/4645] Linking CXX executable bin/sanstats
[4628/4645] Linking CXX shared module lib/ExampleIRTransforms.dylib
[4629/4645] Linking CXX shared module lib/Bye.dylib
[4630/4645] Linking CXX shared module unittests/Analysis/InlineOrderPlugin.dylib
[4631/4645] Linking CXX shared module unittests/Analysis/InlineAdvisorPlugin.dylib
[4632/4645] Linking CXX executable bin/verify-uselistorder
[4633/4645] Linking CXX executable bin/yaml2obj
[4634/4645] Linking CXX static library lib/libDynamicLibraryLib.a
[4635/4645] Copying llvm-locstats into /Users/ravn/z80/llvm-z80-pre-pr40/build-macos-asserts/./bin
[4636/4645] Linking CXX shared module lib/CGTestPlugin.dylib
[4637/4645] Linking CXX shared module unittests/Support/DynamicLibrary/SecondLib.dylib
[4638/4645] Linking CXX shared module unittests/Support/DynamicLibrary/PipSqueak.dylib
[4639/4645] Linking CXX executable bin/opt
[4640/4645] Building CXX object unittests/Passes/Plugins/TestPlugin/CMakeFiles/TestPlugin.dir/TestPlugin.cpp.o
[4641/4645] Linking CXX shared module unittests/Passes/Plugins/TestPlugin.dylib
[4642/4645] Building CXX object unittests/Passes/Plugins/DoublerPlugin/CMakeFiles/DoublerPlugin.dir/DoublerPlugin.cpp.o
[4643/4645] Linking CXX shared module unittests/Passes/Plugins/DoublerPlugin.dylib
[4644/4645] Building CXX object tools/obj2yaml/CMakeFiles/obj2yaml.dir/elf2yaml.cpp.o
[4645/4645] Linking CXX executable bin/obj2yaml
