ninja: Entering directory `/Users/ravn/z80/llvm-z80/build-pre-upstream-merge'
[1/3418] Building CXX object lib/Demangle/CMakeFiles/LLVMDemangle.dir/Demangle.cpp.o
[2/3418] Building CXX object lib/Demangle/CMakeFiles/LLVMDemangle.dir/MicrosoftDemangleNodes.cpp.o
[3/3418] Building CXX object lib/Demangle/CMakeFiles/LLVMDemangle.dir/MicrosoftDemangle.cpp.o
[4/3418] Building CXX object lib/Support/CMakeFiles/LLVMSupport.dir/ABIBreak.cpp.o
[5/3418] Building CXX object lib/Demangle/CMakeFiles/LLVMDemangle.dir/DLangDemangle.cpp.o
[6/3418] Building CXX object lib/Demangle/CMakeFiles/LLVMDemangle.dir/RustDemangle.cpp.o
[7/3418] Building CXX object lib/Support/CMakeFiles/LLVMSupport.dir/APFixedPoint.cpp.o
[8/3418] Building CXX object lib/Support/CMakeFiles/LLVMSupport.dir/AMDGPUMetadata.cpp.o
[9/3418] Building CXX object lib/Demangle/CMakeFiles/LLVMDemangle.dir/ItaniumDemangle.cpp.o
[10/3418] Linking CXX static library lib/libLLVMDemangle.a
[11/3418] Building CXX object lib/Support/CMakeFiles/LLVMSupport.dir/APSInt.cpp.o
[12/3418] Building CXX object lib/Support/CMakeFiles/LLVMSupport.dir/ARMBuildAttributes.cpp.o
[13/3418] Building CXX object lib/Support/CMakeFiles/LLVMSupport.dir/AArch64AttributeParser.cpp.o
[14/3418] Building CXX object lib/Support/CMakeFiles/LLVMSupport.dir/AArch64BuildAttributes.cpp.o
[15/3418] Building CXX object lib/Support/CMakeFiles/LLVMSupport.dir/APInt.cpp.o
[16/3418] Building CXX object lib/Support/CMakeFiles/LLVMSupport.dir/ARMWinEH.cpp.o
[17/3418] Building CXX object lib/Support/CMakeFiles/LLVMSupport.dir/APFloat.cpp.o
[18/3418] Building CXX object lib/Support/CMakeFiles/LLVMSupport.dir/AutoConvert.cpp.o
[19/3418] Building CXX object lib/Support/CMakeFiles/LLVMSupport.dir/AllocToken.cpp.o
[20/3418] Building CXX object lib/Support/CMakeFiles/LLVMSupport.dir/Allocator.cpp.o
[21/3418] Building CXX object lib/Support/CMakeFiles/LLVMSupport.dir/ARMAttributeParser.cpp.o
[22/3418] Building CXX object lib/Support/CMakeFiles/LLVMSupport.dir/Base64.cpp.o
[23/3418] Building CXX object lib/Support/CMakeFiles/LLVMSupport.dir/BinaryStreamError.cpp.o
[24/3418] Building CXX object lib/Support/CMakeFiles/LLVMSupport.dir/BinaryStreamRef.cpp.o
[25/3418] Building CXX object lib/Support/CMakeFiles/LLVMSupport.dir/BinaryStreamReader.cpp.o
[26/3418] Building CXX object lib/Support/CMakeFiles/LLVMSupport.dir/BalancedPartitioning.cpp.o
[27/3418] Building CXX object lib/Support/CMakeFiles/LLVMSupport.dir/BinaryStreamWriter.cpp.o
[28/3418] Building CXX object lib/Support/CMakeFiles/LLVMSupport.dir/BuryPointer.cpp.o
[29/3418] Building CXX object lib/Support/CMakeFiles/LLVMSupport.dir/BlockFrequency.cpp.o
[30/3418] Building CXX object lib/Support/CMakeFiles/LLVMSupport.dir/BranchProbability.cpp.o
[31/3418] Building CXX object lib/Support/CMakeFiles/LLVMSupport.dir/circular_raw_ostream.cpp.o
[32/3418] Building CXX object lib/Support/CMakeFiles/LLVMSupport.dir/COM.cpp.o
[33/3418] Building CXX object lib/Support/CMakeFiles/LLVMSupport.dir/Chrono.cpp.o
[34/3418] Building CXX object lib/Support/CMakeFiles/LLVMSupport.dir/CachePruning.cpp.o
[35/3418] Building CXX object lib/Support/CMakeFiles/LLVMSupport.dir/Caching.cpp.o
[36/3418] Building CXX object lib/Support/CMakeFiles/LLVMSupport.dir/CRC.cpp.o
[37/3418] Building CXX object lib/Support/CMakeFiles/LLVMSupport.dir/CodeGenCoverage.cpp.o
[38/3418] Building CXX object lib/Support/CMakeFiles/LLVMSupport.dir/Compression.cpp.o
[39/3418] Building CXX object lib/Support/CMakeFiles/LLVMSupport.dir/ConvertUTF.cpp.o
[40/3418] Building CXX object lib/Support/CMakeFiles/LLVMSupport.dir/ConvertEBCDIC.cpp.o
[41/3418] Building CXX object lib/Support/CMakeFiles/LLVMSupport.dir/ConvertUTFWrapper.cpp.o
[42/3418] Building CXX object lib/Support/CMakeFiles/LLVMSupport.dir/CrashRecoveryContext.cpp.o
[43/3418] Building CXX object lib/Support/CMakeFiles/LLVMSupport.dir/CSKYAttributes.cpp.o
[44/3418] Building CXX object lib/Support/CMakeFiles/LLVMSupport.dir/CSKYAttributeParser.cpp.o
[45/3418] Building CXX object lib/Support/CMakeFiles/LLVMSupport.dir/CommandLine.cpp.o
[46/3418] Building CXX object lib/Support/CMakeFiles/LLVMSupport.dir/DataExtractor.cpp.o
[47/3418] Building CXX object lib/Support/CMakeFiles/LLVMSupport.dir/Debug.cpp.o
[48/3418] Building CXX object lib/Support/CMakeFiles/LLVMSupport.dir/DeltaTree.cpp.o
[49/3418] Building CXX object lib/Support/CMakeFiles/LLVMSupport.dir/DivisionByConstantInfo.cpp.o
[50/3418] Building CXX object lib/Support/CMakeFiles/LLVMSupport.dir/DeltaAlgorithm.cpp.o
[51/3418] Building CXX object lib/Support/CMakeFiles/LLVMSupport.dir/DebugCounter.cpp.o
[52/3418] Building CXX object lib/Support/CMakeFiles/LLVMSupport.dir/DJB.cpp.o
[53/3418] Building CXX object lib/Support/CMakeFiles/LLVMSupport.dir/DXILABI.cpp.o
[54/3418] Building CXX object lib/Support/CMakeFiles/LLVMSupport.dir/DAGDeltaAlgorithm.cpp.o
[55/3418] Building CXX object lib/Support/CMakeFiles/LLVMSupport.dir/DynamicAPInt.cpp.o
[56/3418] Building CXX object lib/Support/CMakeFiles/LLVMSupport.dir/ELFAttributes.cpp.o
[57/3418] Building CXX object lib/Support/CMakeFiles/LLVMSupport.dir/Error.cpp.o
[58/3418] Building CXX object lib/Support/CMakeFiles/LLVMSupport.dir/ELFAttrParserCompact.cpp.o
[59/3418] Building CXX object lib/Support/CMakeFiles/LLVMSupport.dir/ExtensibleRTTI.cpp.o
[60/3418] Building CXX object lib/Support/CMakeFiles/LLVMSupport.dir/ELFAttrParserExtended.cpp.o
[61/3418] Building CXX object lib/Support/CMakeFiles/LLVMSupport.dir/ErrorHandling.cpp.o
[62/3418] Building CXX object lib/Support/CMakeFiles/LLVMSupport.dir/ExponentialBackoff.cpp.o
[63/3418] Building CXX object lib/Support/CMakeFiles/LLVMSupport.dir/FileCollector.cpp.o
[64/3418] Building CXX object lib/Support/CMakeFiles/LLVMSupport.dir/FileUtilities.cpp.o
[65/3418] Building CXX object lib/Support/CMakeFiles/LLVMSupport.dir/FileOutputBuffer.cpp.o
[66/3418] Building CXX object lib/Support/CMakeFiles/LLVMSupport.dir/FloatingPointMode.cpp.o
[67/3418] Building CXX object lib/Support/CMakeFiles/LLVMSupport.dir/FormattedStream.cpp.o
[68/3418] Building CXX object lib/Support/CMakeFiles/LLVMSupport.dir/FoldingSet.cpp.o
[69/3418] Building CXX object lib/Support/CMakeFiles/LLVMSupport.dir/FormatVariadic.cpp.o
[70/3418] Building CXX object lib/Support/CMakeFiles/LLVMSupport.dir/HexagonAttributeParser.cpp.o
[71/3418] Building CXX object lib/Support/CMakeFiles/LLVMSupport.dir/HexagonAttributes.cpp.o
[72/3418] Building CXX object lib/Support/CMakeFiles/LLVMSupport.dir/GraphWriter.cpp.o
[73/3418] Building CXX object lib/Support/CMakeFiles/LLVMSupport.dir/GlobPattern.cpp.o
[74/3418] Building CXX object lib/Support/CMakeFiles/LLVMSupport.dir/InitLLVM.cpp.o
[75/3418] Building CXX object lib/Support/CMakeFiles/LLVMSupport.dir/InstructionCost.cpp.o
[76/3418] Building CXX object lib/Support/CMakeFiles/LLVMSupport.dir/IntEqClasses.cpp.o
[77/3418] Building CXX object lib/Support/CMakeFiles/LLVMSupport.dir/IntervalMap.cpp.o
[78/3418] Building CXX object lib/Support/CMakeFiles/LLVMSupport.dir/Jobserver.cpp.o
[79/3418] Building CXX object lib/Support/CMakeFiles/LLVMSupport.dir/KnownFPClass.cpp.o
[80/3418] Building CXX object lib/Support/CMakeFiles/LLVMSupport.dir/KnownBits.cpp.o
[81/3418] Building CXX object lib/Support/CMakeFiles/LLVMSupport.dir/LEB128.cpp.o
[82/3418] Building CXX object lib/Support/CMakeFiles/LLVMSupport.dir/JSON.cpp.o
[83/3418] Building CXX object lib/Support/CMakeFiles/LLVMSupport.dir/Locale.cpp.o
[84/3418] Building CXX object lib/Support/CMakeFiles/LLVMSupport.dir/LineIterator.cpp.o
[85/3418] Building CXX object lib/Support/CMakeFiles/LLVMSupport.dir/MemAlloc.cpp.o
[86/3418] Building CXX object lib/Support/CMakeFiles/LLVMSupport.dir/ManagedStatic.cpp.o
[87/3418] Building CXX object lib/Support/CMakeFiles/LLVMSupport.dir/MathExtras.cpp.o
[88/3418] Building CXX object lib/Support/CMakeFiles/LLVMSupport.dir/LockFileManager.cpp.o
[89/3418] Building CXX object lib/Support/CMakeFiles/LLVMSupport.dir/MemoryBufferRef.cpp.o
[90/3418] Building CXX object lib/Support/CMakeFiles/LLVMSupport.dir/MemoryBuffer.cpp.o
[91/3418] Building CXX object lib/Support/CMakeFiles/LLVMSupport.dir/ModRef.cpp.o
[92/3418] Building CXX object lib/Support/CMakeFiles/LLVMSupport.dir/MD5.cpp.o
[93/3418] Building CXX object lib/Support/CMakeFiles/LLVMSupport.dir/MSP430Attributes.cpp.o
[94/3418] Building CXX object lib/Support/CMakeFiles/LLVMSupport.dir/MSP430AttributeParser.cpp.o
[95/3418] Building CXX object lib/Support/CMakeFiles/LLVMSupport.dir/NativeFormatting.cpp.o
[96/3418] Building CXX object lib/Support/CMakeFiles/LLVMSupport.dir/OptimizedStructLayout.cpp.o
[97/3418] Building CXX object lib/Support/CMakeFiles/LLVMSupport.dir/Optional.cpp.o
[98/3418] Building CXX object lib/Support/CMakeFiles/LLVMSupport.dir/Mustache.cpp.o
[99/3418] Building CXX object lib/Support/CMakeFiles/LLVMSupport.dir/OptionStrCmp.cpp.o
[100/3418] Building CXX object lib/Support/CMakeFiles/LLVMSupport.dir/PGOOptions.cpp.o
[101/3418] Building CXX object lib/Support/CMakeFiles/LLVMSupport.dir/PluginLoader.cpp.o
[102/3418] Building CXX object lib/Support/CMakeFiles/LLVMSupport.dir/PrettyStackTrace.cpp.o
[103/3418] Building CXX object lib/Support/CMakeFiles/LLVMSupport.dir/Parallel.cpp.o
[104/3418] Building CXX object lib/Support/CMakeFiles/LLVMSupport.dir/RewriteBuffer.cpp.o
[105/3418] Building CXX object lib/Support/CMakeFiles/LLVMSupport.dir/Regex.cpp.o
[106/3418] Building CXX object lib/Support/CMakeFiles/LLVMSupport.dir/IntegerInclusiveInterval.cpp.o
[107/3418] Building CXX object lib/Support/CMakeFiles/LLVMSupport.dir/RandomNumberGenerator.cpp.o
[108/3418] Building CXX object lib/Support/CMakeFiles/LLVMSupport.dir/RISCVAttributes.cpp.o
[109/3418] Building CXX object lib/Support/CMakeFiles/LLVMSupport.dir/RewriteRope.cpp.o
[110/3418] Building CXX object lib/Support/CMakeFiles/LLVMSupport.dir/RISCVISAUtils.cpp.o
[111/3418] Building CXX object lib/Support/CMakeFiles/LLVMSupport.dir/RISCVAttributeParser.cpp.o
[112/3418] Building CXX object lib/Support/CMakeFiles/LLVMSupport.dir/ScaledNumber.cpp.o
[113/3418] Building CXX object lib/Support/CMakeFiles/LLVMSupport.dir/SHA1.cpp.o
[114/3418] Building CXX object lib/Support/CMakeFiles/LLVMSupport.dir/SHA256.cpp.o
[115/3418] Building CXX object lib/Support/CMakeFiles/LLVMSupport.dir/ScopedPrinter.cpp.o
[116/3418] Building CXX object lib/Support/CMakeFiles/LLVMSupport.dir/SipHash.cpp.o
[117/3418] Building CXX object lib/Support/CMakeFiles/LLVMSupport.dir/Signposts.cpp.o
[118/3418] Building CXX object lib/Support/CMakeFiles/LLVMSupport.dir/SlowDynamicAPInt.cpp.o
[119/3418] Building CXX object lib/Support/CMakeFiles/LLVMSupport.dir/SmallPtrSet.cpp.o
[120/3418] Building CXX object lib/Support/CMakeFiles/LLVMSupport.dir/SmallVector.cpp.o
[121/3418] Building CXX object lib/Support/CMakeFiles/LLVMSupport.dir/StringExtras.cpp.o
[122/3418] Building CXX object lib/Support/CMakeFiles/LLVMSupport.dir/SourceMgr.cpp.o
[123/3418] Building CXX object lib/Support/CMakeFiles/LLVMSupport.dir/Statistic.cpp.o
[124/3418] Building CXX object lib/Support/CMakeFiles/LLVMSupport.dir/StringMap.cpp.o
[125/3418] Building CXX object lib/Support/CMakeFiles/LLVMSupport.dir/SpecialCaseList.cpp.o
[126/3418] Building CXX object lib/Support/CMakeFiles/LLVMSupport.dir/StringSaver.cpp.o
[127/3418] Building CXX object lib/Support/CMakeFiles/LLVMSupport.dir/SuffixTreeNode.cpp.o
[128/3418] Building CXX object lib/Support/CMakeFiles/LLVMSupport.dir/SystemUtils.cpp.o
[129/3418] Building CXX object lib/Support/CMakeFiles/LLVMSupport.dir/StringRef.cpp.o
[130/3418] Building CXX object lib/Support/CMakeFiles/LLVMSupport.dir/SuffixTree.cpp.o
[131/3418] Building CXX object lib/Support/CMakeFiles/LLVMSupport.dir/TarWriter.cpp.o
[132/3418] Building CXX object lib/Support/CMakeFiles/LLVMSupport.dir/TextEncoding.cpp.o
[133/3418] Building CXX object lib/Support/CMakeFiles/LLVMSupport.dir/ThreadPool.cpp.o
[134/3418] Building CXX object lib/Support/CMakeFiles/LLVMSupport.dir/ToolOutputFile.cpp.o
[135/3418] Building CXX object lib/Support/CMakeFiles/LLVMSupport.dir/TimeProfiler.cpp.o
[136/3418] Building CXX object lib/Support/CMakeFiles/LLVMSupport.dir/Timer.cpp.o
[137/3418] Building CXX object lib/Support/CMakeFiles/LLVMSupport.dir/Twine.cpp.o
[138/3418] Building CXX object lib/Support/CMakeFiles/LLVMSupport.dir/TrieRawHashMap.cpp.o
[139/3418] Building CXX object lib/Support/CMakeFiles/LLVMSupport.dir/Unicode.cpp.o
[140/3418] Building CXX object lib/Support/CMakeFiles/LLVMSupport.dir/UnicodeCaseFold.cpp.o
[141/3418] Building CXX object lib/Support/CMakeFiles/LLVMSupport.dir/UnicodeNameToCodepointGenerated.cpp.o
[142/3418] Building CXX object lib/Support/CMakeFiles/LLVMSupport.dir/VersionTuple.cpp.o
[143/3418] Building CXX object lib/Support/CMakeFiles/LLVMSupport.dir/UnicodeNameToCodepoint.cpp.o
[144/3418] Building CXX object lib/Support/CMakeFiles/LLVMSupport.dir/VirtualOutputBackend.cpp.o
[145/3418] Building CXX object lib/Support/CMakeFiles/LLVMSupport.dir/VirtualOutputConfig.cpp.o
[146/3418] Building CXX object lib/Support/CMakeFiles/LLVMSupport.dir/VirtualOutputError.cpp.o
[147/3418] Building CXX object lib/Support/CMakeFiles/LLVMSupport.dir/VirtualOutputBackends.cpp.o
[148/3418] Building CXX object lib/Support/CMakeFiles/LLVMSupport.dir/VirtualOutputFile.cpp.o
[149/3418] Building CXX object lib/Support/CMakeFiles/LLVMSupport.dir/Win64EH.cpp.o
[150/3418] Building CXX object lib/Support/CMakeFiles/LLVMSupport.dir/WithColor.cpp.o
[151/3418] Building CXX object lib/Support/CMakeFiles/LLVMSupport.dir/VirtualFileSystem.cpp.o
[152/3418] Building CXX object lib/Support/CMakeFiles/LLVMSupport.dir/raw_os_ostream.cpp.o
[153/3418] Building CXX object lib/Support/CMakeFiles/LLVMSupport.dir/YAMLTraits.cpp.o
[154/3418] Building CXX object lib/Support/CMakeFiles/LLVMSupport.dir/YAMLParser.cpp.o
[155/3418] Building CXX object lib/Support/CMakeFiles/LLVMSupport.dir/raw_ostream_proxy.cpp.o
[156/3418] Building CXX object lib/Support/CMakeFiles/LLVMSupport.dir/raw_ostream.cpp.o
[157/3418] Building C object lib/Support/CMakeFiles/LLVMSupport.dir/regerror.c.o
[158/3418] Building C object lib/Support/CMakeFiles/LLVMSupport.dir/regfree.c.o
[159/3418] Building C object lib/Support/CMakeFiles/LLVMSupport.dir/regcomp.c.o
[160/3418] Building C object lib/Support/CMakeFiles/LLVMSupport.dir/regstrlcpy.c.o
[161/3418] Building C object lib/Support/CMakeFiles/LLVMSupport.dir/regexec.c.o
[162/3418] Building CXX object lib/Support/CMakeFiles/LLVMSupport.dir/Atomic.cpp.o
[163/3418] Building CXX object lib/Support/CMakeFiles/LLVMSupport.dir/raw_socket_stream.cpp.o
[164/3418] Building CXX object lib/Support/CMakeFiles/LLVMSupport.dir/Z3Solver.cpp.o
[165/3418] Building CXX object lib/Support/CMakeFiles/LLVMSupport.dir/xxhash.cpp.o
[166/3418] Building CXX object lib/Support/CMakeFiles/LLVMSupport.dir/DynamicLibrary.cpp.o
[167/3418] Building CXX object lib/Support/CMakeFiles/LLVMSupport.dir/Errno.cpp.o
[168/3418] Building CXX object lib/Support/CMakeFiles/LLVMSupport.dir/Memory.cpp.o
[169/3418] Building CXX object lib/Support/CMakeFiles/LLVMSupport.dir/Process.cpp.o
[170/3418] Building CXX object lib/Support/CMakeFiles/LLVMSupport.dir/Program.cpp.o
[171/3418] Building CXX object lib/Support/CMakeFiles/LLVMSupport.dir/ProgramStack.cpp.o
[172/3418] Building CXX object lib/Support/CMakeFiles/LLVMSupport.dir/Path.cpp.o
[173/3418] Building CXX object lib/Support/CMakeFiles/LLVMSupport.dir/Valgrind.cpp.o
[174/3418] Building CXX object lib/Support/CMakeFiles/LLVMSupport.dir/RWMutex.cpp.o
[175/3418] Building CXX object lib/Support/CMakeFiles/LLVMSupport.dir/Watchdog.cpp.o
[176/3418] Building CXX object lib/Support/CMakeFiles/LLVMSupport.dir/zOSLibFunctions.cpp.o
[177/3418] Building C object lib/Support/BLAKE3/CMakeFiles/LLVMSupportBlake3.dir/blake3_dispatch.c.o
[178/3418] Building C object lib/Support/BLAKE3/CMakeFiles/LLVMSupportBlake3.dir/blake3.c.o
[179/3418] Building C object lib/Support/BLAKE3/CMakeFiles/LLVMSupportBlake3.dir/blake3_portable.c.o
[180/3418] Building C object lib/Support/BLAKE3/CMakeFiles/LLVMSupportBlake3.dir/blake3_neon.c.o
[181/3418] Building CXX object lib/Support/CMakeFiles/LLVMSupport.dir/Threading.cpp.o
[182/3418] Building CXX object lib/Support/CMakeFiles/LLVMSupport.dir/Signals.cpp.o
[183/3418] Linking CXX static library lib/libLLVMSupport.a
libtool: warning: 'AutoConvert.cpp.o' has no symbols
libtool: warning: 'zOSLibFunctions.cpp.o' has no symbols
[184/3418] Building CXX object lib/TableGen/CMakeFiles/LLVMTableGen.dir/Error.cpp.o
[185/3418] Building CXX object lib/TableGen/CMakeFiles/LLVMTableGen.dir/DetailedRecordsBackend.cpp.o
[186/3418] Building CXX object lib/TableGen/CMakeFiles/LLVMTableGen.dir/JSONBackend.cpp.o
[187/3418] Building CXX object lib/TableGen/CMakeFiles/LLVMTableGen.dir/Parser.cpp.o
[188/3418] Building CXX object lib/TableGen/CMakeFiles/LLVMTableGen.dir/Main.cpp.o
[189/3418] Building CXX object lib/TableGen/CMakeFiles/LLVMTableGen.dir/SetTheory.cpp.o
[190/3418] Building CXX object lib/TableGen/CMakeFiles/LLVMTableGen.dir/StringMatcher.cpp.o
[191/3418] Building CXX object lib/TableGen/CMakeFiles/LLVMTableGen.dir/StringToOffsetTable.cpp.o
[192/3418] Building CXX object lib/TableGen/CMakeFiles/LLVMTableGen.dir/TableGenBackend.cpp.o
[193/3418] Building CXX object lib/TableGen/CMakeFiles/LLVMTableGen.dir/TableGenBackendSkeleton.cpp.o
[194/3418] Building CXX object lib/TableGen/CMakeFiles/LLVMTableGen.dir/TGLexer.cpp.o
[195/3418] Building CXX object utils/TableGen/CMakeFiles/llvm-min-tblgen.dir/llvm-min-tblgen.cpp.o
[196/3418] Building CXX object lib/TableGen/CMakeFiles/LLVMTableGen.dir/TGTimer.cpp.o
[197/3418] Building CXX object lib/TableGen/CMakeFiles/LLVMTableGen.dir/Record.cpp.o
[198/3418] Building CXX object utils/TableGen/Basic/CMakeFiles/obj.LLVMTableGenBasic.dir/Attributes.cpp.o
[199/3418] Building CXX object utils/TableGen/Basic/CMakeFiles/obj.LLVMTableGenBasic.dir/ARMTargetDefEmitter.cpp.o
[200/3418] Building CXX object lib/TableGen/CMakeFiles/LLVMTableGen.dir/TGParser.cpp.o
[201/3418] Linking CXX static library lib/libLLVMTableGen.a
[202/3418] Building CXX object utils/TableGen/Basic/CMakeFiles/obj.LLVMTableGenBasic.dir/CodeGenIntrinsics.cpp.o
[203/3418] Building CXX object utils/TableGen/Basic/CMakeFiles/obj.LLVMTableGenBasic.dir/DirectiveEmitter.cpp.o
[204/3418] Building CXX object utils/TableGen/Basic/CMakeFiles/obj.LLVMTableGenBasic.dir/RISCVTargetDefEmitter.cpp.o
[205/3418] Building CXX object utils/TableGen/Basic/CMakeFiles/obj.LLVMTableGenBasic.dir/IntrinsicEmitter.cpp.o
[206/3418] Building CXX object utils/TableGen/Basic/CMakeFiles/obj.LLVMTableGenBasic.dir/RuntimeLibcallsEmitter.cpp.o
[207/3418] Building CXX object utils/TableGen/Basic/CMakeFiles/obj.LLVMTableGenBasic.dir/SDNodeProperties.cpp.o
[208/3418] Building CXX object utils/TableGen/Basic/CMakeFiles/obj.LLVMTableGenBasic.dir/TableGen.cpp.o
[209/3418] Building CXX object utils/TableGen/Basic/CMakeFiles/obj.LLVMTableGenBasic.dir/RuntimeLibcalls.cpp.o
[210/3418] Building CXX object utils/TableGen/Basic/CMakeFiles/obj.LLVMTableGenBasic.dir/TargetFeaturesEmitter.cpp.o
[211/3418] Generating VCSRevision.h
[212/3418] Building CXX object utils/TableGen/Basic/CMakeFiles/obj.LLVMTableGenBasic.dir/VTEmitter.cpp.o
[213/3418] Building CXX object utils/TableGen/Basic/CMakeFiles/obj.LLVMTableGenBasic.dir/TargetLibraryInfoEmitter.cpp.o
[214/3418] Linking CXX executable bin/llvm-min-tblgen
[215/3418] Building CXX object lib/Bitstream/Reader/CMakeFiles/LLVMBitstreamReader.dir/BitstreamReader.cpp.o
[216/3418] Building CXX object lib/DebugInfo/MSF/CMakeFiles/LLVMDebugInfoMSF.dir/MappedBlockStream.cpp.o
[217/3418] Building PPCGenTargetFeatures.inc...
[218/3418] Building ARMTargetParserDef.inc...
[219/3418] Building Attributes.inc...
[220/3418] Building AArch64TargetParserDef.inc...
[221/3418] Building CXX object lib/DebugInfo/MSF/CMakeFiles/LLVMDebugInfoMSF.dir/MSFBuilder.cpp.o
[222/3418] Building IntrinsicEnums.inc...
[223/3418] Building IntrinsicImpl.inc...
[224/3418] Building IntrinsicsAArch64.h...
[225/3418] Building IntrinsicsAMDGPU.h...
[226/3418] Building IntrinsicsARM.h...
[227/3418] Building IntrinsicsBPF.h...
[228/3418] Building IntrinsicsDirectX.h...
[229/3418] Building IntrinsicsHexagon.h...
[230/3418] Building IntrinsicsLoongArch.h...
[231/3418] Building IntrinsicsMips.h...
[232/3418] Building IntrinsicsNVPTX.h...
[233/3418] Building IntrinsicsPowerPC.h...
[234/3418] Building IntrinsicsR600.h...
[235/3418] Building RISCVTargetParserDef.inc...
[236/3418] Building IntrinsicsRISCV.h...
[237/3418] Building IntrinsicsS390.h...
[238/3418] Building IntrinsicsSPIRV.h...
[239/3418] Building IntrinsicsVE.h...
[240/3418] Building IntrinsicsWebAssembly.h...
[241/3418] Building IntrinsicsX86.h...
[242/3418] Building RuntimeLibcalls.inc...
/Users/ravn/z80/llvm-z80-pre-upstream-merge/llvm/include/llvm/IR/RuntimeLibcalls.td:2180:5: warning: conflicting implementations for libcall MUL_I32: __mulsi3, __mulsi3_fast
def AArch64SystemLibrary : SystemRuntimeLibrary<
    ^
/Users/ravn/z80/llvm-z80-pre-upstream-merge/llvm/include/llvm/IR/RuntimeLibcalls.td:2667:5: warning: conflicting implementations for libcall MUL_I32: __mulsi3, __mulsi3_fast
def ARMSystemLibrary
    ^
/Users/ravn/z80/llvm-z80-pre-upstream-merge/llvm/include/llvm/IR/RuntimeLibcalls.td:2732:5: warning: conflicting implementations for libcall MUL_I32: __mulsi3, __mulsi3_fast
def AVRSystemLibrary
    ^
/Users/ravn/z80/llvm-z80-pre-upstream-merge/llvm/include/llvm/IR/RuntimeLibcalls.td:2809:5: warning: conflicting implementations for libcall MUL_I32: __mulsi3, __mulsi3_fast
def HexagonSystemLibrary
    ^
/Users/ravn/z80/llvm-z80-pre-upstream-merge/llvm/include/llvm/IR/RuntimeLibcalls.td:2826:5: warning: conflicting implementations for libcall MUL_I32: __mulsi3, __mulsi3_fast
def LanaiSystemLibrary
    ^
/Users/ravn/z80/llvm-z80-pre-upstream-merge/llvm/include/llvm/IR/RuntimeLibcalls.td:3593:5: warning: conflicting implementations for libcall MUL_I32: __mulsi3, __mulsi3_fast
def LegacyDefaultSystemLibrary
    ^
/Users/ravn/z80/llvm-z80-pre-upstream-merge/llvm/include/llvm/IR/RuntimeLibcalls.td:3030:5: warning: conflicting implementations for libcall MUL_I32: __mulsi3, __mulsi3_fast
def MSP430SystemLibrary
    ^
/Users/ravn/z80/llvm-z80-pre-upstream-merge/llvm/include/llvm/IR/RuntimeLibcalls.td:3220:5: warning: conflicting implementations for libcall MUL_I32: __mulsi3, __mulsi3_fast
def PPCSystemLibrary
    ^
/Users/ravn/z80/llvm-z80-pre-upstream-merge/llvm/include/llvm/IR/RuntimeLibcalls.td:3250:5: warning: conflicting implementations for libcall MUL_I32: __mulsi3, __mulsi3_fast
def RISCVSystemLibrary
    ^
/Users/ravn/z80/llvm-z80-pre-upstream-merge/llvm/include/llvm/IR/RuntimeLibcalls.td:3318:5: warning: conflicting implementations for libcall MUL_I32: __mulsi3_fast, .umul
def SPARCSystemLibrary
    ^
/Users/ravn/z80/llvm-z80-pre-upstream-merge/llvm/include/llvm/IR/RuntimeLibcalls.td:3546:5: warning: conflicting implementations for libcall MUL_I32: __mulsi3, __mulsi3_fast
def SystemZZOSSystemLibrary
    ^
/Users/ravn/z80/llvm-z80-pre-upstream-merge/llvm/include/llvm/IR/RuntimeLibcalls.td:3566:5: warning: conflicting implementations for libcall MUL_I32: __mulsi3, __mulsi3_fast
def WasmSystemLibrary
    ^
/Users/ravn/z80/llvm-z80-pre-upstream-merge/llvm/include/llvm/IR/RuntimeLibcalls.td:2237:5: warning: conflicting implementations for libcall MUL_I32: #__mulsi3, #__mulsi3_fast
def WindowsARM64ECSystemLibrary
    ^
/Users/ravn/z80/llvm-z80-pre-upstream-merge/llvm/include/llvm/IR/RuntimeLibcalls.td:3430:5: warning: conflicting implementations for libcall MUL_I32: __mulsi3, __mulsi3_fast
def X86_32SystemLibrary
    ^
/Users/ravn/z80/llvm-z80-pre-upstream-merge/llvm/include/llvm/IR/RuntimeLibcalls.td:3436:5: warning: conflicting implementations for libcall MUL_I32: __mulsi3, __mulsi3_fast
def X86_64SystemLibrary
    ^
/Users/ravn/z80/llvm-z80-pre-upstream-merge/llvm/include/llvm/IR/RuntimeLibcalls.td:3447:5: warning: conflicting implementations for libcall MUL_I32: __mulsi3, __mulsi3_fast
def XCoreSystemLibrary
    ^
[243/3418] Building IntrinsicsXCore.h...
[244/3418] Building IntrinsicsZ80.h...
[245/3418] Building CXX object lib/TargetParser/CMakeFiles/LLVMTargetParser.dir/ARMTargetParserCommon.cpp.o
[246/3418] Building CXX object lib/TargetParser/CMakeFiles/LLVMTargetParser.dir/AMDGPUTargetParser.cpp.o
[247/3418] Building CXX object lib/TargetParser/CMakeFiles/LLVMTargetParser.dir/ARMTargetParser.cpp.o
[248/3418] Building CXX object lib/TargetParser/CMakeFiles/LLVMTargetParser.dir/AArch64TargetParser.cpp.o
[249/3418] Building CXX object lib/TargetParser/CMakeFiles/LLVMTargetParser.dir/AVRTargetParser.cpp.o
[250/3418] Building CXX object lib/TargetParser/CMakeFiles/LLVMTargetParser.dir/CSKYTargetParser.cpp.o
[251/3418] Building CXX object lib/TargetParser/CMakeFiles/LLVMTargetParser.dir/LoongArchTargetParser.cpp.o
[252/3418] Building CXX object lib/TargetParser/CMakeFiles/LLVMTargetParser.dir/Host.cpp.o
[253/3418] Building CXX object lib/TargetParser/CMakeFiles/LLVMTargetParser.dir/PPCTargetParser.cpp.o
[254/3418] Building CXX object lib/TargetParser/CMakeFiles/LLVMTargetParser.dir/SubtargetFeature.cpp.o
[255/3418] Building CXX object lib/TargetParser/CMakeFiles/LLVMTargetParser.dir/TargetParser.cpp.o
[256/3418] Building CXX object lib/TargetParser/CMakeFiles/LLVMTargetParser.dir/RISCVISAInfo.cpp.o
[257/3418] Building CXX object lib/TargetParser/CMakeFiles/LLVMTargetParser.dir/RISCVTargetParser.cpp.o
[258/3418] Building CXX object lib/TargetParser/CMakeFiles/LLVMTargetParser.dir/TargetDataLayout.cpp.o
[259/3418] Building TargetLibraryInfo.inc...
[260/3418] Building CXX object lib/TargetParser/CMakeFiles/LLVMTargetParser.dir/XtensaTargetParser.cpp.o
[261/3418] Building CXX object lib/TargetParser/CMakeFiles/LLVMTargetParser.dir/X86TargetParser.cpp.o
[262/3418] Building CXX object lib/TargetParser/CMakeFiles/LLVMTargetParser.dir/Triple.cpp.o
[263/3418] Building CXX object lib/BinaryFormat/CMakeFiles/LLVMBinaryFormat.dir/AMDGPUMetadataVerifier.cpp.o
[264/3418] Building CXX object lib/BinaryFormat/CMakeFiles/LLVMBinaryFormat.dir/COFF.cpp.o
[265/3418] Building CXX object lib/BinaryFormat/CMakeFiles/LLVMBinaryFormat.dir/DXContainer.cpp.o
[266/3418] Building CXX object lib/BinaryFormat/CMakeFiles/LLVMBinaryFormat.dir/ELF.cpp.o
[267/3418] Building CXX object lib/BinaryFormat/CMakeFiles/LLVMBinaryFormat.dir/MachO.cpp.o
[268/3418] Building CXX object lib/BinaryFormat/CMakeFiles/LLVMBinaryFormat.dir/Magic.cpp.o
[269/3418] Building CXX object lib/BinaryFormat/CMakeFiles/LLVMBinaryFormat.dir/Dwarf.cpp.o
[270/3418] Building CXX object lib/BinaryFormat/CMakeFiles/LLVMBinaryFormat.dir/MsgPackDocument.cpp.o
[271/3418] Building CXX object lib/BinaryFormat/CMakeFiles/LLVMBinaryFormat.dir/MsgPackDocumentYAML.cpp.o
[272/3418] Building CXX object lib/BinaryFormat/CMakeFiles/LLVMBinaryFormat.dir/MsgPackReader.cpp.o
[273/3418] Building CXX object lib/BinaryFormat/CMakeFiles/LLVMBinaryFormat.dir/MsgPackWriter.cpp.o
[274/3418] Linking CXX static library lib/libLLVMBitstreamReader.a
[275/3418] Building CXX object lib/BinaryFormat/CMakeFiles/LLVMBinaryFormat.dir/Wasm.cpp.o
[276/3418] Building CXX object lib/BinaryFormat/CMakeFiles/LLVMBinaryFormat.dir/SFrame.cpp.o
[277/3418] Building CXX object lib/BinaryFormat/CMakeFiles/LLVMBinaryFormat.dir/XCOFF.cpp.o
[278/3418] Building CXX object lib/Remarks/CMakeFiles/LLVMRemarks.dir/Remark.cpp.o
[279/3418] Building CXX object lib/Remarks/CMakeFiles/LLVMRemarks.dir/RemarkFormat.cpp.o
[280/3418] Building CXX object lib/Remarks/CMakeFiles/LLVMRemarks.dir/BitstreamRemarkParser.cpp.o
[281/3418] Building CXX object lib/Remarks/CMakeFiles/LLVMRemarks.dir/BitstreamRemarkSerializer.cpp.o
[282/3418] Building CXX object lib/Remarks/CMakeFiles/LLVMRemarks.dir/RemarkLinker.cpp.o
[283/3418] Building CXX object lib/Remarks/CMakeFiles/LLVMRemarks.dir/RemarkStreamer.cpp.o
[284/3418] Building CXX object lib/Remarks/CMakeFiles/LLVMRemarks.dir/RemarkParser.cpp.o
[285/3418] Building CXX object lib/Remarks/CMakeFiles/LLVMRemarks.dir/RemarkSerializer.cpp.o
[286/3418] Linking CXX static library lib/libLLVMTargetParser.a
[287/3418] Building CXX object lib/Remarks/CMakeFiles/LLVMRemarks.dir/RemarkStringTable.cpp.o
[288/3418] Building CXX object lib/Remarks/CMakeFiles/LLVMRemarks.dir/YAMLRemarkSerializer.cpp.o
[289/3418] Building CXX object lib/Remarks/CMakeFiles/LLVMRemarks.dir/YAMLRemarkParser.cpp.o
[290/3418] Building CXX object lib/IR/CMakeFiles/LLVMCore.dir/AbstractCallSite.cpp.o
[291/3418] Building CXX object lib/IR/CMakeFiles/LLVMCore.dir/Assumptions.cpp.o
[292/3418] Building CXX object lib/IR/CMakeFiles/LLVMCore.dir/Attributes.cpp.o
[293/3418] Building CXX object lib/IR/CMakeFiles/LLVMCore.dir/BasicBlock.cpp.o
[294/3418] Building CXX object lib/IR/CMakeFiles/LLVMCore.dir/BuiltinGCs.cpp.o
[295/3418] Building CXX object lib/IR/CMakeFiles/LLVMCore.dir/Comdat.cpp.o
[296/3418] Building CXX object lib/IR/CMakeFiles/LLVMCore.dir/AutoUpgrade.cpp.o
[297/3418] Building CXX object lib/IR/CMakeFiles/LLVMCore.dir/AsmWriter.cpp.o
[298/3418] Building CXX object lib/IR/CMakeFiles/LLVMCore.dir/ConstantFPRange.cpp.o
[299/3418] Building CXX object lib/IR/CMakeFiles/LLVMCore.dir/ConstantFold.cpp.o
[300/3418] Building CXX object lib/IR/CMakeFiles/LLVMCore.dir/ConstantRangeList.cpp.o
[301/3418] Building CXX object lib/IR/CMakeFiles/LLVMCore.dir/ConstantRange.cpp.o
[302/3418] Building CXX object lib/IR/CMakeFiles/LLVMCore.dir/ConvergenceVerifier.cpp.o
[303/3418] Building CXX object lib/IR/CMakeFiles/LLVMCore.dir/CycleInfo.cpp.o
[304/3418] Building CXX object lib/IR/CMakeFiles/LLVMCore.dir/Core.cpp.o
[305/3418] Building CXX object lib/IR/CMakeFiles/LLVMCore.dir/Constants.cpp.o
[306/3418] Building CXX object lib/IR/CMakeFiles/LLVMCore.dir/DataLayout.cpp.o
[307/3418] Building CXX object lib/IR/CMakeFiles/LLVMCore.dir/DIBuilder.cpp.o
[308/3418] Building CXX object lib/IR/CMakeFiles/LLVMCore.dir/DIExpressionOptimizer.cpp.o
[309/3418] Building CXX object lib/IR/CMakeFiles/LLVMCore.dir/DebugProgramInstruction.cpp.o
[310/3418] Building CXX object lib/IR/CMakeFiles/LLVMCore.dir/DiagnosticHandler.cpp.o
[311/3418] Building CXX object lib/IR/CMakeFiles/LLVMCore.dir/DebugInfo.cpp.o
[312/3418] Building CXX object lib/IR/CMakeFiles/LLVMCore.dir/DebugLoc.cpp.o
[313/3418] Building CXX object lib/IR/CMakeFiles/LLVMCore.dir/DiagnosticPrinter.cpp.o
[314/3418] Building CXX object lib/IR/CMakeFiles/LLVMCore.dir/DebugInfoMetadata.cpp.o
[315/3418] Building CXX object lib/IR/CMakeFiles/LLVMCore.dir/DiagnosticInfo.cpp.o
[316/3418] Building CXX object lib/IR/CMakeFiles/LLVMCore.dir/DroppedVariableStats.cpp.o
[317/3418] Building CXX object lib/IR/CMakeFiles/LLVMCore.dir/EHPersonalities.cpp.o
[318/3418] Building CXX object lib/IR/CMakeFiles/LLVMCore.dir/DroppedVariableStatsIR.cpp.o
[319/3418] Building CXX object lib/IR/CMakeFiles/LLVMCore.dir/FPEnv.cpp.o
[320/3418] Building CXX object lib/IR/CMakeFiles/LLVMCore.dir/GCStrategy.cpp.o
[321/3418] Building CXX object lib/IR/CMakeFiles/LLVMCore.dir/GVMaterializer.cpp.o
[322/3418] Building CXX object lib/IR/CMakeFiles/LLVMCore.dir/Function.cpp.o
[323/3418] Building CXX object lib/IR/CMakeFiles/LLVMCore.dir/Dominators.cpp.o
[324/3418] Building CXX object lib/IR/CMakeFiles/LLVMCore.dir/Globals.cpp.o
[325/3418] Building CXX object lib/IR/CMakeFiles/LLVMCore.dir/NVVMIntrinsicUtils.cpp.o
[326/3418] Building CXX object lib/IR/CMakeFiles/LLVMCore.dir/Intrinsics.cpp.o
[327/3418] Building CXX object lib/IR/CMakeFiles/LLVMCore.dir/IRPrintingPasses.cpp.o
[328/3418] Building CXX object lib/IR/CMakeFiles/LLVMCore.dir/SSAContext.cpp.o
[329/3418] Building CXX object lib/IR/CMakeFiles/LLVMCore.dir/InlineAsm.cpp.o
[330/3418] Building CXX object lib/IR/CMakeFiles/LLVMCore.dir/IRBuilder.cpp.o
[331/3418] Building CXX object lib/IR/CMakeFiles/LLVMCore.dir/Instruction.cpp.o
[332/3418] Building CXX object lib/IR/CMakeFiles/LLVMCore.dir/LLVMContext.cpp.o
[333/3418] Building CXX object lib/IR/CMakeFiles/LLVMCore.dir/IntrinsicInst.cpp.o
[334/3418] Building CXX object lib/IR/CMakeFiles/LLVMCore.dir/Instructions.cpp.o
[335/3418] Building CXX object lib/IR/CMakeFiles/LLVMCore.dir/LLVMRemarkStreamer.cpp.o
[336/3418] Building CXX object lib/IR/CMakeFiles/LLVMCore.dir/MDBuilder.cpp.o
[337/3418] Building CXX object lib/IR/CMakeFiles/LLVMCore.dir/LegacyPassManager.cpp.o
[338/3418] Building CXX object lib/IR/CMakeFiles/LLVMCore.dir/MemoryModelRelaxationAnnotations.cpp.o
[339/3418] Building CXX object lib/IR/CMakeFiles/LLVMCore.dir/Mangler.cpp.o
[340/3418] Building CXX object lib/IR/CMakeFiles/LLVMCore.dir/LLVMContextImpl.cpp.o
[341/3418] Building CXX object lib/IR/CMakeFiles/LLVMCore.dir/Operator.cpp.o
[342/3418] Building CXX object lib/IR/CMakeFiles/LLVMCore.dir/Module.cpp.o
[343/3418] Building CXX object lib/IR/CMakeFiles/LLVMCore.dir/ModuleSummaryIndex.cpp.o
[344/3418] Building CXX object lib/IR/CMakeFiles/LLVMCore.dir/OptBisect.cpp.o
[345/3418] Building CXX object lib/IR/CMakeFiles/LLVMCore.dir/Pass.cpp.o
[346/3418] Building CXX object lib/IR/CMakeFiles/LLVMCore.dir/PatternMatch.cpp.o
[347/3418] Building CXX object lib/IR/CMakeFiles/LLVMCore.dir/PassInstrumentation.cpp.o
[348/3418] Building CXX object lib/IR/CMakeFiles/LLVMCore.dir/PassRegistry.cpp.o
[349/3418] Building CXX object lib/IR/CMakeFiles/LLVMCore.dir/PassTimingInfo.cpp.o
[350/3418] Building CXX object lib/IR/CMakeFiles/LLVMCore.dir/PassManager.cpp.o
[351/3418] Building CXX object lib/IR/CMakeFiles/LLVMCore.dir/PrintPasses.cpp.o
[352/3418] Building CXX object lib/IR/CMakeFiles/LLVMCore.dir/Metadata.cpp.o
[353/3418] Building CXX object lib/IR/CMakeFiles/LLVMCore.dir/ProfDataUtils.cpp.o
[354/3418] Building CXX object lib/IR/CMakeFiles/LLVMCore.dir/ProfileSummary.cpp.o
[355/3418] Building CXX object lib/IR/CMakeFiles/LLVMCore.dir/PseudoProbe.cpp.o
[356/3418] Building CXX object lib/IR/CMakeFiles/LLVMCore.dir/ReplaceConstant.cpp.o
[357/3418] Building CXX object lib/IR/CMakeFiles/LLVMCore.dir/SafepointIRVerifier.cpp.o
[358/3418] Building CXX object lib/IR/CMakeFiles/LLVMCore.dir/Statepoint.cpp.o
[359/3418] Building CXX object lib/IR/CMakeFiles/LLVMCore.dir/StructuralHash.cpp.o
[360/3418] Building CXX object lib/IR/CMakeFiles/LLVMCore.dir/TypedPointerType.cpp.o
[361/3418] Building CXX object lib/IR/CMakeFiles/LLVMCore.dir/TypeFinder.cpp.o
[362/3418] Building CXX object lib/IR/CMakeFiles/LLVMCore.dir/Use.cpp.o
[363/3418] Building CXX object lib/IR/CMakeFiles/LLVMCore.dir/Type.cpp.o
[364/3418] Building CXX object lib/IR/CMakeFiles/LLVMCore.dir/VectorTypeUtils.cpp.o
[365/3418] Building CXX object lib/IR/CMakeFiles/LLVMCore.dir/ValueSymbolTable.cpp.o
[366/3418] Building CXX object lib/IR/CMakeFiles/LLVMCore.dir/User.cpp.o
[367/3418] Building CXX object lib/IR/CMakeFiles/LLVMCore.dir/VFABIDemangler.cpp.o
[368/3418] Building CXX object lib/IR/CMakeFiles/LLVMCore.dir/Value.cpp.o
[369/3418] Linking CXX static library lib/libLLVMBinaryFormat.a
[370/3418] Linking CXX static library lib/libLLVMRemarks.a
[371/3418] Building CXX object lib/IR/CMakeFiles/LLVMCore.dir/RuntimeLibcalls.cpp.o
[372/3418] Building CXX object lib/DebugInfo/DWARF/LowLevel/CMakeFiles/LLVMDebugInfoDWARFLowLevel.dir/DWARFCFIProgram.cpp.o
[373/3418] Building CXX object lib/DebugInfo/DWARF/LowLevel/CMakeFiles/LLVMDebugInfoDWARFLowLevel.dir/DWARFExpression.cpp.o
[374/3418] Building CXX object lib/DebugInfo/DWARF/LowLevel/CMakeFiles/LLVMDebugInfoDWARFLowLevel.dir/DWARFUnwindTable.cpp.o
[375/3418] Building CXX object lib/Bitcode/Reader/CMakeFiles/LLVMBitReader.dir/BitReader.cpp.o
[376/3418] Building CXX object lib/Bitcode/Reader/CMakeFiles/LLVMBitReader.dir/BitcodeAnalyzer.cpp.o
[377/3418] Building CXX object lib/Bitcode/Reader/CMakeFiles/LLVMBitReader.dir/ValueList.cpp.o
[378/3418] Building CXX object lib/MC/CMakeFiles/LLVMMC.dir/ConstantPools.cpp.o
[379/3418] Building CXX object lib/MC/CMakeFiles/LLVMMC.dir/DXContainerInfo.cpp.o
[380/3418] Building CXX object lib/Bitcode/Reader/CMakeFiles/LLVMBitReader.dir/MetadataLoader.cpp.o
[381/3418] Building CXX object lib/IR/CMakeFiles/LLVMCore.dir/Verifier.cpp.o
[382/3418] Linking CXX static library lib/libLLVMCore.a
[383/3418] Building CXX object lib/MC/CMakeFiles/LLVMMC.dir/DXContainerPSVInfo.cpp.o
[384/3418] Building CXX object lib/MC/CMakeFiles/LLVMMC.dir/DXContainerRootSignature.cpp.o
[385/3418] Building CXX object lib/MC/CMakeFiles/LLVMMC.dir/GOFFObjectWriter.cpp.o
[386/3418] Building CXX object lib/MC/CMakeFiles/LLVMMC.dir/MCAsmBackend.cpp.o
[387/3418] Building CXX object lib/MC/CMakeFiles/LLVMMC.dir/ELFObjectWriter.cpp.o
[388/3418] Building CXX object lib/MC/CMakeFiles/LLVMMC.dir/MCAsmInfoCOFF.cpp.o
[389/3418] Building CXX object lib/MC/CMakeFiles/LLVMMC.dir/MCAsmInfoDarwin.cpp.o
[390/3418] Building CXX object lib/MC/CMakeFiles/LLVMMC.dir/MCAsmInfo.cpp.o
[391/3418] Building CXX object lib/MC/CMakeFiles/LLVMMC.dir/MCAsmInfoGOFF.cpp.o
[392/3418] Building CXX object lib/Bitcode/Reader/CMakeFiles/LLVMBitReader.dir/BitcodeReader.cpp.o
[393/3418] Building CXX object lib/MC/CMakeFiles/LLVMMC.dir/MCAsmInfoELF.cpp.o
[394/3418] Building CXX object lib/MC/CMakeFiles/LLVMMC.dir/MCAsmInfoWasm.cpp.o
[395/3418] Building CXX object lib/MC/CMakeFiles/LLVMMC.dir/MCAsmMacro.cpp.o
[396/3418] Building CXX object lib/MC/CMakeFiles/LLVMMC.dir/MCAsmInfoXCOFF.cpp.o
[397/3418] Building CXX object lib/MC/CMakeFiles/LLVMMC.dir/MCCodeEmitter.cpp.o
[398/3418] Building CXX object lib/MC/CMakeFiles/LLVMMC.dir/MCAssembler.cpp.o
[399/3418] Building CXX object lib/MC/CMakeFiles/LLVMMC.dir/MCAsmStreamer.cpp.o
[400/3418] Building CXX object lib/MC/CMakeFiles/LLVMMC.dir/MCCodeView.cpp.o
[401/3418] Building CXX object lib/MC/CMakeFiles/LLVMMC.dir/MCDXContainerStreamer.cpp.o
[402/3418] Building CXX object lib/MC/CMakeFiles/LLVMMC.dir/MCDXContainerWriter.cpp.o
[403/3418] Building CXX object lib/MC/CMakeFiles/LLVMMC.dir/MCContext.cpp.o
[404/3418] Building CXX object lib/MC/CMakeFiles/LLVMMC.dir/MCELFObjectTargetWriter.cpp.o
[405/3418] Building CXX object lib/MC/CMakeFiles/LLVMMC.dir/MCDwarf.cpp.o
[406/3418] Building CXX object lib/MC/CMakeFiles/LLVMMC.dir/MCELFStreamer.cpp.o
[407/3418] Building CXX object lib/MC/CMakeFiles/LLVMMC.dir/MCFragment.cpp.o
[408/3418] Building CXX object lib/MC/CMakeFiles/LLVMMC.dir/MCExpr.cpp.o
[409/3418] Building CXX object lib/MC/CMakeFiles/LLVMMC.dir/MCGOFFStreamer.cpp.o
[410/3418] Building CXX object lib/MC/CMakeFiles/LLVMMC.dir/MCInstrAnalysis.cpp.o
[411/3418] Building CXX object lib/MC/CMakeFiles/LLVMMC.dir/MCInstPrinter.cpp.o
[412/3418] Building CXX object lib/MC/CMakeFiles/LLVMMC.dir/MCInst.cpp.o
[413/3418] Building CXX object lib/MC/CMakeFiles/LLVMMC.dir/MCInstrDesc.cpp.o
[414/3418] Building CXX object lib/MC/CMakeFiles/LLVMMC.dir/MCInstrInfo.cpp.o
[415/3418] Building CXX object lib/MC/CMakeFiles/LLVMMC.dir/MCLabel.cpp.o
[416/3418] Building CXX object lib/MC/CMakeFiles/LLVMMC.dir/MCLFI.cpp.o
[417/3418] Building CXX object lib/MC/CMakeFiles/LLVMMC.dir/MCLinkerOptimizationHint.cpp.o
[418/3418] Building CXX object lib/MC/CMakeFiles/LLVMMC.dir/MCLFIRewriter.cpp.o
[419/3418] Building CXX object lib/MC/CMakeFiles/LLVMMC.dir/MCMachObjectTargetWriter.cpp.o
[420/3418] Building CXX object lib/MC/CMakeFiles/LLVMMC.dir/MCNullStreamer.cpp.o
[421/3418] Building CXX object lib/MC/CMakeFiles/LLVMMC.dir/MCMachOStreamer.cpp.o
[422/3418] Building CXX object lib/MC/CMakeFiles/LLVMMC.dir/MCObjectFileInfo.cpp.o
[423/3418] Building CXX object lib/MC/CMakeFiles/LLVMMC.dir/MCObjectWriter.cpp.o
[424/3418] Building CXX object lib/MC/CMakeFiles/LLVMMC.dir/MCRegisterInfo.cpp.o
[425/3418] Building CXX object lib/MC/CMakeFiles/LLVMMC.dir/MCObjectStreamer.cpp.o
[426/3418] Building CXX object lib/MC/CMakeFiles/LLVMMC.dir/MCSchedule.cpp.o
[427/3418] Building CXX object lib/MC/CMakeFiles/LLVMMC.dir/MCSectionMachO.cpp.o
[428/3418] Building CXX object lib/MC/CMakeFiles/LLVMMC.dir/MCSection.cpp.o
[429/3418] Building CXX object lib/MC/CMakeFiles/LLVMMC.dir/MCPseudoProbe.cpp.o
[430/3418] Building CXX object lib/MC/CMakeFiles/LLVMMC.dir/MCSubtargetInfo.cpp.o
[431/3418] Building CXX object lib/MC/CMakeFiles/LLVMMC.dir/MCSPIRVStreamer.cpp.o
[432/3418] Building CXX object lib/MC/CMakeFiles/LLVMMC.dir/MCSFrame.cpp.o
[433/3418] Building CXX object lib/MC/CMakeFiles/LLVMMC.dir/MCSymbolELF.cpp.o
[434/3418] Building CXX object lib/MC/CMakeFiles/LLVMMC.dir/MCStreamer.cpp.o
[435/3418] Building CXX object lib/MC/CMakeFiles/LLVMMC.dir/MCSymbolGOFF.cpp.o
[436/3418] Building CXX object lib/MC/CMakeFiles/LLVMMC.dir/MCSymbol.cpp.o
[437/3418] Building CXX object lib/MC/CMakeFiles/LLVMMC.dir/MCTargetOptions.cpp.o
[438/3418] Building CXX object lib/MC/CMakeFiles/LLVMMC.dir/MCSymbolXCOFF.cpp.o
[439/3418] Building CXX object lib/MC/CMakeFiles/LLVMMC.dir/MCValue.cpp.o
[440/3418] Building CXX object lib/MC/CMakeFiles/LLVMMC.dir/MCTargetOptionsCommandFlags.cpp.o
[441/3418] Building CXX object lib/MC/CMakeFiles/LLVMMC.dir/MCWasmObjectTargetWriter.cpp.o
[442/3418] Building CXX object lib/MC/CMakeFiles/LLVMMC.dir/MCWinEH.cpp.o
[443/3418] Building CXX object lib/MC/CMakeFiles/LLVMMC.dir/MCWasmStreamer.cpp.o
[444/3418] Building CXX object lib/MC/CMakeFiles/LLVMMC.dir/MCXCOFFObjectTargetWriter.cpp.o
[445/3418] Building CXX object lib/MC/CMakeFiles/LLVMMC.dir/MCWinCOFFStreamer.cpp.o
[446/3418] Building CXX object lib/MC/CMakeFiles/LLVMMC.dir/MCWin64EH.cpp.o
[447/3418] Building CXX object lib/MC/CMakeFiles/LLVMMC.dir/MCXCOFFStreamer.cpp.o
[448/3418] Building CXX object lib/MC/CMakeFiles/LLVMMC.dir/SPIRVObjectWriter.cpp.o
[449/3418] Building CXX object lib/MC/CMakeFiles/LLVMMC.dir/StringTableBuilder.cpp.o
[450/3418] Building CXX object lib/MC/CMakeFiles/LLVMMC.dir/TargetRegistry.cpp.o
[451/3418] Building CXX object lib/MC/CMakeFiles/LLVMMC.dir/MachObjectWriter.cpp.o
[452/3418] Linking CXX static library lib/libLLVMDebugInfoDWARFLowLevel.a
[453/3418] Building CXX object lib/MC/CMakeFiles/LLVMMC.dir/WinCOFFObjectWriter.cpp.o
[454/3418] Building CXX object lib/AsmParser/CMakeFiles/LLVMAsmParser.dir/AsmParserContext.cpp.o
[455/3418] Building CXX object lib/MC/CMakeFiles/LLVMMC.dir/XCOFFObjectWriter.cpp.o
[456/3418] Building CXX object lib/MC/CMakeFiles/LLVMMC.dir/WasmObjectWriter.cpp.o
[457/3418] Building CXX object lib/AsmParser/CMakeFiles/LLVMAsmParser.dir/LLLexer.cpp.o
[458/3418] Linking CXX static library lib/libLLVMBitReader.a
[459/3418] Linking CXX static library lib/libLLVMMC.a
[460/3418] Building CXX object lib/IRReader/CMakeFiles/LLVMIRReader.dir/IRReader.cpp.o
[461/3418] Building CXX object lib/MC/MCParser/CMakeFiles/LLVMMCParser.dir/AsmLexer.cpp.o
[462/3418] Building CXX object lib/AsmParser/CMakeFiles/LLVMAsmParser.dir/Parser.cpp.o
[463/3418] Building CXX object lib/MC/MCParser/CMakeFiles/LLVMMCParser.dir/COFFAsmParser.cpp.o
[464/3418] Building CXX object lib/MC/MCParser/CMakeFiles/LLVMMCParser.dir/COFFMasmParser.cpp.o
[465/3418] Building CXX object lib/MC/MCParser/CMakeFiles/LLVMMCParser.dir/GOFFAsmParser.cpp.o
[466/3418] Building CXX object lib/MC/MCParser/CMakeFiles/LLVMMCParser.dir/AsmParser.cpp.o
[467/3418] Building CXX object lib/MC/MCParser/CMakeFiles/LLVMMCParser.dir/DarwinAsmParser.cpp.o
[468/3418] Building CXX object lib/MC/MCParser/CMakeFiles/LLVMMCParser.dir/ELFAsmParser.cpp.o
[469/3418] Building CXX object lib/MC/MCParser/CMakeFiles/LLVMMCParser.dir/LFIAsmParser.cpp.o
[470/3418] Building CXX object lib/MC/MCParser/CMakeFiles/LLVMMCParser.dir/MCAsmParser.cpp.o
[471/3418] Building CXX object lib/MC/MCParser/CMakeFiles/LLVMMCParser.dir/MCAsmParserExtension.cpp.o
[472/3418] Building CXX object lib/MC/MCParser/CMakeFiles/LLVMMCParser.dir/MCTargetAsmParser.cpp.o
[473/3418] Building CXX object lib/AsmParser/CMakeFiles/LLVMAsmParser.dir/LLParser.cpp.o
[474/3418] Linking CXX static library lib/libLLVMAsmParser.a
[475/3418] Building CXX object lib/TextAPI/CMakeFiles/LLVMTextAPI.dir/Architecture.cpp.o
[476/3418] Building CXX object lib/MC/MCParser/CMakeFiles/LLVMMCParser.dir/XCOFFAsmParser.cpp.o
[477/3418] Building CXX object lib/MC/MCParser/CMakeFiles/LLVMMCParser.dir/WasmAsmParser.cpp.o
[478/3418] Building CXX object lib/TextAPI/CMakeFiles/LLVMTextAPI.dir/ArchitectureSet.cpp.o
[479/3418] Building CXX object lib/TextAPI/CMakeFiles/LLVMTextAPI.dir/PackedVersion.cpp.o
[480/3418] Building CXX object lib/TextAPI/CMakeFiles/LLVMTextAPI.dir/InterfaceFile.cpp.o
[481/3418] Building CXX object lib/TextAPI/CMakeFiles/LLVMTextAPI.dir/Platform.cpp.o
[482/3418] Building CXX object lib/MC/MCParser/CMakeFiles/LLVMMCParser.dir/MasmParser.cpp.o
[483/3418] Building CXX object lib/TextAPI/CMakeFiles/LLVMTextAPI.dir/RecordVisitor.cpp.o
[484/3418] Building CXX object lib/TextAPI/CMakeFiles/LLVMTextAPI.dir/TextStubV5.cpp.o
[485/3418] Building CXX object lib/TextAPI/CMakeFiles/LLVMTextAPI.dir/RecordsSlice.cpp.o
[486/3418] Building CXX object lib/TextAPI/CMakeFiles/LLVMTextAPI.dir/Symbol.cpp.o
[487/3418] Building CXX object lib/TextAPI/CMakeFiles/LLVMTextAPI.dir/TextAPIError.cpp.o
[488/3418] Building CXX object lib/TextAPI/CMakeFiles/LLVMTextAPI.dir/SymbolSet.cpp.o
[489/3418] Building CXX object lib/TextAPI/CMakeFiles/LLVMTextAPI.dir/Target.cpp.o
[490/3418] Linking CXX static library lib/libLLVMIRReader.a
[491/3418] Linking CXX static library lib/libLLVMMCParser.a
[492/3418] Building CXX object lib/TextAPI/CMakeFiles/LLVMTextAPI.dir/TextStubCommon.cpp.o
[493/3418] Building CXX object lib/TextAPI/CMakeFiles/LLVMTextAPI.dir/Utils.cpp.o
[494/3418] Building CXX object lib/Object/CMakeFiles/LLVMObject.dir/Archive.cpp.o
[495/3418] Building CXX object lib/Object/CMakeFiles/LLVMObject.dir/BBAddrMap.cpp.o
[496/3418] Building CXX object lib/TextAPI/CMakeFiles/LLVMTextAPI.dir/TextStub.cpp.o
[497/3418] Building CXX object lib/Object/CMakeFiles/LLVMObject.dir/Binary.cpp.o
[498/3418] Building CXX object lib/Object/CMakeFiles/LLVMObject.dir/ArchiveWriter.cpp.o
[499/3418] Building CXX object lib/Object/CMakeFiles/LLVMObject.dir/BuildID.cpp.o
[500/3418] Building CXX object lib/Object/CMakeFiles/LLVMObject.dir/COFFImportFile.cpp.o
[501/3418] Building CXX object lib/Object/CMakeFiles/LLVMObject.dir/COFFModuleDefinition.cpp.o
[502/3418] Building CXX object lib/Object/CMakeFiles/LLVMObject.dir/Decompressor.cpp.o
[503/3418] Building CXX object lib/Object/CMakeFiles/LLVMObject.dir/COFFObjectFile.cpp.o
[504/3418] Building CXX object lib/Object/CMakeFiles/LLVMObject.dir/DXContainer.cpp.o
[505/3418] Building CXX object lib/Object/CMakeFiles/LLVMObject.dir/Error.cpp.o
[506/3418] Building CXX object lib/Object/CMakeFiles/LLVMObject.dir/FaultMapParser.cpp.o
[507/3418] Building CXX object lib/Object/CMakeFiles/LLVMObject.dir/GOFFObjectFile.cpp.o
[508/3418] Building CXX object lib/Object/CMakeFiles/LLVMObject.dir/IRObjectFile.cpp.o
[509/3418] Building CXX object lib/Object/CMakeFiles/LLVMObject.dir/IRSymtab.cpp.o
[510/3418] Building CXX object lib/Object/CMakeFiles/LLVMObject.dir/MachOUniversal.cpp.o
[511/3418] Building CXX object lib/Object/CMakeFiles/LLVMObject.dir/ELFObjectFile.cpp.o
[512/3418] Building CXX object lib/Object/CMakeFiles/LLVMObject.dir/Minidump.cpp.o
[513/3418] Building CXX object lib/Object/CMakeFiles/LLVMObject.dir/MachOObjectFile.cpp.o
[514/3418] Building CXX object lib/Object/CMakeFiles/LLVMObject.dir/Object.cpp.o
[515/3418] Building CXX object lib/Object/CMakeFiles/LLVMObject.dir/ELF.cpp.o
[516/3418] Building CXX object lib/Object/CMakeFiles/LLVMObject.dir/ModuleSymbolTable.cpp.o
[517/3418] Building CXX object lib/Object/CMakeFiles/LLVMObject.dir/ObjectFile.cpp.o
[518/3418] Building CXX object lib/Object/CMakeFiles/LLVMObject.dir/RecordStreamer.cpp.o
[519/3418] Building CXX object lib/Object/CMakeFiles/LLVMObject.dir/OffloadBinary.cpp.o
[520/3418] Building CXX object lib/Object/CMakeFiles/LLVMObject.dir/OffloadBundle.cpp.o
[521/3418] Building CXX object lib/Object/CMakeFiles/LLVMObject.dir/RelocationResolver.cpp.o
[522/3418] Building CXX object lib/Object/CMakeFiles/LLVMObject.dir/SymbolicFile.cpp.o
[523/3418] Building CXX object lib/Object/CMakeFiles/LLVMObject.dir/SFrameParser.cpp.o
[524/3418] Building CXX object lib/Object/CMakeFiles/LLVMObject.dir/TapiFile.cpp.o
[525/3418] Building CXX object lib/Object/CMakeFiles/LLVMObject.dir/SymbolSize.cpp.o
[526/3418] Building CXX object lib/Object/CMakeFiles/LLVMObject.dir/TapiUniversal.cpp.o
[527/3418] Building CXX object lib/Object/CMakeFiles/LLVMObject.dir/WindowsMachineFlag.cpp.o
[528/3418] Building CXX object lib/Object/CMakeFiles/LLVMObject.dir/MachOUniversalWriter.cpp.o
[529/3418] Linking CXX static library lib/libLLVMTextAPI.a
[530/3418] Building CXX object lib/Object/CMakeFiles/LLVMObject.dir/XCOFFObjectFile.cpp.o
[531/3418] Building CXX object lib/DebugInfo/DWARF/CMakeFiles/LLVMDebugInfoDWARF.dir/DWARFAbbreviationDeclaration.cpp.o
[532/3418] Building CXX object lib/Object/CMakeFiles/LLVMObject.dir/WindowsResource.cpp.o
[533/3418] Building CXX object lib/Object/CMakeFiles/LLVMObject.dir/WasmObjectFile.cpp.o
[534/3418] Linking CXX static library lib/libLLVMObject.a
[535/3418] Building CXX object lib/DebugInfo/DWARF/CMakeFiles/LLVMDebugInfoDWARF.dir/DWARFAddressRange.cpp.o
[536/3418] Building CXX object lib/DebugInfo/DWARF/CMakeFiles/LLVMDebugInfoDWARF.dir/DWARFCFIPrinter.cpp.o
[537/3418] Building CXX object lib/DebugInfo/DWARF/CMakeFiles/LLVMDebugInfoDWARF.dir/DWARFCompileUnit.cpp.o
[538/3418] Building CXX object lib/DebugInfo/DWARF/CMakeFiles/LLVMDebugInfoDWARF.dir/DWARFAcceleratorTable.cpp.o
[539/3418] Building CXX object lib/DebugInfo/DWARF/CMakeFiles/LLVMDebugInfoDWARF.dir/DWARFDebugAbbrev.cpp.o
[540/3418] Building CXX object lib/DebugInfo/DWARF/CMakeFiles/LLVMDebugInfoDWARF.dir/DWARFDebugAddr.cpp.o
[541/3418] Building CXX object lib/DebugInfo/DWARF/CMakeFiles/LLVMDebugInfoDWARF.dir/DWARFDebugArangeSet.cpp.o
[542/3418] Building CXX object lib/DebugInfo/DWARF/CMakeFiles/LLVMDebugInfoDWARF.dir/DWARFDebugAranges.cpp.o
[543/3418] Building CXX object lib/DebugInfo/DWARF/CMakeFiles/LLVMDebugInfoDWARF.dir/DWARFContext.cpp.o
[544/3418] Building CXX object lib/DebugInfo/DWARF/CMakeFiles/LLVMDebugInfoDWARF.dir/DWARFDebugInfoEntry.cpp.o
[545/3418] Building CXX object lib/DebugInfo/DWARF/CMakeFiles/LLVMDebugInfoDWARF.dir/DWARFDebugFrame.cpp.o
[546/3418] Building CXX object lib/DebugInfo/DWARF/CMakeFiles/LLVMDebugInfoDWARF.dir/DWARFDebugPubTable.cpp.o
[547/3418] Building CXX object lib/DebugInfo/DWARF/CMakeFiles/LLVMDebugInfoDWARF.dir/DWARFDebugMacro.cpp.o
[548/3418] Building CXX object lib/DebugInfo/DWARF/CMakeFiles/LLVMDebugInfoDWARF.dir/DWARFDebugLoc.cpp.o
[549/3418] Building CXX object lib/DebugInfo/DWARF/CMakeFiles/LLVMDebugInfoDWARF.dir/DWARFDebugLine.cpp.o
[550/3418] Building CXX object lib/DebugInfo/DWARF/CMakeFiles/LLVMDebugInfoDWARF.dir/DWARFDebugRangeList.cpp.o
[551/3418] Building CXX object lib/DebugInfo/DWARF/CMakeFiles/LLVMDebugInfoDWARF.dir/DWARFDebugRnglists.cpp.o
[552/3418] Building CXX object lib/DebugInfo/DWARF/CMakeFiles/LLVMDebugInfoDWARF.dir/DWARFExpressionPrinter.cpp.o
[553/3418] Building CXX object lib/DebugInfo/DWARF/CMakeFiles/LLVMDebugInfoDWARF.dir/DWARFGdbIndex.cpp.o
[554/3418] Building CXX object lib/DebugInfo/DWARF/CMakeFiles/LLVMDebugInfoDWARF.dir/DWARFDie.cpp.o
[555/3418] Building CXX object lib/DebugInfo/DWARF/CMakeFiles/LLVMDebugInfoDWARF.dir/DWARFFormValue.cpp.o
[556/3418] Building CXX object lib/DebugInfo/DWARF/CMakeFiles/LLVMDebugInfoDWARF.dir/DWARFListTable.cpp.o
[557/3418] Building CXX object lib/DebugInfo/DWARF/CMakeFiles/LLVMDebugInfoDWARF.dir/DWARFLocationExpression.cpp.o
[558/3418] Building CXX object lib/DebugInfo/DWARF/CMakeFiles/LLVMDebugInfoDWARF.dir/DWARFTypeUnit.cpp.o
[559/3418] Building CXX object lib/DebugInfo/DWARF/CMakeFiles/LLVMDebugInfoDWARF.dir/DWARFUnitIndex.cpp.o
[560/3418] Building CXX object lib/DebugInfo/DWARF/CMakeFiles/LLVMDebugInfoDWARF.dir/DWARFUnwindTablePrinter.cpp.o
[561/3418] Building CXX object lib/DebugInfo/MSF/CMakeFiles/LLVMDebugInfoMSF.dir/MSFCommon.cpp.o
[562/3418] Building CXX object lib/DebugInfo/MSF/CMakeFiles/LLVMDebugInfoMSF.dir/MSFError.cpp.o
[563/3418] Building CXX object lib/DebugInfo/DWARF/CMakeFiles/LLVMDebugInfoDWARF.dir/DWARFUnit.cpp.o
[564/3418] Building CXX object lib/DebugInfo/CodeView/CMakeFiles/LLVMDebugInfoCodeView.dir/AppendingTypeTableBuilder.cpp.o
[565/3418] Building CXX object lib/DebugInfo/CodeView/CMakeFiles/LLVMDebugInfoCodeView.dir/CodeViewError.cpp.o
[566/3418] Building CXX object lib/DebugInfo/CodeView/CMakeFiles/LLVMDebugInfoCodeView.dir/CodeViewRecordIO.cpp.o
[567/3418] Building CXX object lib/DebugInfo/CodeView/CMakeFiles/LLVMDebugInfoCodeView.dir/ContinuationRecordBuilder.cpp.o
[568/3418] Building CXX object lib/DebugInfo/CodeView/CMakeFiles/LLVMDebugInfoCodeView.dir/CVSymbolVisitor.cpp.o
[569/3418] Building CXX object lib/DebugInfo/CodeView/CMakeFiles/LLVMDebugInfoCodeView.dir/DebugChecksumsSubsection.cpp.o
[570/3418] Building CXX object lib/DebugInfo/CodeView/CMakeFiles/LLVMDebugInfoCodeView.dir/CVTypeVisitor.cpp.o
[571/3418] Building CXX object lib/DebugInfo/CodeView/CMakeFiles/LLVMDebugInfoCodeView.dir/DebugCrossExSubsection.cpp.o
[572/3418] Building CXX object lib/DebugInfo/CodeView/CMakeFiles/LLVMDebugInfoCodeView.dir/DebugCrossImpSubsection.cpp.o
[573/3418] Building CXX object lib/DebugInfo/CodeView/CMakeFiles/LLVMDebugInfoCodeView.dir/DebugInlineeLinesSubsection.cpp.o
[574/3418] Building CXX object lib/DebugInfo/CodeView/CMakeFiles/LLVMDebugInfoCodeView.dir/DebugFrameDataSubsection.cpp.o
[575/3418] Building CXX object lib/DebugInfo/DWARF/CMakeFiles/LLVMDebugInfoDWARF.dir/DWARFVerifier.cpp.o
[576/3418] Building CXX object lib/DebugInfo/CodeView/CMakeFiles/LLVMDebugInfoCodeView.dir/DebugSubsection.cpp.o
[577/3418] Building CXX object lib/DebugInfo/CodeView/CMakeFiles/LLVMDebugInfoCodeView.dir/DebugLinesSubsection.cpp.o
[578/3418] Building CXX object lib/DebugInfo/CodeView/CMakeFiles/LLVMDebugInfoCodeView.dir/DebugStringTableSubsection.cpp.o
[579/3418] Building CXX object lib/DebugInfo/CodeView/CMakeFiles/LLVMDebugInfoCodeView.dir/DebugSubsectionRecord.cpp.o
[580/3418] Building CXX object lib/DebugInfo/CodeView/CMakeFiles/LLVMDebugInfoCodeView.dir/DebugSymbolRVASubsection.cpp.o
[581/3418] Building CXX object lib/DebugInfo/CodeView/CMakeFiles/LLVMDebugInfoCodeView.dir/DebugSubsectionVisitor.cpp.o
[582/3418] Building CXX object lib/DebugInfo/CodeView/CMakeFiles/LLVMDebugInfoCodeView.dir/DebugSymbolsSubsection.cpp.o
[583/3418] Building CXX object lib/DebugInfo/CodeView/CMakeFiles/LLVMDebugInfoCodeView.dir/Formatters.cpp.o
[584/3418] Building CXX object lib/DebugInfo/CodeView/CMakeFiles/LLVMDebugInfoCodeView.dir/EnumTables.cpp.o
[585/3418] Building CXX object lib/DebugInfo/CodeView/CMakeFiles/LLVMDebugInfoCodeView.dir/GlobalTypeTableBuilder.cpp.o
[586/3418] Building CXX object lib/DebugInfo/CodeView/CMakeFiles/LLVMDebugInfoCodeView.dir/LazyRandomTypeCollection.cpp.o
[587/3418] Building CXX object lib/DebugInfo/CodeView/CMakeFiles/LLVMDebugInfoCodeView.dir/Line.cpp.o
[588/3418] Building CXX object lib/DebugInfo/CodeView/CMakeFiles/LLVMDebugInfoCodeView.dir/MergingTypeTableBuilder.cpp.o
[589/3418] Building CXX object lib/DebugInfo/CodeView/CMakeFiles/LLVMDebugInfoCodeView.dir/RecordSerialization.cpp.o
[590/3418] Building CXX object lib/DebugInfo/CodeView/CMakeFiles/LLVMDebugInfoCodeView.dir/RecordName.cpp.o
[591/3418] Building CXX object lib/DebugInfo/CodeView/CMakeFiles/LLVMDebugInfoCodeView.dir/SimpleTypeSerializer.cpp.o
[592/3418] Building CXX object lib/DebugInfo/CodeView/CMakeFiles/LLVMDebugInfoCodeView.dir/StringsAndChecksums.cpp.o
[593/3418] Building CXX object lib/DebugInfo/CodeView/CMakeFiles/LLVMDebugInfoCodeView.dir/SymbolRecordHelpers.cpp.o
[594/3418] Building CXX object lib/DebugInfo/CodeView/CMakeFiles/LLVMDebugInfoCodeView.dir/SymbolRecordMapping.cpp.o
[595/3418] Building CXX object lib/DebugInfo/CodeView/CMakeFiles/LLVMDebugInfoCodeView.dir/SymbolSerializer.cpp.o
[596/3418] Building CXX object lib/DebugInfo/CodeView/CMakeFiles/LLVMDebugInfoCodeView.dir/SymbolDumper.cpp.o
[597/3418] Building CXX object lib/DebugInfo/CodeView/CMakeFiles/LLVMDebugInfoCodeView.dir/TypeIndex.cpp.o
[598/3418] Building CXX object lib/DebugInfo/CodeView/CMakeFiles/LLVMDebugInfoCodeView.dir/TypeIndexDiscovery.cpp.o
[599/3418] Building CXX object lib/DebugInfo/CodeView/CMakeFiles/LLVMDebugInfoCodeView.dir/TypeDumpVisitor.cpp.o
[600/3418] Building CXX object lib/DebugInfo/CodeView/CMakeFiles/LLVMDebugInfoCodeView.dir/TypeHashing.cpp.o
[601/3418] Building CXX object lib/DebugInfo/CodeView/CMakeFiles/LLVMDebugInfoCodeView.dir/TypeRecordHelpers.cpp.o
[602/3418] Linking CXX static library lib/libLLVMDebugInfoDWARF.a
[603/3418] Building CXX object lib/DebugInfo/CodeView/CMakeFiles/LLVMDebugInfoCodeView.dir/TypeTableCollection.cpp.o
[604/3418] Building CXX object lib/DebugInfo/CodeView/CMakeFiles/LLVMDebugInfoCodeView.dir/TypeStreamMerger.cpp.o
[605/3418] Building CXX object lib/DebugInfo/GSYM/CMakeFiles/LLVMDebugInfoGSYM.dir/Header.cpp.o
[606/3418] Building CXX object lib/DebugInfo/CodeView/CMakeFiles/LLVMDebugInfoCodeView.dir/TypeRecordMapping.cpp.o
[607/3418] Building CXX object lib/DebugInfo/GSYM/CMakeFiles/LLVMDebugInfoGSYM.dir/HeaderV2.cpp.o
[608/3418] Building CXX object lib/DebugInfo/GSYM/CMakeFiles/LLVMDebugInfoGSYM.dir/FileWriter.cpp.o
[609/3418] Building CXX object lib/DebugInfo/GSYM/CMakeFiles/LLVMDebugInfoGSYM.dir/GlobalData.cpp.o
[610/3418] Building CXX object lib/DebugInfo/GSYM/CMakeFiles/LLVMDebugInfoGSYM.dir/FunctionInfo.cpp.o
[611/3418] Building CXX object lib/DebugInfo/GSYM/CMakeFiles/LLVMDebugInfoGSYM.dir/DwarfTransformer.cpp.o
[612/3418] Building CXX object lib/DebugInfo/GSYM/CMakeFiles/LLVMDebugInfoGSYM.dir/GsymCreatorV1.cpp.o
[613/3418] Building CXX object lib/DebugInfo/GSYM/CMakeFiles/LLVMDebugInfoGSYM.dir/GsymCreatorV2.cpp.o
[614/3418] Building CXX object lib/DebugInfo/GSYM/CMakeFiles/LLVMDebugInfoGSYM.dir/GsymCreator.cpp.o
[615/3418] Building CXX object lib/DebugInfo/GSYM/CMakeFiles/LLVMDebugInfoGSYM.dir/GsymContext.cpp.o
[616/3418] Building CXX object lib/DebugInfo/GSYM/CMakeFiles/LLVMDebugInfoGSYM.dir/GsymReader.cpp.o
[617/3418] Building CXX object lib/DebugInfo/GSYM/CMakeFiles/LLVMDebugInfoGSYM.dir/GsymReaderV1.cpp.o
[618/3418] Building CXX object lib/DebugInfo/GSYM/CMakeFiles/LLVMDebugInfoGSYM.dir/GsymReaderV2.cpp.o
[619/3418] Building CXX object lib/DebugInfo/GSYM/CMakeFiles/LLVMDebugInfoGSYM.dir/InlineInfo.cpp.o
[620/3418] Building CXX object lib/DebugInfo/GSYM/CMakeFiles/LLVMDebugInfoGSYM.dir/LookupResult.cpp.o
[621/3418] Building CXX object lib/DebugInfo/GSYM/CMakeFiles/LLVMDebugInfoGSYM.dir/LineTable.cpp.o
[622/3418] Building CXX object lib/DebugInfo/GSYM/CMakeFiles/LLVMDebugInfoGSYM.dir/ExtractRanges.cpp.o
[623/3418] Linking CXX static library lib/libLLVMDebugInfoMSF.a
[624/3418] Linking CXX static library lib/libLLVMDebugInfoCodeView.a
[625/3418] Building CXX object lib/DebugInfo/GSYM/CMakeFiles/LLVMDebugInfoGSYM.dir/MergedFunctionsInfo.cpp.o
[626/3418] Building CXX object lib/DebugInfo/GSYM/CMakeFiles/LLVMDebugInfoGSYM.dir/CallSiteInfo.cpp.o
[627/3418] Building CXX object lib/DebugInfo/PDB/CMakeFiles/LLVMDebugInfoPDB.dir/GenericError.cpp.o
[628/3418] Building CXX object lib/DebugInfo/GSYM/CMakeFiles/LLVMDebugInfoGSYM.dir/ObjectFileTransformer.cpp.o
[629/3418] Building CXX object lib/DebugInfo/PDB/CMakeFiles/LLVMDebugInfoPDB.dir/IPDBSourceFile.cpp.o
[630/3418] Building CXX object lib/DebugInfo/PDB/CMakeFiles/LLVMDebugInfoPDB.dir/PDB.cpp.o
[631/3418] Building CXX object lib/DebugInfo/PDB/CMakeFiles/LLVMDebugInfoPDB.dir/PDBInterfaceAnchors.cpp.o
[632/3418] Building CXX object lib/DebugInfo/PDB/CMakeFiles/LLVMDebugInfoPDB.dir/PDBExtras.cpp.o
[633/3418] Building CXX object lib/DebugInfo/PDB/CMakeFiles/LLVMDebugInfoPDB.dir/PDBContext.cpp.o
[634/3418] Building CXX object lib/DebugInfo/PDB/CMakeFiles/LLVMDebugInfoPDB.dir/PDBSymbol.cpp.o
[635/3418] Building CXX object lib/DebugInfo/PDB/CMakeFiles/LLVMDebugInfoPDB.dir/PDBSymbolAnnotation.cpp.o
[636/3418] Building CXX object lib/DebugInfo/PDB/CMakeFiles/LLVMDebugInfoPDB.dir/PDBSymbolBlock.cpp.o
[637/3418] Building CXX object lib/DebugInfo/PDB/CMakeFiles/LLVMDebugInfoPDB.dir/PDBSymbolCompilandDetails.cpp.o
[638/3418] Building CXX object lib/DebugInfo/PDB/CMakeFiles/LLVMDebugInfoPDB.dir/PDBSymbolCompiland.cpp.o
[639/3418] Building CXX object lib/DebugInfo/PDB/CMakeFiles/LLVMDebugInfoPDB.dir/PDBSymbolCompilandEnv.cpp.o
[640/3418] Building CXX object lib/DebugInfo/PDB/CMakeFiles/LLVMDebugInfoPDB.dir/PDBSymbolCustom.cpp.o
[641/3418] Building CXX object lib/DebugInfo/PDB/CMakeFiles/LLVMDebugInfoPDB.dir/PDBSymbolData.cpp.o
[642/3418] Building CXX object lib/DebugInfo/PDB/CMakeFiles/LLVMDebugInfoPDB.dir/PDBSymbolExe.cpp.o
[643/3418] Building CXX object lib/DebugInfo/PDB/CMakeFiles/LLVMDebugInfoPDB.dir/PDBSymbolFuncDebugEnd.cpp.o
[644/3418] Building CXX object lib/DebugInfo/PDB/CMakeFiles/LLVMDebugInfoPDB.dir/PDBSymbolFunc.cpp.o
[645/3418] Building CXX object lib/DebugInfo/PDB/CMakeFiles/LLVMDebugInfoPDB.dir/PDBSymbolFuncDebugStart.cpp.o
[646/3418] Building CXX object lib/DebugInfo/PDB/CMakeFiles/LLVMDebugInfoPDB.dir/PDBSymbolLabel.cpp.o
[647/3418] Building CXX object lib/DebugInfo/PDB/CMakeFiles/LLVMDebugInfoPDB.dir/PDBSymbolPublicSymbol.cpp.o
[648/3418] Building CXX object lib/DebugInfo/PDB/CMakeFiles/LLVMDebugInfoPDB.dir/PDBSymbolThunk.cpp.o
[649/3418] Building CXX object lib/DebugInfo/PDB/CMakeFiles/LLVMDebugInfoPDB.dir/PDBSymbolTypeArray.cpp.o
[650/3418] Building CXX object lib/DebugInfo/PDB/CMakeFiles/LLVMDebugInfoPDB.dir/PDBSymbolTypeBaseClass.cpp.o
[651/3418] Building CXX object lib/DebugInfo/PDB/CMakeFiles/LLVMDebugInfoPDB.dir/PDBSymbolTypeBuiltin.cpp.o
[652/3418] Building CXX object lib/DebugInfo/PDB/CMakeFiles/LLVMDebugInfoPDB.dir/PDBSymbolTypeCustom.cpp.o
[653/3418] Building CXX object lib/DebugInfo/PDB/CMakeFiles/LLVMDebugInfoPDB.dir/PDBSymbolTypeDimension.cpp.o
[654/3418] Building CXX object lib/DebugInfo/PDB/CMakeFiles/LLVMDebugInfoPDB.dir/PDBSymbolTypeEnum.cpp.o
[655/3418] Building CXX object lib/DebugInfo/PDB/CMakeFiles/LLVMDebugInfoPDB.dir/PDBSymbolTypeFriend.cpp.o
[656/3418] Building CXX object lib/DebugInfo/PDB/CMakeFiles/LLVMDebugInfoPDB.dir/PDBSymbolTypeFunctionArg.cpp.o
[657/3418] Building CXX object lib/DebugInfo/PDB/CMakeFiles/LLVMDebugInfoPDB.dir/PDBSymbolTypeFunctionSig.cpp.o
[658/3418] Building CXX object lib/DebugInfo/PDB/CMakeFiles/LLVMDebugInfoPDB.dir/PDBSymbolTypeManaged.cpp.o
[659/3418] Building CXX object lib/DebugInfo/PDB/CMakeFiles/LLVMDebugInfoPDB.dir/PDBSymbolTypePointer.cpp.o
[660/3418] Building CXX object lib/DebugInfo/PDB/CMakeFiles/LLVMDebugInfoPDB.dir/PDBSymbolTypeTypedef.cpp.o
[661/3418] Building CXX object lib/DebugInfo/PDB/CMakeFiles/LLVMDebugInfoPDB.dir/PDBSymbolTypeUDT.cpp.o
[662/3418] Building CXX object lib/DebugInfo/PDB/CMakeFiles/LLVMDebugInfoPDB.dir/PDBSymbolTypeVTable.cpp.o
[663/3418] Building CXX object lib/DebugInfo/PDB/CMakeFiles/LLVMDebugInfoPDB.dir/PDBSymbolTypeVTableShape.cpp.o
[664/3418] Building CXX object lib/DebugInfo/PDB/CMakeFiles/LLVMDebugInfoPDB.dir/PDBSymbolUnknown.cpp.o
[665/3418] Building CXX object lib/DebugInfo/PDB/CMakeFiles/LLVMDebugInfoPDB.dir/PDBSymbolUsingNamespace.cpp.o
[666/3418] Building CXX object lib/DebugInfo/PDB/CMakeFiles/LLVMDebugInfoPDB.dir/PDBSymDumper.cpp.o
[667/3418] Building CXX object lib/DebugInfo/PDB/CMakeFiles/LLVMDebugInfoPDB.dir/Native/DbiModuleDescriptor.cpp.o
[668/3418] Building CXX object lib/DebugInfo/PDB/CMakeFiles/LLVMDebugInfoPDB.dir/Native/DbiModuleDescriptorBuilder.cpp.o
[669/3418] Building CXX object lib/DebugInfo/PDB/CMakeFiles/LLVMDebugInfoPDB.dir/Native/DbiModuleList.cpp.o
[670/3418] Building CXX object lib/DebugInfo/PDB/CMakeFiles/LLVMDebugInfoPDB.dir/UDTLayout.cpp.o
[671/3418] Building CXX object lib/DebugInfo/PDB/CMakeFiles/LLVMDebugInfoPDB.dir/Native/EnumTables.cpp.o
[672/3418] Building CXX object lib/DebugInfo/PDB/CMakeFiles/LLVMDebugInfoPDB.dir/Native/DbiStream.cpp.o
[673/3418] Building CXX object lib/DebugInfo/PDB/CMakeFiles/LLVMDebugInfoPDB.dir/Native/FormatUtil.cpp.o
[674/3418] Building CXX object lib/DebugInfo/PDB/CMakeFiles/LLVMDebugInfoPDB.dir/Native/DbiStreamBuilder.cpp.o
[675/3418] Building CXX object lib/DebugInfo/PDB/CMakeFiles/LLVMDebugInfoPDB.dir/Native/Hash.cpp.o
[676/3418] Building CXX object lib/DebugInfo/PDB/CMakeFiles/LLVMDebugInfoPDB.dir/Native/GlobalsStream.cpp.o
[677/3418] Building CXX object lib/DebugInfo/PDB/CMakeFiles/LLVMDebugInfoPDB.dir/Native/HashTable.cpp.o
[678/3418] Building CXX object lib/DebugInfo/PDB/CMakeFiles/LLVMDebugInfoPDB.dir/Native/InfoStream.cpp.o
[679/3418] Building CXX object lib/DebugInfo/PDB/CMakeFiles/LLVMDebugInfoPDB.dir/Native/InfoStreamBuilder.cpp.o
[680/3418] Building CXX object lib/DebugInfo/PDB/CMakeFiles/LLVMDebugInfoPDB.dir/Native/InjectedSourceStream.cpp.o
[681/3418] Building CXX object lib/DebugInfo/PDB/CMakeFiles/LLVMDebugInfoPDB.dir/Native/ModuleDebugStream.cpp.o
[682/3418] Building CXX object lib/DebugInfo/PDB/CMakeFiles/LLVMDebugInfoPDB.dir/Native/NativeCompilandSymbol.cpp.o
[683/3418] Building CXX object lib/DebugInfo/PDB/CMakeFiles/LLVMDebugInfoPDB.dir/Native/InputFile.cpp.o
[684/3418] Building CXX object lib/DebugInfo/PDB/CMakeFiles/LLVMDebugInfoPDB.dir/Native/LinePrinter.cpp.o
[685/3418] Building CXX object lib/DebugInfo/PDB/CMakeFiles/LLVMDebugInfoPDB.dir/Native/NativeEnumLineNumbers.cpp.o
[686/3418] Building CXX object lib/DebugInfo/PDB/CMakeFiles/LLVMDebugInfoPDB.dir/Native/NativeEnumGlobals.cpp.o
[687/3418] Building CXX object lib/DebugInfo/PDB/CMakeFiles/LLVMDebugInfoPDB.dir/Native/NativeEnumModules.cpp.o
[688/3418] Building CXX object lib/DebugInfo/PDB/CMakeFiles/LLVMDebugInfoPDB.dir/Native/NativeEnumInjectedSources.cpp.o
[689/3418] Building CXX object lib/DebugInfo/PDB/CMakeFiles/LLVMDebugInfoPDB.dir/Native/NativeEnumSymbols.cpp.o
[690/3418] Building CXX object lib/DebugInfo/PDB/CMakeFiles/LLVMDebugInfoPDB.dir/Native/NativeEnumTypes.cpp.o
[691/3418] Building CXX object lib/DebugInfo/PDB/CMakeFiles/LLVMDebugInfoPDB.dir/Native/NativeExeSymbol.cpp.o
[692/3418] Building CXX object lib/DebugInfo/PDB/CMakeFiles/LLVMDebugInfoPDB.dir/Native/NativeFunctionSymbol.cpp.o
[693/3418] Building CXX object lib/DebugInfo/PDB/CMakeFiles/LLVMDebugInfoPDB.dir/Native/NativeLineNumber.cpp.o
[694/3418] Building CXX object lib/DebugInfo/PDB/CMakeFiles/LLVMDebugInfoPDB.dir/Native/NativeInlineSiteSymbol.cpp.o
[695/3418] Building CXX object lib/DebugInfo/PDB/CMakeFiles/LLVMDebugInfoPDB.dir/Native/NativePublicSymbol.cpp.o
[696/3418] Building CXX object lib/DebugInfo/PDB/CMakeFiles/LLVMDebugInfoPDB.dir/Native/NativeRawSymbol.cpp.o
[697/3418] Building CXX object lib/DebugInfo/PDB/CMakeFiles/LLVMDebugInfoPDB.dir/Native/NativeSourceFile.cpp.o
[698/3418] Building CXX object lib/DebugInfo/PDB/CMakeFiles/LLVMDebugInfoPDB.dir/Native/NativeTypeArray.cpp.o
[699/3418] Building CXX object lib/DebugInfo/PDB/CMakeFiles/LLVMDebugInfoPDB.dir/Native/NativeSymbolEnumerator.cpp.o
[700/3418] Building CXX object lib/DebugInfo/PDB/CMakeFiles/LLVMDebugInfoPDB.dir/Native/NativeTypeBuiltin.cpp.o
[701/3418] Building CXX object lib/DebugInfo/PDB/CMakeFiles/LLVMDebugInfoPDB.dir/Native/NativeTypePointer.cpp.o
[702/3418] Building CXX object lib/DebugInfo/PDB/CMakeFiles/LLVMDebugInfoPDB.dir/Native/NativeTypeEnum.cpp.o
[703/3418] Building CXX object lib/DebugInfo/PDB/CMakeFiles/LLVMDebugInfoPDB.dir/Native/NativeTypeTypedef.cpp.o
[704/3418] Building CXX object lib/DebugInfo/PDB/CMakeFiles/LLVMDebugInfoPDB.dir/Native/NativeTypeFunctionSig.cpp.o
[705/3418] Building CXX object lib/DebugInfo/PDB/CMakeFiles/LLVMDebugInfoPDB.dir/Native/NativeTypeUDT.cpp.o
[706/3418] Building CXX object lib/DebugInfo/PDB/CMakeFiles/LLVMDebugInfoPDB.dir/Native/NativeTypeVTShape.cpp.o
[707/3418] Building CXX object lib/DebugInfo/PDB/CMakeFiles/LLVMDebugInfoPDB.dir/Native/NamedStreamMap.cpp.o
[708/3418] Building CXX object lib/DebugInfo/PDB/CMakeFiles/LLVMDebugInfoPDB.dir/Native/PDBStringTable.cpp.o
[709/3418] Building CXX object lib/DebugInfo/PDB/CMakeFiles/LLVMDebugInfoPDB.dir/Native/NativeSession.cpp.o
[710/3418] Building CXX object lib/DebugInfo/PDB/CMakeFiles/LLVMDebugInfoPDB.dir/Native/PDBFile.cpp.o
[711/3418] Building CXX object lib/DebugInfo/PDB/CMakeFiles/LLVMDebugInfoPDB.dir/Native/PDBFileBuilder.cpp.o
[712/3418] Building CXX object lib/DebugInfo/PDB/CMakeFiles/LLVMDebugInfoPDB.dir/Native/PDBStringTableBuilder.cpp.o
[713/3418] Building CXX object lib/DebugInfo/PDB/CMakeFiles/LLVMDebugInfoPDB.dir/Native/RawError.cpp.o
[714/3418] Building CXX object lib/DebugInfo/PDB/CMakeFiles/LLVMDebugInfoPDB.dir/Native/PublicsStream.cpp.o
[715/3418] Building CXX object lib/DebugInfo/PDB/CMakeFiles/LLVMDebugInfoPDB.dir/Native/SymbolStream.cpp.o
[716/3418] Building CXX object lib/DebugInfo/PDB/CMakeFiles/LLVMDebugInfoPDB.dir/Native/TpiHashing.cpp.o
[717/3418] Building CXX object lib/DebugInfo/PDB/CMakeFiles/LLVMDebugInfoPDB.dir/Native/GSIStreamBuilder.cpp.o
[718/3418] Building CXX object lib/DebugInfo/PDB/CMakeFiles/LLVMDebugInfoPDB.dir/Native/TpiStreamBuilder.cpp.o
[719/3418] Building CXX object lib/DebugInfo/PDB/CMakeFiles/LLVMDebugInfoPDB.dir/Native/TpiStream.cpp.o
[720/3418] Linking CXX static library lib/libLLVMDebugInfoGSYM.a
[721/3418] Building CXX object lib/DebugInfo/PDB/CMakeFiles/LLVMDebugInfoPDB.dir/Native/SymbolCache.cpp.o
[722/3418] Building CXX object lib/DebugInfo/BTF/CMakeFiles/LLVMDebugInfoBTF.dir/BTFParser.cpp.o
[723/3418] Linking CXX static library lib/libLLVMDebugInfoPDB.a
[724/3418] Building CXX object lib/DebugInfo/BTF/CMakeFiles/LLVMDebugInfoBTF.dir/BTFContext.cpp.o
[725/3418] Building CXX object lib/DebugInfo/Symbolize/CMakeFiles/LLVMSymbolize.dir/DIPrinter.cpp.o
[726/3418] Building CXX object lib/DebugInfo/Symbolize/CMakeFiles/LLVMSymbolize.dir/Markup.cpp.o
[727/3418] Linking CXX static library lib/libLLVMDebugInfoBTF.a
[728/3418] Building GenVT.inc...
[729/3418] Building CXX object lib/DebugInfo/Symbolize/CMakeFiles/LLVMSymbolize.dir/MarkupFilter.cpp.o
[730/3418] Building CXX object lib/Frontend/HLSL/CMakeFiles/LLVMFrontendHLSL.dir/CBuffer.cpp.o
[731/3418] Building CXX object lib/DebugInfo/Symbolize/CMakeFiles/LLVMSymbolize.dir/SymbolizableObjectFile.cpp.o
[732/3418] Building CXX object lib/Frontend/HLSL/CMakeFiles/LLVMFrontendHLSL.dir/HLSLResource.cpp.o
[733/3418] Building CXX object lib/Frontend/HLSL/CMakeFiles/LLVMFrontendHLSL.dir/HLSLBinding.cpp.o
[734/3418] Building CXX object lib/Frontend/HLSL/CMakeFiles/LLVMFrontendHLSL.dir/HLSLRootSignature.cpp.o
[735/3418] Building CXX object lib/Frontend/HLSL/CMakeFiles/LLVMFrontendHLSL.dir/RootSignatureValidations.cpp.o
[736/3418] Building CXX object lib/DebugInfo/Symbolize/CMakeFiles/LLVMSymbolize.dir/Symbolize.cpp.o
[737/3418] Linking CXX static library lib/libLLVMSymbolize.a
[738/3418] Building CXX object lib/ProfileData/CMakeFiles/LLVMProfileData.dir/ETMTraceDecoder.cpp.o
[739/3418] Building CXX object lib/Frontend/HLSL/CMakeFiles/LLVMFrontendHLSL.dir/RootSignatureMetadata.cpp.o
[740/3418] Building CXX object lib/ProfileData/CMakeFiles/LLVMProfileData.dir/DataAccessProf.cpp.o
[741/3418] Building CXX object lib/ProfileData/CMakeFiles/LLVMProfileData.dir/GCOV.cpp.o
[742/3418] Building CXX object lib/ProfileData/CMakeFiles/LLVMProfileData.dir/IndexedMemProfData.cpp.o
[743/3418] Building CXX object lib/ProfileData/CMakeFiles/LLVMProfileData.dir/InstrProfCorrelator.cpp.o
[744/3418] Building CXX object lib/ProfileData/CMakeFiles/LLVMProfileData.dir/InstrProf.cpp.o
[745/3418] Building CXX object lib/ProfileData/CMakeFiles/LLVMProfileData.dir/InstrProfWriter.cpp.o
[746/3418] Building CXX object lib/ProfileData/CMakeFiles/LLVMProfileData.dir/MemProf.cpp.o
[747/3418] Building CXX object lib/ProfileData/CMakeFiles/LLVMProfileData.dir/InstrProfReader.cpp.o
[748/3418] Building CXX object lib/ProfileData/CMakeFiles/LLVMProfileData.dir/ItaniumManglingCanonicalizer.cpp.o
[749/3418] Building CXX object lib/ProfileData/CMakeFiles/LLVMProfileData.dir/MemProfCommon.cpp.o
[750/3418] Building CXX object lib/ProfileData/CMakeFiles/LLVMProfileData.dir/MemProfSummary.cpp.o
[751/3418] Building CXX object lib/ProfileData/CMakeFiles/LLVMProfileData.dir/MemProfRadixTree.cpp.o
[752/3418] Building CXX object lib/ProfileData/CMakeFiles/LLVMProfileData.dir/MemProfSummaryBuilder.cpp.o
[753/3418] Building CXX object lib/ProfileData/CMakeFiles/LLVMProfileData.dir/PGOCtxProfReader.cpp.o
[754/3418] Building CXX object lib/ProfileData/CMakeFiles/LLVMProfileData.dir/PGOCtxProfWriter.cpp.o
[755/3418] Building CXX object lib/ProfileData/CMakeFiles/LLVMProfileData.dir/MemProfReader.cpp.o
[756/3418] Building CXX object lib/ProfileData/CMakeFiles/LLVMProfileData.dir/ProfileSummaryBuilder.cpp.o
[757/3418] Building CXX object lib/ProfileData/CMakeFiles/LLVMProfileData.dir/SymbolRemappingReader.cpp.o
[758/3418] Building CXX object lib/CodeGenTypes/CMakeFiles/LLVMCodeGenTypes.dir/LowLevelType.cpp.o
[759/3418] Linking CXX static library lib/libLLVMFrontendHLSL.a
libtool: warning: 'HLSLResource.cpp.o' has no symbols
[760/3418] Building CXX object lib/ProfileData/CMakeFiles/LLVMProfileData.dir/SampleProf.cpp.o
[761/3418] Building CXX object lib/ProfileData/CMakeFiles/LLVMProfileData.dir/SampleProfWriter.cpp.o
[762/3418] Building CXX object lib/ProfileData/CMakeFiles/LLVMProfileData.dir/SampleProfReader.cpp.o
[763/3418] Building CXX object lib/Analysis/CMakeFiles/LLVMAnalysis.dir/AliasAnalysisEvaluator.cpp.o
[764/3418] Building CXX object lib/Analysis/CMakeFiles/LLVMAnalysis.dir/Analysis.cpp.o
[765/3418] Building CXX object lib/Analysis/CMakeFiles/LLVMAnalysis.dir/AliasAnalysis.cpp.o
[766/3418] Building CXX object lib/Analysis/CMakeFiles/LLVMAnalysis.dir/AliasSetTracker.cpp.o
[767/3418] Building CXX object lib/Analysis/CMakeFiles/LLVMAnalysis.dir/AssumeBundleQueries.cpp.o
[768/3418] Building CXX object lib/Analysis/CMakeFiles/LLVMAnalysis.dir/AssumptionCache.cpp.o
[769/3418] Building CXX object lib/Analysis/CMakeFiles/LLVMAnalysis.dir/BasicAliasAnalysis.cpp.o
[770/3418] Building CXX object lib/Analysis/CMakeFiles/LLVMAnalysis.dir/BlockFrequencyInfoImpl.cpp.o
[771/3418] Building CXX object lib/Analysis/CMakeFiles/LLVMAnalysis.dir/BlockFrequencyInfo.cpp.o
[772/3418] Building CXX object lib/Analysis/CMakeFiles/LLVMAnalysis.dir/CFG.cpp.o
[773/3418] Building CXX object lib/Analysis/CMakeFiles/LLVMAnalysis.dir/BranchProbabilityInfo.cpp.o
[774/3418] Building CXX object lib/Analysis/CMakeFiles/LLVMAnalysis.dir/CFGSCCPrinter.cpp.o
[775/3418] Building CXX object lib/Analysis/CMakeFiles/LLVMAnalysis.dir/CFGPrinter.cpp.o
[776/3418] Building CXX object lib/Analysis/CMakeFiles/LLVMAnalysis.dir/CallGraph.cpp.o
[777/3418] Building CXX object lib/Analysis/CMakeFiles/LLVMAnalysis.dir/CallGraphSCCPass.cpp.o
[778/3418] Building CXX object lib/Analysis/CMakeFiles/LLVMAnalysis.dir/CallPrinter.cpp.o
[779/3418] Building CXX object lib/Analysis/CMakeFiles/LLVMAnalysis.dir/CGSCCPassManager.cpp.o
[780/3418] Building CXX object lib/Analysis/CMakeFiles/LLVMAnalysis.dir/CmpInstAnalysis.cpp.o
[781/3418] Building CXX object lib/Analysis/CMakeFiles/LLVMAnalysis.dir/CaptureTracking.cpp.o
[782/3418] Building CXX object lib/Analysis/CMakeFiles/LLVMAnalysis.dir/CostModel.cpp.o
[783/3418] Building CXX object lib/Analysis/CMakeFiles/LLVMAnalysis.dir/CodeMetrics.cpp.o
[784/3418] Building CXX object lib/Analysis/CMakeFiles/LLVMAnalysis.dir/CycleAnalysis.cpp.o
[785/3418] Building CXX object lib/Analysis/CMakeFiles/LLVMAnalysis.dir/CtxProfAnalysis.cpp.o
[786/3418] Building CXX object lib/Analysis/CMakeFiles/LLVMAnalysis.dir/ConstantFolding.cpp.o
[787/3418] Building CXX object lib/Analysis/CMakeFiles/LLVMAnalysis.dir/DDGPrinter.cpp.o
[788/3418] Building CXX object lib/Analysis/CMakeFiles/LLVMAnalysis.dir/DDG.cpp.o
[789/3418] Building CXX object lib/Analysis/CMakeFiles/LLVMAnalysis.dir/ConstraintSystem.cpp.o
[790/3418] Building CXX object lib/Analysis/CMakeFiles/LLVMAnalysis.dir/Delinearization.cpp.o
[791/3418] Building CXX object lib/Analysis/CMakeFiles/LLVMAnalysis.dir/DemandedBits.cpp.o
[792/3418] Building CXX object lib/Analysis/CMakeFiles/LLVMAnalysis.dir/DevelopmentModeInlineAdvisor.cpp.o
[793/3418] Building CXX object lib/Analysis/CMakeFiles/LLVMAnalysis.dir/DependenceGraphBuilder.cpp.o
[794/3418] Building CXX object lib/Analysis/CMakeFiles/LLVMAnalysis.dir/DomConditionCache.cpp.o
[795/3418] Building CXX object lib/Analysis/CMakeFiles/LLVMAnalysis.dir/DependenceAnalysis.cpp.o
[796/3418] Building CXX object lib/Analysis/CMakeFiles/LLVMAnalysis.dir/DomPrinter.cpp.o
[797/3418] Building CXX object lib/Analysis/CMakeFiles/LLVMAnalysis.dir/DominanceFrontier.cpp.o
[798/3418] Building CXX object lib/Analysis/CMakeFiles/LLVMAnalysis.dir/DomTreeUpdater.cpp.o
[799/3418] Building CXX object lib/Analysis/CMakeFiles/LLVMAnalysis.dir/EphemeralValuesCache.cpp.o
[800/3418] Building CXX object lib/Analysis/CMakeFiles/LLVMAnalysis.dir/DXILResource.cpp.o
[801/3418] Building CXX object lib/Analysis/CMakeFiles/LLVMAnalysis.dir/DXILMetadataAnalysis.cpp.o
[802/3418] Building CXX object lib/Analysis/CMakeFiles/LLVMAnalysis.dir/FloatingPointPredicateUtils.cpp.o
[803/3418] Building CXX object lib/Analysis/CMakeFiles/LLVMAnalysis.dir/GuardUtils.cpp.o
[804/3418] Building CXX object lib/Analysis/CMakeFiles/LLVMAnalysis.dir/FunctionPropertiesAnalysis.cpp.o
[805/3418] Building CXX object lib/Analysis/CMakeFiles/LLVMAnalysis.dir/GlobalsModRef.cpp.o
[806/3418] Building CXX object lib/Analysis/CMakeFiles/LLVMAnalysis.dir/HeatUtils.cpp.o
[807/3418] Building CXX object lib/Analysis/CMakeFiles/LLVMAnalysis.dir/HashRecognize.cpp.o
[808/3418] Building CXX object lib/Analysis/CMakeFiles/LLVMAnalysis.dir/IVUsers.cpp.o
[809/3418] Building CXX object lib/Analysis/CMakeFiles/LLVMAnalysis.dir/IR2Vec.cpp.o
[810/3418] Building CXX object lib/Analysis/CMakeFiles/LLVMAnalysis.dir/IVDescriptors.cpp.o
[811/3418] Building CXX object lib/Analysis/CMakeFiles/LLVMAnalysis.dir/IndirectCallPromotionAnalysis.cpp.o
[812/3418] Building CXX object lib/Analysis/CMakeFiles/LLVMAnalysis.dir/ImportedFunctionsInliningStatistics.cpp.o
[813/3418] Building CXX object lib/Analysis/CMakeFiles/LLVMAnalysis.dir/IRSimilarityIdentifier.cpp.o
[814/3418] Building CXX object lib/Analysis/CMakeFiles/LLVMAnalysis.dir/InstCount.cpp.o
[815/3418] Building CXX object lib/Analysis/CMakeFiles/LLVMAnalysis.dir/InlineAdvisor.cpp.o
[816/3418] Building CXX object lib/Analysis/CMakeFiles/LLVMAnalysis.dir/InlineOrder.cpp.o
[817/3418] Building CXX object lib/Analysis/CMakeFiles/LLVMAnalysis.dir/InlineCost.cpp.o
[818/3418] Building CXX object lib/Analysis/CMakeFiles/LLVMAnalysis.dir/InstructionPrecedenceTracking.cpp.o
[819/3418] Building CXX object lib/Analysis/CMakeFiles/LLVMAnalysis.dir/InteractiveModelRunner.cpp.o
[820/3418] Building CXX object lib/Analysis/CMakeFiles/LLVMAnalysis.dir/LastRunTrackingAnalysis.cpp.o
[821/3418] Building CXX object lib/Analysis/CMakeFiles/LLVMAnalysis.dir/KernelInfo.cpp.o
[822/3418] Building CXX object lib/Analysis/CMakeFiles/LLVMAnalysis.dir/LazyBranchProbabilityInfo.cpp.o
[823/3418] Building CXX object lib/Analysis/CMakeFiles/LLVMAnalysis.dir/LazyBlockFrequencyInfo.cpp.o
[824/3418] Building CXX object lib/Analysis/CMakeFiles/LLVMAnalysis.dir/InstructionSimplify.cpp.o
[825/3418] Building CXX object lib/Analysis/CMakeFiles/LLVMAnalysis.dir/Lint.cpp.o
[826/3418] Building CXX object lib/Analysis/CMakeFiles/LLVMAnalysis.dir/LazyCallGraph.cpp.o
[827/3418] Building CXX object lib/Analysis/CMakeFiles/LLVMAnalysis.dir/LazyValueInfo.cpp.o
[828/3418] Building CXX object lib/Analysis/CMakeFiles/LLVMAnalysis.dir/Local.cpp.o
[829/3418] Building CXX object lib/Analysis/CMakeFiles/LLVMAnalysis.dir/Loads.cpp.o
[830/3418] Building CXX object lib/Analysis/CMakeFiles/LLVMAnalysis.dir/LoopAnalysisManager.cpp.o
[831/3418] Building CXX object lib/Analysis/CMakeFiles/LLVMAnalysis.dir/LoopNestAnalysis.cpp.o
[832/3418] Building CXX object lib/Analysis/CMakeFiles/LLVMAnalysis.dir/LoopCacheAnalysis.cpp.o
[833/3418] Building CXX object lib/Analysis/CMakeFiles/LLVMAnalysis.dir/LoopUnrollAnalyzer.cpp.o
[834/3418] Building CXX object lib/Analysis/CMakeFiles/LLVMAnalysis.dir/LoopAccessAnalysis.cpp.o
[835/3418] Building CXX object lib/Analysis/CMakeFiles/LLVMAnalysis.dir/LoopPass.cpp.o
[836/3418] Building CXX object lib/Analysis/CMakeFiles/LLVMAnalysis.dir/MemDerefPrinter.cpp.o
[837/3418] Building CXX object lib/Analysis/CMakeFiles/LLVMAnalysis.dir/LoopInfo.cpp.o
[838/3418] Building CXX object lib/Analysis/CMakeFiles/LLVMAnalysis.dir/MLInlineAdvisor.cpp.o
[839/3418] Building CXX object lib/Analysis/CMakeFiles/LLVMAnalysis.dir/MemoryBuiltins.cpp.o
[840/3418] Building CXX object lib/Analysis/CMakeFiles/LLVMAnalysis.dir/MemoryLocation.cpp.o
[841/3418] Building CXX object lib/Analysis/CMakeFiles/LLVMAnalysis.dir/MemoryDependenceAnalysis.cpp.o
[842/3418] Building CXX object lib/Analysis/CMakeFiles/LLVMAnalysis.dir/MemoryProfileInfo.cpp.o
[843/3418] Building CXX object lib/Analysis/CMakeFiles/LLVMAnalysis.dir/ModelUnderTrainingRunner.cpp.o
[844/3418] Building CXX object lib/Analysis/CMakeFiles/LLVMAnalysis.dir/ModuleDebugInfoPrinter.cpp.o
[845/3418] Building CXX object lib/Analysis/CMakeFiles/LLVMAnalysis.dir/MemorySSA.cpp.o
[846/3418] Building CXX object lib/Analysis/CMakeFiles/LLVMAnalysis.dir/NoInferenceModelRunner.cpp.o
[847/3418] Building CXX object lib/Analysis/CMakeFiles/LLVMAnalysis.dir/MemorySSAUpdater.cpp.o
[848/3418] Building CXX object lib/Analysis/CMakeFiles/LLVMAnalysis.dir/MustExecute.cpp.o
[849/3418] Building CXX object lib/Analysis/CMakeFiles/LLVMAnalysis.dir/ObjCARCAliasAnalysis.cpp.o
[850/3418] Building CXX object lib/Analysis/CMakeFiles/LLVMAnalysis.dir/ObjCARCAnalysisUtils.cpp.o
[851/3418] Building CXX object lib/Analysis/CMakeFiles/LLVMAnalysis.dir/ModuleSummaryAnalysis.cpp.o
[852/3418] Building CXX object lib/Analysis/CMakeFiles/LLVMAnalysis.dir/ObjCARCInstKind.cpp.o
[853/3418] Building CXX object lib/Analysis/CMakeFiles/LLVMAnalysis.dir/OverflowInstAnalysis.cpp.o
[854/3418] Building CXX object lib/Analysis/CMakeFiles/LLVMAnalysis.dir/OptimizationRemarkEmitter.cpp.o
[855/3418] Building CXX object lib/Analysis/CMakeFiles/LLVMAnalysis.dir/PHITransAddr.cpp.o
[856/3418] Building CXX object lib/Analysis/CMakeFiles/LLVMAnalysis.dir/PhiValues.cpp.o
[857/3418] Building CXX object lib/Analysis/CMakeFiles/LLVMAnalysis.dir/PostDominators.cpp.o
[858/3418] Building CXX object lib/Analysis/CMakeFiles/LLVMAnalysis.dir/PtrUseVisitor.cpp.o
[859/3418] Building CXX object lib/Analysis/CMakeFiles/LLVMAnalysis.dir/ProfileSummaryInfo.cpp.o
[860/3418] Building CXX object lib/Analysis/CMakeFiles/LLVMAnalysis.dir/RegionPass.cpp.o
[861/3418] Building CXX object lib/Analysis/CMakeFiles/LLVMAnalysis.dir/ReplayInlineAdvisor.cpp.o
[862/3418] Building CXX object lib/Analysis/CMakeFiles/LLVMAnalysis.dir/RegionInfo.cpp.o
[863/3418] Building CXX object lib/Analysis/CMakeFiles/LLVMAnalysis.dir/RuntimeLibcallInfo.cpp.o
[864/3418] Building CXX object lib/Analysis/CMakeFiles/LLVMAnalysis.dir/RegionPrinter.cpp.o
[865/3418] Building CXX object lib/Analysis/CMakeFiles/LLVMAnalysis.dir/ScalarEvolutionAliasAnalysis.cpp.o
[866/3418] Building CXX object lib/Analysis/CMakeFiles/LLVMAnalysis.dir/ScalarEvolutionDivision.cpp.o
[867/3418] Building CXX object lib/Analysis/CMakeFiles/LLVMAnalysis.dir/ScalarEvolutionNormalization.cpp.o
[868/3418] Building CXX object lib/Analysis/CMakeFiles/LLVMAnalysis.dir/StaticDataProfileInfo.cpp.o
[869/3418] Building CXX object lib/Analysis/CMakeFiles/LLVMAnalysis.dir/StackLifetime.cpp.o
[870/3418] Building CXX object lib/Analysis/CMakeFiles/LLVMAnalysis.dir/StructuralHash.cpp.o
[871/3418] Building CXX object lib/Analysis/CMakeFiles/LLVMAnalysis.dir/TFLiteUtils.cpp.o
[872/3418] Building CXX object lib/Analysis/CMakeFiles/LLVMAnalysis.dir/StackSafetyAnalysis.cpp.o
[873/3418] Building CXX object lib/Analysis/CMakeFiles/LLVMAnalysis.dir/SyntheticCountsUtils.cpp.o
[874/3418] Building CXX object lib/Analysis/CMakeFiles/LLVMAnalysis.dir/TensorSpec.cpp.o
[875/3418] Building CXX object lib/Analysis/CMakeFiles/LLVMAnalysis.dir/Trace.cpp.o
[876/3418] Building CXX object lib/Analysis/CMakeFiles/LLVMAnalysis.dir/TargetTransformInfo.cpp.o
[877/3418] Building CXX object lib/Analysis/CMakeFiles/LLVMAnalysis.dir/TrainingLogger.cpp.o
[878/3418] Building CXX object lib/Analysis/CMakeFiles/LLVMAnalysis.dir/TargetLibraryInfo.cpp.o
[879/3418] Building CXX object lib/Analysis/CMakeFiles/LLVMAnalysis.dir/TypeBasedAliasAnalysis.cpp.o
[880/3418] Building CXX object lib/Analysis/CMakeFiles/LLVMAnalysis.dir/TypeMetadataUtils.cpp.o
[881/3418] Building CXX object lib/Analysis/CMakeFiles/LLVMAnalysis.dir/ScalarEvolution.cpp.o
[882/3418] Building CXX object lib/Analysis/CMakeFiles/LLVMAnalysis.dir/ScopedNoAliasAA.cpp.o
[883/3418] Building CXX object lib/Analysis/CMakeFiles/LLVMAnalysis.dir/ValueLatticeUtils.cpp.o
[884/3418] Building CXX object lib/Analysis/CMakeFiles/LLVMAnalysis.dir/ValueLattice.cpp.o
[885/3418] Linking CXX static library lib/libLLVMProfileData.a
[886/3418] Building CXX object lib/Analysis/CMakeFiles/LLVMAnalysis.dir/UniformityAnalysis.cpp.o
[887/3418] Building CXX object lib/Analysis/CMakeFiles/LLVMAnalysis.dir/VectorUtils.cpp.o
[888/3418] Building CXX object utils/TableGen/CMakeFiles/llvm-tblgen.dir/AsmWriterEmitter.cpp.o
[889/3418] Building CXX object utils/TableGen/CMakeFiles/llvm-tblgen.dir/AsmMatcherEmitter.cpp.o
[890/3418] Building CXX object utils/TableGen/CMakeFiles/llvm-tblgen.dir/CallingConvEmitter.cpp.o
[891/3418] Building CXX object utils/TableGen/CMakeFiles/llvm-tblgen.dir/CodeEmitterGen.cpp.o
[892/3418] Building CXX object lib/Analysis/CMakeFiles/LLVMAnalysis.dir/ValueTracking.cpp.o
[893/3418] Building CXX object utils/TableGen/CMakeFiles/llvm-tblgen.dir/CTagsEmitter.cpp.o
[894/3418] Building CXX object utils/TableGen/CMakeFiles/llvm-tblgen.dir/CodeGenMapTable.cpp.o
[895/3418] Building CXX object utils/TableGen/CMakeFiles/llvm-tblgen.dir/DAGISelEmitter.cpp.o
[896/3418] Building CXX object utils/TableGen/CMakeFiles/llvm-tblgen.dir/CompressInstEmitter.cpp.o
[897/3418] Building CXX object utils/TableGen/CMakeFiles/llvm-tblgen.dir/DAGISelMatcher.cpp.o
[898/3418] Building CXX object utils/TableGen/CMakeFiles/llvm-tblgen.dir/DAGISelMatcherGen.cpp.o
[899/3418] Building CXX object utils/TableGen/CMakeFiles/llvm-tblgen.dir/DAGISelMatcherOpt.cpp.o
[900/3418] Building CXX object utils/TableGen/CMakeFiles/llvm-tblgen.dir/DecoderTree.cpp.o
[901/3418] Building CXX object utils/TableGen/CMakeFiles/llvm-tblgen.dir/DecoderTableEmitter.cpp.o
[902/3418] Building CXX object utils/TableGen/CMakeFiles/llvm-tblgen.dir/DAGISelMatcherEmitter.cpp.o
[903/3418] Building CXX object utils/TableGen/CMakeFiles/llvm-tblgen.dir/DisassemblerEmitter.cpp.o
[904/3418] Building CXX object utils/TableGen/CMakeFiles/llvm-tblgen.dir/DecoderEmitter.cpp.o
[905/3418] Building CXX object utils/TableGen/CMakeFiles/llvm-tblgen.dir/DFAPacketizerEmitter.cpp.o
[906/3418] Building CXX object utils/TableGen/CMakeFiles/llvm-tblgen.dir/DFAEmitter.cpp.o
[907/3418] Building CXX object utils/TableGen/CMakeFiles/llvm-tblgen.dir/ExegesisEmitter.cpp.o
[908/3418] Building CXX object utils/TableGen/CMakeFiles/llvm-tblgen.dir/DXILEmitter.cpp.o
[909/3418] Building CXX object utils/TableGen/CMakeFiles/llvm-tblgen.dir/FastISelEmitter.cpp.o
[910/3418] Building CXX object utils/TableGen/CMakeFiles/llvm-tblgen.dir/InstrDocsEmitter.cpp.o
[911/3418] Building CXX object utils/TableGen/CMakeFiles/llvm-tblgen.dir/llvm-tblgen.cpp.o
[912/3418] Building CXX object utils/TableGen/CMakeFiles/llvm-tblgen.dir/MacroFusionPredicatorEmitter.cpp.o
[913/3418] Building CXX object utils/TableGen/CMakeFiles/llvm-tblgen.dir/GlobalISelCombinerEmitter.cpp.o
[914/3418] Building CXX object utils/TableGen/CMakeFiles/llvm-tblgen.dir/GlobalISelEmitter.cpp.o
[915/3418] Building CXX object utils/TableGen/CMakeFiles/llvm-tblgen.dir/OptionRSTEmitter.cpp.o
[916/3418] Building CXX object utils/TableGen/CMakeFiles/llvm-tblgen.dir/OptionParserEmitter.cpp.o
[917/3418] Building CXX object utils/TableGen/CMakeFiles/llvm-tblgen.dir/InstrInfoEmitter.cpp.o
[918/3418] Building CXX object utils/TableGen/CMakeFiles/llvm-tblgen.dir/PseudoLoweringEmitter.cpp.o
[919/3418] Building CXX object utils/TableGen/CMakeFiles/llvm-tblgen.dir/RegisterBankEmitter.cpp.o
[920/3418] Building CXX object utils/TableGen/CMakeFiles/llvm-tblgen.dir/SDNodeInfoEmitter.cpp.o
[921/3418] Building CXX object utils/TableGen/CMakeFiles/llvm-tblgen.dir/SearchableTableEmitter.cpp.o
[922/3418] Building CXX object utils/TableGen/CMakeFiles/llvm-tblgen.dir/WebAssemblyDisassemblerEmitter.cpp.o
[923/3418] Building CXX object utils/TableGen/CMakeFiles/llvm-tblgen.dir/RegisterInfoEmitter.cpp.o
[924/3418] Building CXX object utils/TableGen/CMakeFiles/llvm-tblgen.dir/X86DisassemblerTables.cpp.o
[925/3418] Building CXX object utils/TableGen/CMakeFiles/llvm-tblgen.dir/X86InstrMappingEmitter.cpp.o
[926/3418] Building CXX object utils/TableGen/CMakeFiles/llvm-tblgen.dir/SubtargetEmitter.cpp.o
[927/3418] Building CXX object utils/TableGen/CMakeFiles/llvm-tblgen.dir/X86ModRMFilters.cpp.o
[928/3418] Building CXX object utils/TableGen/CMakeFiles/llvm-tblgen.dir/X86MnemonicTables.cpp.o
[929/3418] Building CXX object utils/TableGen/CMakeFiles/llvm-tblgen.dir/X86FoldTablesEmitter.cpp.o
[930/3418] Building CXX object utils/TableGen/Common/CMakeFiles/obj.LLVMTableGenCommon.dir/GlobalISel/MatchTable/MatchTable.cpp.o
[931/3418] Building CXX object utils/TableGen/CMakeFiles/llvm-tblgen.dir/X86RecognizableInstr.cpp.o
[932/3418] Building CXX object utils/TableGen/Common/CMakeFiles/obj.LLVMTableGenCommon.dir/GlobalISel/MatchTable/Types.cpp.o
[933/3418] Building CXX object utils/TableGen/Common/CMakeFiles/obj.LLVMTableGenCommon.dir/GlobalISel/CodeExpander.cpp.o
[934/3418] Building CXX object utils/TableGen/Common/CMakeFiles/obj.LLVMTableGenCommon.dir/GlobalISel/CombinerUtils.cpp.o
[935/3418] Building CXX object utils/TableGen/Common/CMakeFiles/obj.LLVMTableGenCommon.dir/GlobalISel/CXXPredicates.cpp.o
[936/3418] Building CXX object utils/TableGen/Common/CMakeFiles/obj.LLVMTableGenCommon.dir/GlobalISel/PatternParser.cpp.o
[937/3418] Building CXX object utils/TableGen/Common/CMakeFiles/obj.LLVMTableGenCommon.dir/GlobalISel/GlobalISelMatchTableExecutorEmitter.cpp.o
[938/3418] Building CXX object utils/TableGen/Common/CMakeFiles/obj.LLVMTableGenCommon.dir/GlobalISel/Patterns.cpp.o
[939/3418] Building CXX object utils/TableGen/Common/CMakeFiles/obj.LLVMTableGenCommon.dir/AsmWriterInst.cpp.o
[940/3418] Building CXX object utils/TableGen/Common/CMakeFiles/obj.LLVMTableGenCommon.dir/CodeGenHwModes.cpp.o
[941/3418] Building CXX object utils/TableGen/Common/CMakeFiles/obj.LLVMTableGenCommon.dir/GlobalISel/MatchTable/Matchers.cpp.o
[942/3418] Building CXX object utils/TableGen/Common/CMakeFiles/obj.LLVMTableGenCommon.dir/CodeGenInstAlias.cpp.o
[943/3418] Building CXX object utils/TableGen/Common/CMakeFiles/obj.LLVMTableGenCommon.dir/CodeGenInstruction.cpp.o
[944/3418] Building CXX object utils/TableGen/Common/CMakeFiles/obj.LLVMTableGenCommon.dir/CodeGenDAGPatterns.cpp.o
[945/3418] Building CXX object utils/TableGen/Common/CMakeFiles/obj.LLVMTableGenCommon.dir/CodeGenTarget.cpp.o
[946/3418] Building CXX object utils/TableGen/Common/CMakeFiles/obj.LLVMTableGenCommon.dir/CodeGenSchedule.cpp.o
[947/3418] Building CXX object utils/TableGen/Common/CMakeFiles/obj.LLVMTableGenCommon.dir/InfoByHwMode.cpp.o
[948/3418] Building CXX object utils/TableGen/Common/CMakeFiles/obj.LLVMTableGenCommon.dir/InstructionEncoding.cpp.o
[949/3418] Building CXX object utils/TableGen/Common/CMakeFiles/obj.LLVMTableGenCommon.dir/OptEmitter.cpp.o
[950/3418] Building CXX object utils/TableGen/Common/CMakeFiles/obj.LLVMTableGenCommon.dir/Types.cpp.o
[951/3418] Building CXX object utils/TableGen/Common/CMakeFiles/obj.LLVMTableGenCommon.dir/CodeGenRegisters.cpp.o
[952/3418] Building CXX object utils/TableGen/Common/CMakeFiles/obj.LLVMTableGenCommon.dir/PredicateExpander.cpp.o
[953/3418] Linking CXX static library lib/libLLVMCodeGenTypes.a
[954/3418] Building CXX object utils/TableGen/Common/CMakeFiles/obj.LLVMTableGenCommon.dir/SubtargetFeatureInfo.cpp.o
[955/3418] Building CXX object utils/TableGen/Common/CMakeFiles/obj.LLVMTableGenCommon.dir/Utils.cpp.o
[956/3418] Building CXX object lib/Transforms/Utils/CMakeFiles/LLVMTransformUtils.dir/ASanStackFrameLayout.cpp.o
[957/3418] Building CXX object utils/TableGen/Common/CMakeFiles/obj.LLVMTableGenCommon.dir/VarLenCodeEmitterGen.cpp.o
[958/3418] Building CXX object lib/Transforms/Utils/CMakeFiles/LLVMTransformUtils.dir/AMDGPUEmitPrintf.cpp.o
[959/3418] Building CXX object lib/Transforms/Utils/CMakeFiles/LLVMTransformUtils.dir/AddDiscriminators.cpp.o
[960/3418] Building CXX object lib/Transforms/Utils/CMakeFiles/LLVMTransformUtils.dir/AssumeBundleBuilder.cpp.o
[961/3418] Building CXX object lib/Transforms/Utils/CMakeFiles/LLVMTransformUtils.dir/BuildLibCalls.cpp.o
[962/3418] Building CXX object lib/Transforms/Utils/CMakeFiles/LLVMTransformUtils.dir/BreakCriticalEdges.cpp.o
[963/3418] Building CXX object lib/Transforms/Utils/CMakeFiles/LLVMTransformUtils.dir/BasicBlockUtils.cpp.o
[964/3418] Building CXX object lib/Transforms/Utils/CMakeFiles/LLVMTransformUtils.dir/CallGraphUpdater.cpp.o
[965/3418] Building CXX object lib/Transforms/Utils/CMakeFiles/LLVMTransformUtils.dir/BypassSlowDivision.cpp.o
[966/3418] Building CXX object lib/Transforms/Utils/CMakeFiles/LLVMTransformUtils.dir/CanonicalizeAliases.cpp.o
[967/3418] Building CXX object lib/Transforms/Utils/CMakeFiles/LLVMTransformUtils.dir/CallPromotionUtils.cpp.o
[968/3418] Building CXX object lib/Transforms/Utils/CMakeFiles/LLVMTransformUtils.dir/CloneModule.cpp.o
[969/3418] Building CXX object lib/Transforms/Utils/CMakeFiles/LLVMTransformUtils.dir/CanonicalizeFreezeInLoops.cpp.o
[970/3418] Building CXX object lib/Transforms/Utils/CMakeFiles/LLVMTransformUtils.dir/CloneFunction.cpp.o
[971/3418] Building CXX object lib/Transforms/Utils/CMakeFiles/LLVMTransformUtils.dir/CodeMoverUtils.cpp.o
[972/3418] Building CXX object lib/Transforms/Utils/CMakeFiles/LLVMTransformUtils.dir/CodeLayout.cpp.o
[973/3418] Building CXX object lib/Transforms/Utils/CMakeFiles/LLVMTransformUtils.dir/CodeExtractor.cpp.o
[974/3418] Building CXX object lib/Transforms/Utils/CMakeFiles/LLVMTransformUtils.dir/CountVisits.cpp.o
[975/3418] Building CXX object lib/Transforms/Utils/CMakeFiles/LLVMTransformUtils.dir/ControlFlowUtils.cpp.o
[976/3418] Building CXX object lib/Transforms/Utils/CMakeFiles/LLVMTransformUtils.dir/CtorUtils.cpp.o
[977/3418] Building CXX object lib/Transforms/Utils/CMakeFiles/LLVMTransformUtils.dir/DeclareRuntimeLibcalls.cpp.o
[978/3418] Building CXX object lib/Transforms/Utils/CMakeFiles/LLVMTransformUtils.dir/DemoteRegToStack.cpp.o
[979/3418] Building CXX object lib/Transforms/Utils/CMakeFiles/LLVMTransformUtils.dir/DebugSSAUpdater.cpp.o
[980/3418] Building CXX object lib/Transforms/Utils/CMakeFiles/LLVMTransformUtils.dir/DXILUpgrade.cpp.o
[981/3418] Building CXX object lib/Transforms/Utils/CMakeFiles/LLVMTransformUtils.dir/Debugify.cpp.o
[982/3418] Building CXX object lib/Transforms/Utils/CMakeFiles/LLVMTransformUtils.dir/EntryExitInstrumenter.cpp.o
[983/3418] Building CXX object lib/Transforms/Utils/CMakeFiles/LLVMTransformUtils.dir/EscapeEnumerator.cpp.o
[984/3418] Building CXX object lib/Transforms/Utils/CMakeFiles/LLVMTransformUtils.dir/Evaluator.cpp.o
[985/3418] Building CXX object lib/Transforms/Utils/CMakeFiles/LLVMTransformUtils.dir/FlattenCFG.cpp.o
[986/3418] Building CXX object lib/Transforms/Utils/CMakeFiles/LLVMTransformUtils.dir/FixIrreducible.cpp.o
[987/3418] Building CXX object lib/Transforms/Utils/CMakeFiles/LLVMTransformUtils.dir/FunctionComparator.cpp.o
[988/3418] Building CXX object lib/Transforms/Utils/CMakeFiles/LLVMTransformUtils.dir/FunctionImportUtils.cpp.o
[989/3418] Building CXX object lib/Transforms/Utils/CMakeFiles/LLVMTransformUtils.dir/GlobalStatus.cpp.o
[990/3418] Building CXX object lib/Transforms/Utils/CMakeFiles/LLVMTransformUtils.dir/HelloWorld.cpp.o
[991/3418] Building CXX object lib/Transforms/Utils/CMakeFiles/LLVMTransformUtils.dir/GuardUtils.cpp.o
[992/3418] Building CXX object lib/Transforms/Utils/CMakeFiles/LLVMTransformUtils.dir/InstructionNamer.cpp.o
[993/3418] Building CXX object lib/Transforms/Utils/CMakeFiles/LLVMTransformUtils.dir/InjectTLIMappings.cpp.o
[994/3418] Building CXX object lib/Transforms/Utils/CMakeFiles/LLVMTransformUtils.dir/Instrumentation.cpp.o
[995/3418] Building CXX object lib/Transforms/Utils/CMakeFiles/LLVMTransformUtils.dir/IntegerDivision.cpp.o
[996/3418] Building CXX object lib/Transforms/Utils/CMakeFiles/LLVMTransformUtils.dir/KCFIHash.cpp.o
[997/3418] Building CXX object lib/Transforms/Utils/CMakeFiles/LLVMTransformUtils.dir/IRNormalizer.cpp.o
[998/3418] Building CXX object lib/Transforms/Utils/CMakeFiles/LLVMTransformUtils.dir/LibCallsShrinkWrap.cpp.o
[999/3418] Building CXX object lib/Transforms/Utils/CMakeFiles/LLVMTransformUtils.dir/LCSSA.cpp.o
[1000/3418] Building CXX object lib/Transforms/Utils/CMakeFiles/LLVMTransformUtils.dir/InlineFunction.cpp.o
[1001/3418] Building CXX object lib/Transforms/Utils/CMakeFiles/LLVMTransformUtils.dir/LoopConstrainer.cpp.o
[1002/3418] Building CXX object lib/Transforms/Utils/CMakeFiles/LLVMTransformUtils.dir/LoopPeel.cpp.o
[1003/3418] Building CXX object lib/Transforms/Utils/CMakeFiles/LLVMTransformUtils.dir/LoopRotationUtils.cpp.o
[1004/3418] Building CXX object lib/Transforms/Utils/CMakeFiles/LLVMTransformUtils.dir/Local.cpp.o
[1005/3418] Building CXX object lib/Transforms/Utils/CMakeFiles/LLVMTransformUtils.dir/LoopSimplify.cpp.o
[1006/3418] Building CXX object lib/Transforms/Utils/CMakeFiles/LLVMTransformUtils.dir/LoopUnrollAndJam.cpp.o
[1007/3418] Building CXX object lib/Transforms/Utils/CMakeFiles/LLVMTransformUtils.dir/LoopUnroll.cpp.o
[1008/3418] Building CXX object lib/Transforms/Utils/CMakeFiles/LLVMTransformUtils.dir/LoopUnrollRuntime.cpp.o
[1009/3418] Building CXX object lib/Transforms/Utils/CMakeFiles/LLVMTransformUtils.dir/LowerAtomic.cpp.o
[1010/3418] Building CXX object lib/Transforms/Utils/CMakeFiles/LLVMTransformUtils.dir/LowerGlobalDtors.cpp.o
[1011/3418] Building CXX object lib/Transforms/Utils/CMakeFiles/LLVMTransformUtils.dir/LowerIFunc.cpp.o
[1012/3418] Building CXX object lib/Transforms/Utils/CMakeFiles/LLVMTransformUtils.dir/LoopVersioning.cpp.o
[1013/3418] Building CXX object lib/Transforms/Utils/CMakeFiles/LLVMTransformUtils.dir/LoopUtils.cpp.o
[1014/3418] Building CXX object lib/Transforms/Utils/CMakeFiles/LLVMTransformUtils.dir/LowerInvoke.cpp.o
[1015/3418] Building CXX object lib/Transforms/Utils/CMakeFiles/LLVMTransformUtils.dir/LowerVectorIntrinsics.cpp.o
[1016/3418] Building CXX object lib/Transforms/Utils/CMakeFiles/LLVMTransformUtils.dir/LowerSwitch.cpp.o
[1017/3418] Building CXX object lib/Transforms/Utils/CMakeFiles/LLVMTransformUtils.dir/MatrixUtils.cpp.o
[1018/3418] Building CXX object lib/Transforms/Utils/CMakeFiles/LLVMTransformUtils.dir/LowerMemIntrinsics.cpp.o
[1019/3418] Building CXX object lib/Transforms/Utils/CMakeFiles/LLVMTransformUtils.dir/Mem2Reg.cpp.o
[1020/3418] Building CXX object lib/Transforms/Utils/CMakeFiles/LLVMTransformUtils.dir/MemoryOpRemark.cpp.o
[1021/3418] Building CXX object lib/Transforms/Utils/CMakeFiles/LLVMTransformUtils.dir/MetaRenamer.cpp.o
[1022/3418] Building CXX object lib/Transforms/Utils/CMakeFiles/LLVMTransformUtils.dir/MemoryTaggingSupport.cpp.o
[1023/3418] Building CXX object lib/Transforms/Utils/CMakeFiles/LLVMTransformUtils.dir/MisExpect.cpp.o
[1024/3418] Building CXX object lib/Transforms/Utils/CMakeFiles/LLVMTransformUtils.dir/ModuleUtils.cpp.o
[1025/3418] Building CXX object lib/Transforms/Utils/CMakeFiles/LLVMTransformUtils.dir/NameAnonGlobals.cpp.o
[1026/3418] Building CXX object lib/Transforms/Utils/CMakeFiles/LLVMTransformUtils.dir/MoveAutoInit.cpp.o
[1027/3418] Building CXX object lib/Transforms/Utils/CMakeFiles/LLVMTransformUtils.dir/PredicateInfo.cpp.o
[1028/3418] Building CXX object lib/Transforms/Utils/CMakeFiles/LLVMTransformUtils.dir/ProfileVerify.cpp.o
[1029/3418] Building CXX object lib/Transforms/Utils/CMakeFiles/LLVMTransformUtils.dir/RelLookupTableConverter.cpp.o
[1030/3418] Building CXX object lib/Transforms/Utils/CMakeFiles/LLVMTransformUtils.dir/PromoteMemoryToRegister.cpp.o
[1031/3418] Building CXX object lib/Transforms/Utils/CMakeFiles/LLVMTransformUtils.dir/StripConvergenceIntrinsics.cpp.o
[1032/3418] Building CXX object lib/Transforms/Utils/CMakeFiles/LLVMTransformUtils.dir/StripGCRelocates.cpp.o
[1033/3418] Building CXX object lib/Transforms/Utils/CMakeFiles/LLVMTransformUtils.dir/SCCPSolver.cpp.o
[1034/3418] Building CXX object lib/Transforms/Utils/CMakeFiles/LLVMTransformUtils.dir/SSAUpdater.cpp.o
[1035/3418] Building CXX object lib/Transforms/Utils/CMakeFiles/LLVMTransformUtils.dir/ScalarEvolutionExpander.cpp.o
[1036/3418] Building CXX object lib/Transforms/Utils/CMakeFiles/LLVMTransformUtils.dir/SSAUpdaterBulk.cpp.o
[1037/3418] Building CXX object lib/Transforms/Utils/CMakeFiles/LLVMTransformUtils.dir/SanitizerStats.cpp.o
[1038/3418] Building CXX object lib/Transforms/Utils/CMakeFiles/LLVMTransformUtils.dir/SampleProfileInference.cpp.o
[1039/3418] Building CXX object lib/Transforms/Utils/CMakeFiles/LLVMTransformUtils.dir/SampleProfileLoaderBaseUtil.cpp.o
[1040/3418] Building CXX object lib/Transforms/Utils/CMakeFiles/LLVMTransformUtils.dir/SizeOpts.cpp.o
[1041/3418] Building CXX object lib/Transforms/Utils/CMakeFiles/LLVMTransformUtils.dir/SimplifyIndVar.cpp.o
[1042/3418] Building CXX object lib/Transforms/Utils/CMakeFiles/LLVMTransformUtils.dir/SimplifyLibCalls.cpp.o
[1043/3418] Building CXX object lib/Transforms/Utils/CMakeFiles/LLVMTransformUtils.dir/SplitModule.cpp.o
[1044/3418] Building CXX object lib/Transforms/Utils/CMakeFiles/LLVMTransformUtils.dir/StripNonLineTableDebugInfo.cpp.o
[1045/3418] Building CXX object lib/Transforms/Utils/CMakeFiles/LLVMTransformUtils.dir/SymbolRewriter.cpp.o
[1046/3418] Building CXX object lib/Transforms/Utils/CMakeFiles/LLVMTransformUtils.dir/SplitModuleByCategory.cpp.o
[1047/3418] Building CXX object lib/Transforms/Utils/CMakeFiles/LLVMTransformUtils.dir/TriggerCrashPass.cpp.o
[1048/3418] Building CXX object lib/Transforms/Utils/CMakeFiles/LLVMTransformUtils.dir/UnifyFunctionExitNodes.cpp.o
[1049/3418] Building CXX object lib/Transforms/Utils/CMakeFiles/LLVMTransformUtils.dir/Utils.cpp.o
[1050/3418] Building CXX object lib/Transforms/Utils/CMakeFiles/LLVMTransformUtils.dir/UnifyLoopExits.cpp.o
[1051/3418] Linking CXX static library lib/libLLVMAnalysis.a
libtool: warning: 'DevelopmentModeInlineAdvisor.cpp.o' has no symbols
libtool: warning: 'TFLiteUtils.cpp.o' has no symbols
[1052/3418] Building CXX object lib/Transforms/Utils/CMakeFiles/LLVMTransformUtils.dir/SimplifyCFG.cpp.o
[1053/3418] Building CXX object lib/Transforms/Utils/CMakeFiles/LLVMTransformUtils.dir/VNCoercion.cpp.o
[1054/3418] Building CXX object tools/clang/utils/TableGen/CMakeFiles/clang-tblgen.dir/ASTTableGen.cpp.o
[1055/3418] Building CXX object lib/Transforms/Utils/CMakeFiles/LLVMTransformUtils.dir/ValueMapper.cpp.o
[1056/3418] Building CXX object tools/clang/utils/TableGen/CMakeFiles/clang-tblgen.dir/ClangASTNodesEmitter.cpp.o
[1057/3418] Building CXX object tools/clang/utils/TableGen/CMakeFiles/clang-tblgen.dir/CIRLoweringEmitter.cpp.o
[1058/3418] Building CXX object tools/clang/utils/TableGen/CMakeFiles/clang-tblgen.dir/ClangASTPropertiesEmitter.cpp.o
[1059/3418] Building CXX object tools/clang/utils/TableGen/CMakeFiles/clang-tblgen.dir/ClangBuiltinTemplatesEmitter.cpp.o
[1060/3418] Building CXX object tools/clang/utils/TableGen/CMakeFiles/clang-tblgen.dir/ClangCommentCommandInfoEmitter.cpp.o
[1061/3418] Building CXX object tools/clang/utils/TableGen/CMakeFiles/clang-tblgen.dir/ClangBuiltinsEmitter.cpp.o
[1062/3418] Building CXX object tools/clang/utils/TableGen/CMakeFiles/clang-tblgen.dir/ClangCommentHTMLNamedCharacterReferenceEmitter.cpp.o
[1063/3418] Building CXX object tools/clang/utils/TableGen/CMakeFiles/clang-tblgen.dir/ClangCommentHTMLTagsEmitter.cpp.o
[1064/3418] Building CXX object tools/clang/utils/TableGen/CMakeFiles/clang-tblgen.dir/ClangDataCollectorsEmitter.cpp.o
[1065/3418] Building CXX object tools/clang/utils/TableGen/CMakeFiles/clang-tblgen.dir/ClangOpcodesEmitter.cpp.o
[1066/3418] Building CXX object tools/clang/utils/TableGen/CMakeFiles/clang-tblgen.dir/ClangOpenCLBuiltinEmitter.cpp.o
[1067/3418] Building CXX object tools/clang/utils/TableGen/CMakeFiles/clang-tblgen.dir/ClangDiagnosticsEmitter.cpp.o
[1068/3418] Building CXX object tools/clang/utils/TableGen/CMakeFiles/clang-tblgen.dir/ClangAttrEmitter.cpp.o
[1069/3418] Building CXX object tools/clang/utils/TableGen/CMakeFiles/clang-tblgen.dir/ClangOptionDocEmitter.cpp.o
[1070/3418] Building CXX object tools/clang/utils/TableGen/CMakeFiles/clang-tblgen.dir/ClangSACheckersEmitter.cpp.o
[1071/3418] Building CXX object tools/clang/utils/TableGen/CMakeFiles/clang-tblgen.dir/ClangTypeNodesEmitter.cpp.o
[1072/3418] Building CXX object tools/clang/utils/TableGen/CMakeFiles/clang-tblgen.dir/ClangSyntaxEmitter.cpp.o
[1073/3418] Building CXX object tools/clang/utils/TableGen/CMakeFiles/clang-tblgen.dir/HLSLEmitter.cpp.o
[1074/3418] Building CXX object tools/clang/utils/TableGen/CMakeFiles/clang-tblgen.dir/RISCVVEmitter.cpp.o
[1075/3418] Building CXX object tools/clang/utils/TableGen/CMakeFiles/clang-tblgen.dir/MveEmitter.cpp.o
[1076/3418] Building CXX object tools/clang/utils/TableGen/CMakeFiles/clang-tblgen.dir/NeonEmitter.cpp.o
[1077/3418] Building CXX object tools/clang/utils/TableGen/CMakeFiles/clang-tblgen.dir/TableGen.cpp.o
[1078/3418] Linking CXX executable bin/llvm-tblgen
[1079/3418] Building CXX object tools/clang/utils/TableGen/CMakeFiles/clang-tblgen.dir/SveEmitter.cpp.o
[1080/3418] Building CXX object tools/clang/lib/Support/CMakeFiles/obj.clangSupport.dir/RISCVVIntrinsicUtils.cpp.o
[1081/3418] Linking CXX static library lib/libLLVMTransformUtils.a
[1082/3418] Building CXX object lib/Transforms/AggressiveInstCombine/CMakeFiles/LLVMAggressiveInstCombine.dir/TruncInstCombine.cpp.o
[1083/3418] Building CXX object lib/Transforms/AggressiveInstCombine/CMakeFiles/LLVMAggressiveInstCombine.dir/AggressiveInstCombine.cpp.o
[1084/3418] Building CXX object lib/Transforms/InstCombine/CMakeFiles/LLVMInstCombine.dir/InstCombineAtomicRMW.cpp.o
[1085/3418] Building CXX object lib/Transforms/InstCombine/CMakeFiles/LLVMInstCombine.dir/InstCombineAddSub.cpp.o
[1086/3418] Building CXX object lib/Transforms/InstCombine/CMakeFiles/LLVMInstCombine.dir/InstructionCombining.cpp.o
[1087/3418] Building CXX object lib/Transforms/InstCombine/CMakeFiles/LLVMInstCombine.dir/InstCombineCasts.cpp.o
[1088/3418] Building CXX object lib/Transforms/InstCombine/CMakeFiles/LLVMInstCombine.dir/InstCombineAndOrXor.cpp.o
[1089/3418] Building CXX object lib/Transforms/InstCombine/CMakeFiles/LLVMInstCombine.dir/InstCombineCalls.cpp.o
[1090/3418] Building CXX object lib/Transforms/InstCombine/CMakeFiles/LLVMInstCombine.dir/InstCombineLoadStoreAlloca.cpp.o
[1091/3418] Building CXX object lib/Transforms/InstCombine/CMakeFiles/LLVMInstCombine.dir/InstCombineNegator.cpp.o
[1092/3418] Building CXX object lib/Transforms/InstCombine/CMakeFiles/LLVMInstCombine.dir/InstCombineMulDivRem.cpp.o
[1093/3418] Building CXX object lib/Transforms/InstCombine/CMakeFiles/LLVMInstCombine.dir/InstCombineCompares.cpp.o
[1094/3418] Building CXX object lib/Transforms/InstCombine/CMakeFiles/LLVMInstCombine.dir/InstCombinePHI.cpp.o
[1095/3418] Building CXX object lib/Transforms/InstCombine/CMakeFiles/LLVMInstCombine.dir/InstCombineShifts.cpp.o
[1096/3418] Building CXX object lib/ObjectYAML/CMakeFiles/LLVMObjectYAML.dir/ArchiveEmitter.cpp.o
[1097/3418] Building CXX object lib/Transforms/InstCombine/CMakeFiles/LLVMInstCombine.dir/InstCombineSimplifyDemanded.cpp.o
[1098/3418] Building CXX object lib/Transforms/InstCombine/CMakeFiles/LLVMInstCombine.dir/InstCombineSelect.cpp.o
[1099/3418] Building CXX object lib/ObjectYAML/CMakeFiles/LLVMObjectYAML.dir/ArchiveYAML.cpp.o
[1100/3418] Building CXX object lib/ObjectYAML/CMakeFiles/LLVMObjectYAML.dir/BBAddrMapYAML.cpp.o
[1101/3418] Building CXX object lib/Transforms/InstCombine/CMakeFiles/LLVMInstCombine.dir/InstCombineVectorOps.cpp.o
[1102/3418] Building CXX object lib/ObjectYAML/CMakeFiles/LLVMObjectYAML.dir/CodeViewYAMLTypeHashing.cpp.o
[1103/3418] Building CXX object lib/ObjectYAML/CMakeFiles/LLVMObjectYAML.dir/CodeViewYAMLDebugSections.cpp.o
[1104/3418] Building CXX object lib/ObjectYAML/CMakeFiles/LLVMObjectYAML.dir/CodeViewYAMLSymbols.cpp.o
[1105/3418] Building CXX object lib/ObjectYAML/CMakeFiles/LLVMObjectYAML.dir/CodeViewYAMLTypes.cpp.o
[1106/3418] Building CXX object lib/ObjectYAML/CMakeFiles/LLVMObjectYAML.dir/COFFEmitter.cpp.o
[1107/3418] Building CXX object lib/ObjectYAML/CMakeFiles/LLVMObjectYAML.dir/COFFYAML.cpp.o
[1108/3418] Building CXX object lib/ObjectYAML/CMakeFiles/LLVMObjectYAML.dir/DWARFEmitter.cpp.o
[1109/3418] Building CXX object lib/ObjectYAML/CMakeFiles/LLVMObjectYAML.dir/DXContainerEmitter.cpp.o
[1110/3418] Building CXX object lib/ObjectYAML/CMakeFiles/LLVMObjectYAML.dir/DXContainerYAML.cpp.o
[1111/3418] Building CXX object lib/ObjectYAML/CMakeFiles/LLVMObjectYAML.dir/DWARFYAML.cpp.o
[1112/3418] Building CXX object lib/ObjectYAML/CMakeFiles/LLVMObjectYAML.dir/GOFFYAML.cpp.o
[1113/3418] Building CXX object lib/ObjectYAML/CMakeFiles/LLVMObjectYAML.dir/GOFFEmitter.cpp.o
[1114/3418] Building CXX object lib/ObjectYAML/CMakeFiles/LLVMObjectYAML.dir/MachOEmitter.cpp.o
[1115/3418] Building CXX object lib/ObjectYAML/CMakeFiles/LLVMObjectYAML.dir/MachOYAML.cpp.o
[1116/3418] Building CXX object lib/ObjectYAML/CMakeFiles/LLVMObjectYAML.dir/ELFEmitter.cpp.o
[1117/3418] Building CXX object lib/ObjectYAML/CMakeFiles/LLVMObjectYAML.dir/MinidumpEmitter.cpp.o
[1118/3418] Building CXX object lib/ObjectYAML/CMakeFiles/LLVMObjectYAML.dir/ELFYAML.cpp.o
[1119/3418] Building CXX object lib/ObjectYAML/CMakeFiles/LLVMObjectYAML.dir/ObjectYAML.cpp.o
[1120/3418] Building CXX object lib/ObjectYAML/CMakeFiles/LLVMObjectYAML.dir/OffloadEmitter.cpp.o
[1121/3418] Building CXX object lib/ObjectYAML/CMakeFiles/LLVMObjectYAML.dir/MinidumpYAML.cpp.o
[1122/3418] Building CXX object lib/ObjectYAML/CMakeFiles/LLVMObjectYAML.dir/OffloadYAML.cpp.o
[1123/3418] Building CXX object lib/ObjectYAML/CMakeFiles/LLVMObjectYAML.dir/WasmYAML.cpp.o
[1124/3418] Building CXX object lib/ObjectYAML/CMakeFiles/LLVMObjectYAML.dir/XCOFFYAML.cpp.o
[1125/3418] Building CXX object lib/ObjectYAML/CMakeFiles/LLVMObjectYAML.dir/WasmEmitter.cpp.o
[1126/3418] Building CXX object lib/ObjectYAML/CMakeFiles/LLVMObjectYAML.dir/XCOFFEmitter.cpp.o
[1127/3418] Linking CXX executable bin/clang-tblgen
[1128/3418] Building OMP.h.inc...
[1129/3418] Building OMP.inc...
[1130/3418] Building CXX object lib/Frontend/Directive/CMakeFiles/LLVMFrontendDirective.dir/Spelling.cpp.o
[1131/3418] Building CXX object lib/ObjectYAML/CMakeFiles/LLVMObjectYAML.dir/YAML.cpp.o
[1132/3418] Building CXX object lib/Frontend/Atomic/CMakeFiles/LLVMFrontendAtomic.dir/Atomic.cpp.o
[1133/3418] Building CXX object lib/Frontend/Offloading/CMakeFiles/LLVMFrontendOffloading.dir/OffloadWrapper.cpp.o
[1134/3418] Linking CXX static library lib/libLLVMAggressiveInstCombine.a
[1135/3418] Building CXX object lib/ObjectYAML/CMakeFiles/LLVMObjectYAML.dir/yaml2obj.cpp.o
[1136/3418] Linking CXX static library lib/libLLVMInstCombine.a
[1137/3418] Building CXX object lib/Frontend/Offloading/CMakeFiles/LLVMFrontendOffloading.dir/PropertySet.cpp.o
[1138/3418] Building CXX object lib/Frontend/Offloading/CMakeFiles/LLVMFrontendOffloading.dir/Utility.cpp.o
[1139/3418] Building CXX object lib/Transforms/Scalar/CMakeFiles/LLVMScalarOpts.dir/AnnotationRemarks.cpp.o
[1140/3418] Building CXX object lib/Transforms/Scalar/CMakeFiles/LLVMScalarOpts.dir/AlignmentFromAssumptions.cpp.o
[1141/3418] Building CXX object lib/Transforms/Scalar/CMakeFiles/LLVMScalarOpts.dir/BDCE.cpp.o
[1142/3418] Building CXX object lib/Transforms/Scalar/CMakeFiles/LLVMScalarOpts.dir/ADCE.cpp.o
[1143/3418] Building CXX object lib/Transforms/Scalar/CMakeFiles/LLVMScalarOpts.dir/CallSiteSplitting.cpp.o
[1144/3418] Building CXX object lib/Transforms/Scalar/CMakeFiles/LLVMScalarOpts.dir/ConstantHoisting.cpp.o
[1145/3418] Building CXX object lib/Transforms/Scalar/CMakeFiles/LLVMScalarOpts.dir/CorrelatedValuePropagation.cpp.o
[1146/3418] Building CXX object lib/Transforms/Scalar/CMakeFiles/LLVMScalarOpts.dir/DCE.cpp.o
[1147/3418] Building CXX object lib/Transforms/Scalar/CMakeFiles/LLVMScalarOpts.dir/ConstraintElimination.cpp.o
[1148/3418] Building CXX object lib/Transforms/Scalar/CMakeFiles/LLVMScalarOpts.dir/DivRemPairs.cpp.o
[1149/3418] Building CXX object lib/Transforms/Scalar/CMakeFiles/LLVMScalarOpts.dir/DropUnnecessaryAssumes.cpp.o
[1150/3418] Building CXX object lib/Transforms/Scalar/CMakeFiles/LLVMScalarOpts.dir/DeadStoreElimination.cpp.o
[1151/3418] Building CXX object lib/Transforms/Scalar/CMakeFiles/LLVMScalarOpts.dir/DFAJumpThreading.cpp.o
[1152/3418] Building CXX object lib/Transforms/Scalar/CMakeFiles/LLVMScalarOpts.dir/FlattenCFGPass.cpp.o
[1153/3418] Building CXX object lib/Transforms/Scalar/CMakeFiles/LLVMScalarOpts.dir/ExpandMemCmp.cpp.o
[1154/3418] Building CXX object lib/Transforms/Scalar/CMakeFiles/LLVMScalarOpts.dir/EarlyCSE.cpp.o
[1155/3418] Building CXX object lib/Transforms/Scalar/CMakeFiles/LLVMScalarOpts.dir/Float2Int.cpp.o
[1156/3418] Building CXX object lib/Transforms/Scalar/CMakeFiles/LLVMScalarOpts.dir/GuardWidening.cpp.o
[1157/3418] Building CXX object lib/Transforms/Scalar/CMakeFiles/LLVMScalarOpts.dir/IVUsersPrinter.cpp.o
[1158/3418] Building CXX object lib/Transforms/Scalar/CMakeFiles/LLVMScalarOpts.dir/GVNHoist.cpp.o
[1159/3418] Building CXX object lib/Transforms/Scalar/CMakeFiles/LLVMScalarOpts.dir/GVNSink.cpp.o
[1160/3418] Building CXX object lib/Transforms/Scalar/CMakeFiles/LLVMScalarOpts.dir/GVN.cpp.o
[1161/3418] Building CXX object lib/Transforms/Scalar/CMakeFiles/LLVMScalarOpts.dir/InductiveRangeCheckElimination.cpp.o
[1162/3418] Building CXX object lib/Transforms/Scalar/CMakeFiles/LLVMScalarOpts.dir/InferAddressSpaces.cpp.o
[1163/3418] Building CXX object lib/Transforms/Scalar/CMakeFiles/LLVMScalarOpts.dir/InferAlignment.cpp.o
[1164/3418] Building CXX object lib/Transforms/Scalar/CMakeFiles/LLVMScalarOpts.dir/InstSimplifyPass.cpp.o
[1165/3418] Building CXX object lib/Transforms/Scalar/CMakeFiles/LLVMScalarOpts.dir/IndVarSimplify.cpp.o
[1166/3418] Building CXX object lib/Transforms/Scalar/CMakeFiles/LLVMScalarOpts.dir/LoopAccessAnalysisPrinter.cpp.o
[1167/3418] Building CXX object lib/Transforms/Scalar/CMakeFiles/LLVMScalarOpts.dir/JumpTableToSwitch.cpp.o
[1168/3418] Building CXX object lib/Transforms/Scalar/CMakeFiles/LLVMScalarOpts.dir/JumpThreading.cpp.o
[1169/3418] Building CXX object lib/Transforms/Scalar/CMakeFiles/LLVMScalarOpts.dir/LoopBoundSplit.cpp.o
[1170/3418] Building CXX object lib/Transforms/Scalar/CMakeFiles/LLVMScalarOpts.dir/LoopSink.cpp.o
[1171/3418] Building CXX object lib/Transforms/Scalar/CMakeFiles/LLVMScalarOpts.dir/LICM.cpp.o
[1172/3418] Building CXX object lib/Transforms/Scalar/CMakeFiles/LLVMScalarOpts.dir/LoopDeletion.cpp.o
[1173/3418] Building CXX object lib/Transforms/Scalar/CMakeFiles/LLVMScalarOpts.dir/LoopDataPrefetch.cpp.o
[1174/3418] Building CXX object lib/Transforms/Scalar/CMakeFiles/LLVMScalarOpts.dir/LoopDistribute.cpp.o
[1175/3418] Building CXX object lib/Transforms/Scalar/CMakeFiles/LLVMScalarOpts.dir/LoopFuse.cpp.o
[1176/3418] Building CXX object lib/Transforms/Scalar/CMakeFiles/LLVMScalarOpts.dir/LoopInstSimplify.cpp.o
[1177/3418] Building CXX object lib/Transforms/Scalar/CMakeFiles/LLVMScalarOpts.dir/LoopIdiomRecognize.cpp.o
[1178/3418] Building CXX object lib/Transforms/Scalar/CMakeFiles/LLVMScalarOpts.dir/LoopFlatten.cpp.o
[1179/3418] Building CXX object lib/Transforms/Scalar/CMakeFiles/LLVMScalarOpts.dir/LoopInterchange.cpp.o
[1180/3418] Building CXX object lib/Transforms/Scalar/CMakeFiles/LLVMScalarOpts.dir/LoopLoadElimination.cpp.o
[1181/3418] Building CXX object lib/Transforms/Scalar/CMakeFiles/LLVMScalarOpts.dir/LoopPassManager.cpp.o
[1182/3418] Building CXX object lib/Transforms/Scalar/CMakeFiles/LLVMScalarOpts.dir/LoopPredication.cpp.o
[1183/3418] Building CXX object lib/Transforms/Scalar/CMakeFiles/LLVMScalarOpts.dir/LoopRotation.cpp.o
[1184/3418] Building CXX object lib/Transforms/Scalar/CMakeFiles/LLVMScalarOpts.dir/LoopSimplifyCFG.cpp.o
[1185/3418] Building CXX object lib/Transforms/Scalar/CMakeFiles/LLVMScalarOpts.dir/LoopTermFold.cpp.o
[1186/3418] Building CXX object lib/Transforms/Scalar/CMakeFiles/LLVMScalarOpts.dir/LoopUnrollAndJamPass.cpp.o
[1187/3418] Building CXX object lib/Transforms/Scalar/CMakeFiles/LLVMScalarOpts.dir/LoopUnrollPass.cpp.o
[1188/3418] Building CXX object lib/Transforms/Scalar/CMakeFiles/LLVMScalarOpts.dir/LowerAtomicPass.cpp.o
[1189/3418] Building CXX object lib/Transforms/Scalar/CMakeFiles/LLVMScalarOpts.dir/LoopVersioningLICM.cpp.o
[1190/3418] Building CXX object lib/Transforms/Scalar/CMakeFiles/LLVMScalarOpts.dir/LowerExpectIntrinsic.cpp.o
[1191/3418] Building CXX object lib/Transforms/Scalar/CMakeFiles/LLVMScalarOpts.dir/LowerConstantIntrinsics.cpp.o
[1192/3418] Building CXX object lib/Transforms/Scalar/CMakeFiles/LLVMScalarOpts.dir/LoopStrengthReduce.cpp.o
/Users/ravn/z80/llvm-z80-pre-upstream-merge/llvm/lib/Transforms/Scalar/LoopStrengthReduce.cpp:1438:21: warning: unused variable 'DL' [-Wunused-variable]
 1438 |   const DataLayout &DL = L->getHeader()->getModule()->getDataLayout();
      |                     ^~
1 warning generated.
[1193/3418] Building CXX object lib/Transforms/Scalar/CMakeFiles/LLVMScalarOpts.dir/LowerGuardIntrinsic.cpp.o
[1194/3418] Building CXX object lib/Transforms/Scalar/CMakeFiles/LLVMScalarOpts.dir/MakeGuardsExplicit.cpp.o
[1195/3418] Building CXX object lib/Transforms/Scalar/CMakeFiles/LLVMScalarOpts.dir/LowerWidenableCondition.cpp.o
[1196/3418] Building CXX object lib/Transforms/Scalar/CMakeFiles/LLVMScalarOpts.dir/MergedLoadStoreMotion.cpp.o
[1197/3418] Building CXX object lib/Transforms/Scalar/CMakeFiles/LLVMScalarOpts.dir/MemCpyOptimizer.cpp.o
[1198/3418] Building CXX object lib/Transforms/Scalar/CMakeFiles/LLVMScalarOpts.dir/MergeICmps.cpp.o
[1199/3418] Building CXX object lib/Transforms/Scalar/CMakeFiles/LLVMScalarOpts.dir/LowerMatrixIntrinsics.cpp.o
[1200/3418] Building CXX object lib/Transforms/Scalar/CMakeFiles/LLVMScalarOpts.dir/NaryReassociate.cpp.o
[1201/3418] Building CXX object lib/Transforms/Scalar/CMakeFiles/LLVMScalarOpts.dir/PartiallyInlineLibCalls.cpp.o
[1202/3418] Building CXX object lib/Transforms/Scalar/CMakeFiles/LLVMScalarOpts.dir/PlaceSafepoints.cpp.o
[1203/3418] Building CXX object lib/Transforms/Scalar/CMakeFiles/LLVMScalarOpts.dir/Reg2Mem.cpp.o
[1204/3418] Building CXX object lib/Transforms/Scalar/CMakeFiles/LLVMScalarOpts.dir/NewGVN.cpp.o
[1205/3418] Building CXX object lib/Transforms/Scalar/CMakeFiles/LLVMScalarOpts.dir/Reassociate.cpp.o
[1206/3418] Building CXX object lib/Transforms/Scalar/CMakeFiles/LLVMScalarOpts.dir/Scalar.cpp.o
[1207/3418] Building CXX object lib/Transforms/Scalar/CMakeFiles/LLVMScalarOpts.dir/SCCP.cpp.o
[1208/3418] Building CXX object lib/Transforms/Scalar/CMakeFiles/LLVMScalarOpts.dir/RewriteStatepointsForGC.cpp.o
[1209/3418] Building CXX object lib/Transforms/Scalar/CMakeFiles/LLVMScalarOpts.dir/ScalarizeMaskedMemIntrin.cpp.o
[1210/3418] Building CXX object lib/Transforms/Scalar/CMakeFiles/LLVMScalarOpts.dir/Scalarizer.cpp.o
[1211/3418] Building CXX object lib/Transforms/Scalar/CMakeFiles/LLVMScalarOpts.dir/SeparateConstOffsetFromGEP.cpp.o
[1212/3418] Building CXX object lib/Transforms/Scalar/CMakeFiles/LLVMScalarOpts.dir/SimplifyCFGPass.cpp.o
[1213/3418] Building CXX object lib/Transforms/Scalar/CMakeFiles/LLVMScalarOpts.dir/Sink.cpp.o
[1214/3418] Building CXX object lib/Transforms/Scalar/CMakeFiles/LLVMScalarOpts.dir/SROA.cpp.o
[1215/3418] Building CXX object lib/Transforms/Scalar/CMakeFiles/LLVMScalarOpts.dir/SpeculativeExecution.cpp.o
[1216/3418] Building CXX object lib/Transforms/Scalar/CMakeFiles/LLVMScalarOpts.dir/SimpleLoopUnswitch.cpp.o
[1217/3418] Building CXX object lib/Transforms/Scalar/CMakeFiles/LLVMScalarOpts.dir/StraightLineStrengthReduce.cpp.o
[1218/3418] Linking CXX static library lib/libLLVMObjectYAML.a
[1219/3418] Building CXX object lib/Transforms/Scalar/CMakeFiles/LLVMScalarOpts.dir/TailRecursionElimination.cpp.o
[1220/3418] Building Attrs.inc...
[1221/3418] Building AttrTextNodeDump.inc...
[1222/3418] Building AttrImpl.inc...
[1223/3418] Building AttrNodeTraverse.inc...
[1224/3418] Building AttrVisitor.inc...
[1225/3418] Building StmtNodes.inc...
[1226/3418] Building DeclNodes.inc...
[1227/3418] Building TypeNodes.inc...
[1228/3418] Building AbstractBasicReader.inc...
[1229/3418] Building AbstractBasicWriter.inc...
[1230/3418] Building AbstractTypeWriter.inc...
[1231/3418] Building AbstractTypeReader.inc...
[1232/3418] Building CommentNodes.inc...
[1233/3418] Building CommentHTMLTags.inc...
[1234/3418] Building CommentHTMLNamedCharacterReferences.inc...
[1235/3418] Building CommentHTMLTagsProperties.inc...
[1236/3418] Building CommentCommandInfo.inc...
[1237/3418] Building CommentCommandList.inc...
[1238/3418] Building StmtDataCollectors.inc...
[1239/3418] Building DiagnosticAnalysisKinds.inc...
[1240/3418] Building DiagnosticAnalysisEnums.inc...
[1241/3418] Building DiagnosticAnalysisCompatIDs.inc...
[1242/3418] Building DiagnosticAnalysisInterface.inc...
[1243/3418] Building DiagnosticASTKinds.inc...
[1244/3418] Building DiagnosticASTEnums.inc...
[1245/3418] Building CXX object lib/Transforms/Scalar/CMakeFiles/LLVMScalarOpts.dir/StructurizeCFG.cpp.o
[1246/3418] Building DiagnosticASTCompatIDs.inc...
[1247/3418] Building DiagnosticASTInterface.inc...
[1248/3418] Building DiagnosticCommentKinds.inc...
[1249/3418] Building DiagnosticCommentEnums.inc...
[1250/3418] Building DiagnosticCommentCompatIDs.inc...
[1251/3418] Building DiagnosticCommentInterface.inc...
[1252/3418] Building DiagnosticCommonEnums.inc...
[1253/3418] Building DiagnosticCommonCompatIDs.inc...
[1254/3418] Building DiagnosticCommonKinds.inc...
[1255/3418] Building DiagnosticCommonInterface.inc...
[1256/3418] Building DiagnosticCrossTUKinds.inc...
[1257/3418] Building DiagnosticCrossTUEnums.inc...
[1258/3418] Building DiagnosticCrossTUCompatIDs.inc...
[1259/3418] Building DiagnosticCrossTUInterface.inc...
[1260/3418] Building DiagnosticDriverKinds.inc...
[1261/3418] Building DiagnosticDriverEnums.inc...
[1262/3418] Building DiagnosticDriverCompatIDs.inc...
[1263/3418] Building DiagnosticDriverInterface.inc...
[1264/3418] Building DiagnosticFrontendEnums.inc...
[1265/3418] Building DiagnosticFrontendKinds.inc...
[1266/3418] Building DiagnosticFrontendCompatIDs.inc...
[1267/3418] Building DiagnosticFrontendInterface.inc...
[1268/3418] Building DiagnosticInstallAPIKinds.inc...
[1269/3418] Building DiagnosticInstallAPIEnums.inc...
[1270/3418] Building DiagnosticInstallAPICompatIDs.inc...
[1271/3418] Building DiagnosticInstallAPIInterface.inc...
[1272/3418] Building DiagnosticLexKinds.inc...
[1273/3418] Building DiagnosticLexEnums.inc...
[1274/3418] Building DiagnosticLexCompatIDs.inc...
[1275/3418] Building DiagnosticLexInterface.inc...
[1276/3418] Building DiagnosticParseEnums.inc...
[1277/3418] Building DiagnosticParseKinds.inc...
[1278/3418] Building DiagnosticParseCompatIDs.inc...
[1279/3418] Building DiagnosticParseInterface.inc...
[1280/3418] Building DiagnosticRefactoringKinds.inc...
[1281/3418] Building DiagnosticRefactoringEnums.inc...
[1282/3418] Building DiagnosticRefactoringCompatIDs.inc...
[1283/3418] Building DiagnosticRefactoringInterface.inc...
[1284/3418] Building DiagnosticSemaKinds.inc...
[1285/3418] Building DiagnosticSemaEnums.inc...
[1286/3418] Building DiagnosticSemaCompatIDs.inc...
[1287/3418] Building DiagnosticSemaInterface.inc...
[1288/3418] Building DiagnosticSerializationKinds.inc...
[1289/3418] Building DiagnosticSerializationEnums.inc...
[1290/3418] Building DiagnosticSerializationCompatIDs.inc...
[1291/3418] Building DiagnosticSerializationInterface.inc...
[1292/3418] Building DiagnosticTrapKinds.inc...
[1293/3418] Building DiagnosticTrapEnums.inc...
[1294/3418] Building DiagnosticTrapCompatIDs.inc...
[1295/3418] Building DiagnosticTrapInterface.inc...
[1296/3418] Building DiagnosticGroups.inc...
[1297/3418] Building DiagnosticIndexName.inc...
[1298/3418] Building DiagnosticStableIDs.inc...
[1299/3418] Building AttrList.inc...
[1300/3418] Building AttrParsedAttrList.inc...
[1301/3418] Building DiagnosticAllCompatIDs.inc...
[1302/3418] Building AttrSubMatchRulesList.inc...
[1303/3418] Building RegularKeywordAttrInfo.inc...
[1304/3418] Building AttrHasAttributeImpl.inc...
[1305/3418] Building CXX11AttributeInfo.inc...
[1306/3418] Building AttributeSpellingList.inc...
[1307/3418] Building Builtins.inc...
[1308/3418] Building BuiltinsAArch64.inc...
[1309/3418] Building BuiltinsBPF.inc...
[1310/3418] Building BuiltinsAMDGPU.inc...
[1311/3418] Building BuiltinsDirectX.inc...
[1312/3418] Building CXX object lib/Transforms/Scalar/CMakeFiles/LLVMScalarOpts.dir/WarnMissedTransforms.cpp.o
[1313/3418] Building BuiltinsHexagon.inc...
[1314/3418] Building BuiltinsRISCV.inc...
[1315/3418] Building BuiltinsNVPTX.inc...
[1316/3418] Building BuiltinsSPIRVCommon.inc...
[1317/3418] Building BuiltinsSPIRVVK.inc...
[1318/3418] Building BuiltinsSPIRVCL.inc...
[1319/3418] Building BuiltinsSystemZ.inc...
[1320/3418] Building BuiltinsZ80.inc...
[1321/3418] Building BuiltinsX86_64.inc...
[1322/3418] Building BuiltinTemplates.inc...
[1323/3418] Building BuiltinsX86.inc...
[1324/3418] Building arm_fp16.inc...
[1325/3418] Building arm_immcheck_types.inc...
[1326/3418] Building arm_neon.inc...
[1327/3418] Building arm_mve_builtins.inc...
[1328/3418] Building arm_mve_builtin_sema.inc...
[1329/3418] Building arm_mve_builtin_aliases.inc...
[1330/3418] Building arm_mve_builtin_cg.inc...
[1331/3418] Building arm_sve_typeflags.inc...
[1332/3418] Building arm_sve_builtins.json...
[1333/3418] Building arm_sve_builtins.inc...
[1334/3418] Building arm_sve_streaming_attrs.inc...
[1335/3418] Building arm_sve_builtin_cg.inc...
[1336/3418] Building arm_sme_builtins.inc...
[1337/3418] Building arm_sme_builtins.json...
[1338/3418] Building arm_sme_builtin_cg.inc...
[1339/3418] Building arm_sve_sema_rangechecks.inc...
[1340/3418] Building arm_sme_streaming_attrs.inc...
[1341/3418] Building arm_sme_sema_rangechecks.inc...
[1342/3418] Building arm_sme_builtins_za_state.inc...
[1343/3418] Building arm_cde_builtins.inc...
[1344/3418] Building arm_cde_builtin_cg.inc...
[1345/3418] Building arm_cde_builtin_sema.inc...
[1346/3418] Building arm_cde_builtin_aliases.inc...
[1347/3418] Building riscv_sifive_vector_builtins.inc...
[1348/3418] Building riscv_sifive_vector_builtin_cg.inc...
[1349/3418] Building riscv_vector_builtins.inc...
[1350/3418] Building riscv_sifive_vector_builtin_sema.inc...
[1351/3418] Building riscv_vector_builtin_sema.inc...
[1352/3418] Building riscv_andes_vector_builtins.inc...
[1353/3418] Building riscv_vector_builtin_cg.inc...
[1354/3418] Building riscv_andes_vector_builtin_cg.inc...
[1355/3418] Building riscv_andes_vector_builtin_sema.inc...
[1356/3418] Building AttrParserStringSwitches.inc...
[1357/3418] Building AttrTemplateInstantiate.inc...
[1358/3418] Building AttrSubMatchRulesParserStringSwitches.inc...
[1359/3418] Building AttrParsedAttrKinds.inc...
[1360/3418] Building AttrIsTypeDependent.inc...
[1361/3418] Building AttrSpellingListIndex.inc...
[1362/3418] Building AttrPCHRead.inc...
[1363/3418] Building AttrPCHWrite.inc...
[1364/3418] Building AttrParsedAttrImpl.inc...
[1365/3418] Building Checkers.inc...
[1366/3418] Building Nodes.inc...
[1367/3418] Building NodeClasses.inc...
[1368/3418] Linking CXX static library lib/libLLVMFrontendDirective.a
[1369/3418] Linking CXX static library lib/libLLVMFrontendAtomic.a
[1370/3418] Building Options.inc...
[1371/3418] Building CXX object lib/Frontend/OpenMP/CMakeFiles/LLVMFrontendOpenMP.dir/DirectiveNameParser.cpp.o
[1372/3418] Linking CXX static library lib/libLLVMFrontendOffloading.a
[1373/3418] Building CXX object lib/Frontend/OpenMP/CMakeFiles/LLVMFrontendOpenMP.dir/OMPContext.cpp.o
[1374/3418] Linking CXX static library lib/libLLVMScalarOpts.a
[1375/3418] Generating VCSVersion.inc
[1376/3418] Building CXX object tools/clang/lib/Basic/CMakeFiles/obj.clangBasic.dir/ASTSourceDescriptor.cpp.o
[1377/3418] Building CXX object lib/Frontend/OpenMP/CMakeFiles/LLVMFrontendOpenMP.dir/OMP.cpp.o
[1378/3418] Building CXX object tools/clang/lib/Lex/CMakeFiles/obj.clangLex.dir/DependencyDirectivesScanner.cpp.o
[1379/3418] Building CXX object tools/clang/lib/Basic/CMakeFiles/obj.clangBasic.dir/CLWarnings.cpp.o
[1380/3418] Building CXX object tools/clang/lib/Basic/CMakeFiles/obj.clangBasic.dir/CharInfo.cpp.o
[1381/3418] Building CXX object tools/clang/lib/Basic/CMakeFiles/obj.clangBasic.dir/Builtins.cpp.o
[1382/3418] Building CXX object tools/clang/lib/Basic/CMakeFiles/obj.clangBasic.dir/Cuda.cpp.o
[1383/3418] Building CXX object tools/clang/lib/Basic/CMakeFiles/obj.clangBasic.dir/CodeGenOptions.cpp.o
[1384/3418] Building CXX object tools/clang/lib/Basic/CMakeFiles/obj.clangBasic.dir/DarwinSDKInfo.cpp.o
[1385/3418] Building CXX object tools/clang/lib/Basic/CMakeFiles/obj.clangBasic.dir/Attributes.cpp.o
[1386/3418] Building CXX object tools/clang/lib/Basic/CMakeFiles/obj.clangBasic.dir/DiagnosticOptions.cpp.o
[1387/3418] Building CXX object tools/clang/lib/Basic/CMakeFiles/obj.clangBasic.dir/ExpressionTraits.cpp.o
[1388/3418] Building CXX object tools/clang/lib/Basic/CMakeFiles/obj.clangBasic.dir/Diagnostic.cpp.o
[1389/3418] Building CXX object tools/clang/lib/Basic/CMakeFiles/obj.clangBasic.dir/FileEntry.cpp.o
[1390/3418] Building CXX object tools/clang/lib/Basic/CMakeFiles/obj.clangBasic.dir/DiagnosticIDs.cpp.o
[1391/3418] Building CXX object tools/clang/lib/Basic/CMakeFiles/obj.clangBasic.dir/FileManager.cpp.o
[1392/3418] Building CXX object tools/clang/lib/Basic/CMakeFiles/obj.clangBasic.dir/LangStandards.cpp.o
[1393/3418] Building CXX object tools/clang/lib/Basic/CMakeFiles/obj.clangBasic.dir/LangOptions.cpp.o
[1394/3418] Building CXX object tools/clang/lib/Basic/CMakeFiles/obj.clangBasic.dir/IdentifierTable.cpp.o
[1395/3418] Building CXX object tools/clang/lib/Basic/CMakeFiles/obj.clangBasic.dir/MakeSupport.cpp.o
[1396/3418] Building CXX object tools/clang/lib/Basic/CMakeFiles/obj.clangBasic.dir/ObjCRuntime.cpp.o
[1397/3418] Building CXX object tools/clang/lib/Basic/CMakeFiles/obj.clangBasic.dir/OffloadArch.cpp.o
[1398/3418] Building CXX object lib/Frontend/OpenMP/CMakeFiles/LLVMFrontendOpenMP.dir/OMPIRBuilder.cpp.o
[1399/3418] Linking CXX static library lib/libLLVMFrontendOpenMP.a
[1400/3418] Building CXX object tools/clang/lib/Basic/CMakeFiles/obj.clangBasic.dir/Module.cpp.o
[1401/3418] Building CXX object tools/clang/lib/Basic/CMakeFiles/obj.clangBasic.dir/OperatorPrecedence.cpp.o
[1402/3418] Building CXX object tools/clang/lib/Basic/CMakeFiles/obj.clangBasic.dir/OpenCLOptions.cpp.o
[1403/3418] Building CXX object tools/clang/lib/Basic/CMakeFiles/obj.clangBasic.dir/OpenMPKinds.cpp.o
[1404/3418] Building CXX object tools/clang/lib/Basic/CMakeFiles/obj.clangBasic.dir/ParsedAttrInfo.cpp.o
[1405/3418] Building CXX object tools/clang/lib/Basic/CMakeFiles/obj.clangBasic.dir/SanitizerSpecialCaseList.cpp.o
[1406/3418] Building CXX object tools/clang/lib/Basic/CMakeFiles/obj.clangBasic.dir/NoSanitizeList.cpp.o
[1407/3418] Building CXX object tools/clang/lib/Basic/CMakeFiles/obj.clangBasic.dir/ProfileList.cpp.o
[1408/3418] Building CXX object tools/clang/lib/Basic/CMakeFiles/obj.clangBasic.dir/Sanitizers.cpp.o
[1409/3418] Building CXX object tools/clang/lib/Basic/CMakeFiles/obj.clangBasic.dir/SimpleTypoCorrection.cpp.o
[1410/3418] Building CXX object tools/clang/lib/Basic/CMakeFiles/obj.clangBasic.dir/SourceLocation.cpp.o
[1411/3418] Building CXX object tools/clang/lib/Basic/CMakeFiles/obj.clangBasic.dir/Sarif.cpp.o
[1412/3418] Building CXX object tools/clang/lib/Basic/CMakeFiles/obj.clangBasic.dir/Stack.cpp.o
[1413/3418] Building CXX object tools/clang/lib/Basic/CMakeFiles/obj.clangBasic.dir/SourceMgrAdapter.cpp.o
[1414/3418] Building CXX object tools/clang/lib/Basic/CMakeFiles/obj.clangBasic.dir/StackExhaustionHandler.cpp.o
[1415/3418] Building CXX object tools/clang/lib/Basic/CMakeFiles/obj.clangBasic.dir/TargetID.cpp.o
[1416/3418] Building CXX object tools/clang/lib/Basic/CMakeFiles/obj.clangBasic.dir/SourceManager.cpp.o
[1417/3418] Building CXX object tools/clang/lib/Basic/CMakeFiles/obj.clangBasic.dir/TargetInfo.cpp.o
[1418/3418] Building CXX object tools/clang/lib/Basic/CMakeFiles/obj.clangBasic.dir/Targets/ARC.cpp.o
[1419/3418] Building CXX object tools/clang/lib/Basic/CMakeFiles/obj.clangBasic.dir/Targets/AMDGPU.cpp.o
[1420/3418] Building CXX object tools/clang/lib/Basic/CMakeFiles/obj.clangBasic.dir/Targets/AArch64.cpp.o
[1421/3418] Building CXX object tools/clang/lib/Basic/CMakeFiles/obj.clangBasic.dir/Targets/AVR.cpp.o
[1422/3418] Building CXX object tools/clang/lib/Basic/CMakeFiles/obj.clangBasic.dir/Targets.cpp.o
[1423/3418] Building CXX object tools/clang/lib/Basic/CMakeFiles/obj.clangBasic.dir/Targets/BPF.cpp.o
[1424/3418] Building CXX object tools/clang/lib/Basic/CMakeFiles/obj.clangBasic.dir/Targets/ARM.cpp.o
[1425/3418] Building CXX object tools/clang/lib/Basic/CMakeFiles/obj.clangBasic.dir/Targets/CSKY.cpp.o
[1426/3418] Building CXX object tools/clang/lib/Basic/CMakeFiles/obj.clangBasic.dir/Targets/DirectX.cpp.o
[1427/3418] Building CXX object tools/clang/lib/Basic/CMakeFiles/obj.clangBasic.dir/Targets/Lanai.cpp.o
[1428/3418] Building CXX object tools/clang/lib/Basic/CMakeFiles/obj.clangBasic.dir/Targets/Hexagon.cpp.o
[1429/3418] Building CXX object tools/clang/lib/Basic/CMakeFiles/obj.clangBasic.dir/Targets/MSP430.cpp.o
[1430/3418] Building CXX object tools/clang/lib/Basic/CMakeFiles/obj.clangBasic.dir/Targets/M68k.cpp.o
[1431/3418] Building CXX object tools/clang/lib/Basic/CMakeFiles/obj.clangBasic.dir/Targets/LoongArch.cpp.o
[1432/3418] Building CXX object tools/clang/lib/Basic/CMakeFiles/obj.clangBasic.dir/Targets/Mips.cpp.o
[1433/3418] Building CXX object tools/clang/lib/Basic/CMakeFiles/obj.clangBasic.dir/Targets/NVPTX.cpp.o
[1434/3418] Building CXX object tools/clang/lib/Basic/CMakeFiles/obj.clangBasic.dir/Targets/OSTargets.cpp.o
[1435/3418] Building CXX object tools/clang/lib/Basic/CMakeFiles/obj.clangBasic.dir/Targets/PPC.cpp.o
[1436/3418] Building CXX object tools/clang/lib/Basic/CMakeFiles/obj.clangBasic.dir/Targets/Sparc.cpp.o
[1437/3418] Building CXX object tools/clang/lib/Basic/CMakeFiles/obj.clangBasic.dir/Targets/RISCV.cpp.o
[1438/3418] Building CXX object tools/clang/lib/Basic/CMakeFiles/obj.clangBasic.dir/Targets/SPIR.cpp.o
[1439/3418] Building CXX object tools/clang/lib/Basic/CMakeFiles/obj.clangBasic.dir/Targets/TCE.cpp.o
[1440/3418] Building CXX object tools/clang/lib/Basic/CMakeFiles/obj.clangBasic.dir/Targets/SystemZ.cpp.o
[1441/3418] Building CXX object tools/clang/lib/Basic/CMakeFiles/obj.clangBasic.dir/Targets/VE.cpp.o
[1442/3418] Building CXX object tools/clang/lib/Basic/CMakeFiles/obj.clangBasic.dir/Targets/WebAssembly.cpp.o
[1443/3418] Building CXX object tools/clang/lib/Basic/CMakeFiles/obj.clangBasic.dir/Targets/XCore.cpp.o
[1444/3418] Building CXX object tools/clang/lib/Basic/CMakeFiles/obj.clangBasic.dir/Targets/Xtensa.cpp.o
[1445/3418] Building CXX object tools/clang/lib/Basic/CMakeFiles/obj.clangBasic.dir/TokenKinds.cpp.o
[1446/3418] Building CXX object tools/clang/lib/Basic/CMakeFiles/obj.clangBasic.dir/TypeTraits.cpp.o
[1447/3418] Building CXX object tools/clang/lib/Basic/CMakeFiles/obj.clangBasic.dir/Targets/Z80.cpp.o
[1448/3418] Building CXX object tools/clang/lib/Basic/CMakeFiles/obj.clangBasic.dir/Targets/X86.cpp.o
[1449/3418] Building CXX object tools/clang/lib/Basic/CMakeFiles/obj.clangBasic.dir/Version.cpp.o
[1450/3418] Building CXX object tools/clang/lib/Basic/CMakeFiles/obj.clangBasic.dir/XRayInstr.cpp.o
[1451/3418] Building CXX object tools/clang/lib/Basic/CMakeFiles/obj.clangBasic.dir/Warnings.cpp.o
[1452/3418] Building CXX object tools/clang/lib/Lex/CMakeFiles/obj.clangLex.dir/HeaderMap.cpp.o
[1453/3418] Building CXX object tools/clang/lib/Basic/CMakeFiles/obj.clangBasic.dir/XRayLists.cpp.o
[1454/3418] Linking CXX static library lib/libclangBasic.a
[1455/3418] Building CXX object tools/clang/lib/Lex/CMakeFiles/obj.clangLex.dir/LexHLSLRootSignature.cpp.o
[1456/3418] Building CXX object tools/clang/lib/Lex/CMakeFiles/obj.clangLex.dir/InitHeaderSearch.cpp.o
[1457/3418] Building CXX object tools/clang/lib/Lex/CMakeFiles/obj.clangLex.dir/Lexer.cpp.o
[1458/3418] Building CXX object tools/clang/lib/Lex/CMakeFiles/obj.clangLex.dir/HeaderSearch.cpp.o
[1459/3418] Building CXX object tools/clang/lib/Lex/CMakeFiles/obj.clangLex.dir/MacroArgs.cpp.o
[1460/3418] Building CXX object tools/clang/lib/Lex/CMakeFiles/obj.clangLex.dir/LiteralSupport.cpp.o
[1461/3418] Building CXX object tools/clang/lib/Lex/CMakeFiles/obj.clangLex.dir/MacroInfo.cpp.o
[1462/3418] Building CXX object tools/clang/lib/Lex/CMakeFiles/obj.clangLex.dir/PPCaching.cpp.o
[1463/3418] Building CXX object tools/clang/lib/Lex/CMakeFiles/obj.clangLex.dir/ModuleMapFile.cpp.o
[1464/3418] Building CXX object tools/clang/lib/Lex/CMakeFiles/obj.clangLex.dir/PPCallbacks.cpp.o
[1465/3418] Building CXX object tools/clang/lib/Lex/CMakeFiles/obj.clangLex.dir/PPConditionalDirectiveRecord.cpp.o
[1466/3418] Building CXX object tools/clang/lib/Lex/CMakeFiles/obj.clangLex.dir/ModuleMap.cpp.o
[1467/3418] Building CXX object tools/clang/lib/Lex/CMakeFiles/obj.clangLex.dir/PPExpressions.cpp.o
[1468/3418] Building CXX object tools/clang/lib/Lex/CMakeFiles/obj.clangLex.dir/PPDirectives.cpp.o
[1469/3418] Building CXX object tools/clang/lib/Lex/CMakeFiles/obj.clangLex.dir/PPLexerChange.cpp.o
[1470/3418] Building CXX object tools/clang/lib/Lex/CMakeFiles/obj.clangLex.dir/PPMacroExpansion.cpp.o
[1471/3418] Building CXX object tools/clang/lib/Lex/CMakeFiles/obj.clangLex.dir/Pragma.cpp.o
[1472/3418] Building CXX object tools/clang/lib/Lex/CMakeFiles/obj.clangLex.dir/PreprocessingRecord.cpp.o
[1473/3418] Building CXX object tools/clang/lib/Lex/CMakeFiles/obj.clangLex.dir/ScratchBuffer.cpp.o
[1474/3418] Building CXX object tools/clang/lib/Lex/CMakeFiles/obj.clangLex.dir/Preprocessor.cpp.o
[1475/3418] Building CXX object tools/clang/lib/Lex/CMakeFiles/obj.clangLex.dir/PreprocessorLexer.cpp.o
[1476/3418] Building Opcodes.inc...
[1477/3418] Building AttrDocTable.inc...
[1478/3418] Building CXX object tools/clang/lib/Lex/CMakeFiles/obj.clangLex.dir/TokenConcatenation.cpp.o
[1479/3418] Building CXX object tools/clang/lib/Lex/CMakeFiles/obj.clangLex.dir/TokenLexer.cpp.o
[1480/3418] Linking CXX static library lib/libclangLex.a
[1481/3418] Building CXX object tools/clang/lib/AST/CMakeFiles/obj.clangAST.dir/ASTConcept.cpp.o
[1482/3418] Building CXX object tools/clang/lib/AST/CMakeFiles/obj.clangAST.dir/APValue.cpp.o
[1483/3418] Building CXX object tools/clang/lib/AST/CMakeFiles/obj.clangAST.dir/ASTConsumer.cpp.o
[1484/3418] Building CXX object tools/clang/lib/AST/CMakeFiles/obj.clangAST.dir/ASTDiagnostic.cpp.o
[1485/3418] Building CXX object tools/clang/lib/AST/CMakeFiles/obj.clangAST.dir/ASTDumper.cpp.o
[1486/3418] Building CXX object tools/clang/lib/ASTMatchers/CMakeFiles/obj.clangASTMatchers.dir/ASTMatchFinder.cpp.o
[1487/3418] Building CXX object tools/clang/lib/AST/CMakeFiles/obj.clangAST.dir/ASTImporter.cpp.o
[1488/3418] Building CXX object tools/clang/lib/AST/CMakeFiles/obj.clangAST.dir/ASTImporterLookupTable.cpp.o
[1489/3418] Building CXX object tools/clang/lib/AST/CMakeFiles/obj.clangAST.dir/ASTStructuralEquivalence.cpp.o
[1490/3418] Building CXX object tools/clang/lib/AST/CMakeFiles/obj.clangAST.dir/AttrDocTable.cpp.o
[1491/3418] Building CXX object tools/clang/lib/AST/CMakeFiles/obj.clangAST.dir/ASTTypeTraits.cpp.o
[1492/3418] Building CXX object tools/clang/lib/AST/CMakeFiles/obj.clangAST.dir/Availability.cpp.o
[1493/3418] Building CXX object tools/clang/lib/AST/CMakeFiles/obj.clangAST.dir/Comment.cpp.o
[1494/3418] Building CXX object tools/clang/lib/AST/CMakeFiles/obj.clangAST.dir/CommentBriefParser.cpp.o
[1495/3418] Building CXX object tools/clang/lib/AST/CMakeFiles/obj.clangAST.dir/CommentCommandTraits.cpp.o
[1496/3418] Building CXX object tools/clang/lib/AST/CMakeFiles/obj.clangAST.dir/CommentLexer.cpp.o
[1497/3418] Building CXX object tools/clang/lib/AST/CMakeFiles/obj.clangAST.dir/CommentParser.cpp.o
[1498/3418] Building CXX object tools/clang/lib/AST/CMakeFiles/obj.clangAST.dir/ComparisonCategories.cpp.o
[1499/3418] Building CXX object tools/clang/lib/AST/CMakeFiles/obj.clangAST.dir/CommentSema.cpp.o
[1500/3418] Building CXX object tools/clang/lib/AST/CMakeFiles/obj.clangAST.dir/ComputeDependence.cpp.o
[1501/3418] Building CXX object tools/clang/lib/AST/CMakeFiles/obj.clangAST.dir/CXXInheritance.cpp.o
[1502/3418] Building CXX object tools/clang/lib/AST/CMakeFiles/obj.clangAST.dir/DataCollection.cpp.o
[1503/3418] Building CXX object tools/clang/lib/AST/CMakeFiles/obj.clangAST.dir/AttrImpl.cpp.o
[1504/3418] Building CXX object tools/clang/lib/AST/CMakeFiles/obj.clangAST.dir/DeclarationName.cpp.o
[1505/3418] Building CXX object tools/clang/lib/AST/CMakeFiles/obj.clangAST.dir/Decl.cpp.o
[1506/3418] Building CXX object tools/clang/lib/AST/CMakeFiles/obj.clangAST.dir/ASTContext.cpp.o
[1507/3418] Building CXX object tools/clang/lib/AST/CMakeFiles/obj.clangAST.dir/DeclFriend.cpp.o
[1508/3418] Building CXX object tools/clang/lib/AST/CMakeFiles/obj.clangAST.dir/DeclBase.cpp.o
[1509/3418] Building CXX object tools/clang/lib/AST/CMakeFiles/obj.clangAST.dir/DeclCXX.cpp.o
[1510/3418] Building CXX object tools/clang/lib/AST/CMakeFiles/obj.clangAST.dir/DeclGroup.cpp.o
[1511/3418] Building CXX object tools/clang/lib/AST/CMakeFiles/obj.clangAST.dir/DeclOpenACC.cpp.o
[1512/3418] Building CXX object tools/clang/lib/AST/CMakeFiles/obj.clangAST.dir/DeclOpenMP.cpp.o
[1513/3418] Building CXX object tools/clang/lib/AST/CMakeFiles/obj.clangAST.dir/DeclObjC.cpp.o
[1514/3418] Building CXX object tools/clang/lib/AST/CMakeFiles/obj.clangAST.dir/DeclPrinter.cpp.o
[1515/3418] Building CXX object tools/clang/lib/AST/CMakeFiles/obj.clangAST.dir/DeclTemplate.cpp.o
[1516/3418] Building CXX object tools/clang/lib/AST/CMakeFiles/obj.clangAST.dir/ExprClassification.cpp.o
[1517/3418] Building CXX object tools/clang/lib/AST/CMakeFiles/obj.clangAST.dir/ExprConcepts.cpp.o
[1518/3418] Building CXX object tools/clang/lib/AST/CMakeFiles/obj.clangAST.dir/ParentMapContext.cpp.o
[1519/3418] Building CXX object tools/clang/lib/AST/CMakeFiles/obj.clangAST.dir/Expr.cpp.o
[1520/3418] Building CXX object tools/clang/lib/AST/CMakeFiles/obj.clangAST.dir/ExprObjC.cpp.o
[1521/3418] Building CXX object tools/clang/lib/AST/CMakeFiles/obj.clangAST.dir/ExprCXX.cpp.o
[1522/3418] Building CXX object tools/clang/lib/AST/CMakeFiles/obj.clangAST.dir/DynamicRecursiveASTVisitor.cpp.o
[1523/3418] Building CXX object tools/clang/lib/AST/CMakeFiles/obj.clangAST.dir/ExternalASTSource.cpp.o
[1524/3418] Building CXX object tools/clang/lib/AST/CMakeFiles/obj.clangAST.dir/ExternalASTMerger.cpp.o
[1525/3418] Building CXX object tools/clang/lib/AST/CMakeFiles/obj.clangAST.dir/FormatString.cpp.o
[1526/3418] Building CXX object tools/clang/lib/AST/CMakeFiles/obj.clangAST.dir/InferAlloc.cpp.o
[1527/3418] Building CXX object tools/clang/lib/AST/CMakeFiles/obj.clangAST.dir/InheritViz.cpp.o
[1528/3418] Building CXX object tools/clang/lib/AST/CMakeFiles/obj.clangAST.dir/ByteCode/BitcastBuffer.cpp.o
[1529/3418] Building CXX object tools/clang/lib/AST/CMakeFiles/obj.clangAST.dir/ByteCode/ByteCodeEmitter.cpp.o
[1530/3418] Building CXX object tools/clang/lib/AST/CMakeFiles/obj.clangAST.dir/ByteCode/Context.cpp.o
[1531/3418] Building CXX object tools/clang/lib/AST/CMakeFiles/obj.clangAST.dir/ByteCode/Descriptor.cpp.o
[1532/3418] Building CXX object tools/clang/lib/AST/CMakeFiles/obj.clangAST.dir/ExprConstant.cpp.o
[1533/3418] Building CXX object tools/clang/lib/AST/CMakeFiles/obj.clangAST.dir/ByteCode/Compiler.cpp.o
[1534/3418] Building CXX object tools/clang/lib/AST/CMakeFiles/obj.clangAST.dir/ByteCode/Function.cpp.o
[1535/3418] Building CXX object tools/clang/lib/AST/CMakeFiles/obj.clangAST.dir/ByteCode/Disasm.cpp.o
[1536/3418] Building CXX object tools/clang/lib/AST/CMakeFiles/obj.clangAST.dir/ByteCode/Floating.cpp.o
[1537/3418] Building CXX object tools/clang/lib/AST/CMakeFiles/obj.clangAST.dir/ByteCode/InterpBuiltinBitCast.cpp.o
[1538/3418] Building CXX object tools/clang/lib/AST/CMakeFiles/obj.clangAST.dir/ByteCode/InterpBuiltin.cpp.o
[1539/3418] Building CXX object tools/clang/lib/AST/CMakeFiles/obj.clangAST.dir/ByteCode/InitMap.cpp.o
[1540/3418] Building CXX object tools/clang/lib/AST/CMakeFiles/obj.clangAST.dir/ByteCode/EvaluationResult.cpp.o
[1541/3418] Building CXX object tools/clang/lib/AST/CMakeFiles/obj.clangAST.dir/ByteCode/DynamicAllocator.cpp.o
[1542/3418] Building CXX object tools/clang/lib/AST/CMakeFiles/obj.clangAST.dir/ByteCode/InterpBlock.cpp.o
[1543/3418] Building CXX object tools/clang/lib/AST/CMakeFiles/obj.clangAST.dir/ByteCode/InterpFrame.cpp.o
[1544/3418] Building CXX object tools/clang/lib/AST/CMakeFiles/obj.clangAST.dir/ByteCode/InterpStack.cpp.o
[1545/3418] Building CXX object tools/clang/lib/AST/CMakeFiles/obj.clangAST.dir/ByteCode/EvalEmitter.cpp.o
[1546/3418] Building CXX object tools/clang/lib/AST/CMakeFiles/obj.clangAST.dir/ByteCode/InterpState.cpp.o
[1547/3418] Building CXX object tools/clang/lib/AST/CMakeFiles/obj.clangAST.dir/ByteCode/PrimType.cpp.o
[1548/3418] Building CXX object tools/clang/lib/AST/CMakeFiles/obj.clangAST.dir/ByteCode/Pointer.cpp.o
[1549/3418] Building CXX object tools/clang/lib/AST/CMakeFiles/obj.clangAST.dir/ByteCode/Program.cpp.o
[1550/3418] Building CXX object tools/clang/lib/AST/CMakeFiles/obj.clangAST.dir/ByteCode/Source.cpp.o
[1551/3418] Building CXX object tools/clang/lib/AST/CMakeFiles/obj.clangAST.dir/ByteCode/Record.cpp.o
[1552/3418] Building CXX object tools/clang/lib/AST/CMakeFiles/obj.clangAST.dir/ByteCode/State.cpp.o
[1553/3418] Building CXX object tools/clang/lib/AST/CMakeFiles/obj.clangAST.dir/ByteCode/InterpShared.cpp.o
[1554/3418] Building CXX object tools/clang/lib/AST/CMakeFiles/obj.clangAST.dir/ByteCode/MemberPointer.cpp.o
[1555/3418] Building CXX object tools/clang/lib/AST/CMakeFiles/obj.clangAST.dir/HLSLResource.cpp.o
[1556/3418] Building CXX object tools/clang/lib/AST/CMakeFiles/obj.clangAST.dir/ItaniumCXXABI.cpp.o
[1557/3418] Building CXX object tools/clang/lib/AST/CMakeFiles/obj.clangAST.dir/ByteCode/Interp.cpp.o
[1558/3418] Building CXX object tools/clang/lib/AST/CMakeFiles/obj.clangAST.dir/ItaniumMangle.cpp.o
[1559/3418] Building CXX object tools/clang/lib/AST/CMakeFiles/obj.clangAST.dir/Mangle.cpp.o
[1560/3418] Building CXX object tools/clang/lib/AST/CMakeFiles/obj.clangAST.dir/JSONNodeDumper.cpp.o
[1561/3418] Building CXX object tools/clang/lib/AST/CMakeFiles/obj.clangAST.dir/NestedNameSpecifier.cpp.o
[1562/3418] Building CXX object tools/clang/lib/AST/CMakeFiles/obj.clangAST.dir/MicrosoftCXXABI.cpp.o
[1563/3418] Building CXX object tools/clang/lib/AST/CMakeFiles/obj.clangAST.dir/NSAPI.cpp.o
[1564/3418] Building CXX object tools/clang/lib/AST/CMakeFiles/obj.clangAST.dir/MicrosoftMangle.cpp.o
[1565/3418] Building CXX object tools/clang/lib/AST/CMakeFiles/obj.clangAST.dir/ODRDiagsEmitter.cpp.o
[1566/3418] Building CXX object tools/clang/lib/AST/CMakeFiles/obj.clangAST.dir/ODRHash.cpp.o
[1567/3418] Building CXX object tools/clang/lib/AST/CMakeFiles/obj.clangAST.dir/OpenACCClause.cpp.o
[1568/3418] Building CXX object tools/clang/lib/AST/CMakeFiles/obj.clangAST.dir/ParentMap.cpp.o
[1569/3418] Building CXX object tools/clang/lib/AST/CMakeFiles/obj.clangAST.dir/OSLog.cpp.o
[1570/3418] Building CXX object tools/clang/lib/AST/CMakeFiles/obj.clangAST.dir/PrintfFormatString.cpp.o
[1571/3418] Building CXX object tools/clang/lib/AST/CMakeFiles/obj.clangAST.dir/OpenMPClause.cpp.o
[1572/3418] Building CXX object tools/clang/lib/AST/CMakeFiles/obj.clangAST.dir/QualTypeNames.cpp.o
[1573/3418] Building CXX object tools/clang/lib/AST/CMakeFiles/obj.clangAST.dir/Randstruct.cpp.o
[1574/3418] Building CXX object tools/clang/lib/AST/CMakeFiles/obj.clangAST.dir/RawCommentList.cpp.o
[1575/3418] Building CXX object tools/clang/lib/AST/CMakeFiles/obj.clangAST.dir/RecordLayout.cpp.o
[1576/3418] Building CXX object tools/clang/lib/AST/CMakeFiles/obj.clangAST.dir/ScanfFormatString.cpp.o
[1577/3418] Building CXX object tools/clang/lib/AST/CMakeFiles/obj.clangAST.dir/SelectorLocationsKind.cpp.o
[1578/3418] Building CXX object tools/clang/lib/AST/CMakeFiles/obj.clangAST.dir/StmtIterator.cpp.o
[1579/3418] Building CXX object tools/clang/lib/AST/CMakeFiles/obj.clangAST.dir/StmtCXX.cpp.o
[1580/3418] Building CXX object tools/clang/lib/AST/CMakeFiles/obj.clangAST.dir/RecordLayoutBuilder.cpp.o
[1581/3418] Building CXX object tools/clang/lib/AST/CMakeFiles/obj.clangAST.dir/Stmt.cpp.o
[1582/3418] Building CXX object tools/clang/lib/AST/CMakeFiles/obj.clangAST.dir/StmtObjC.cpp.o
[1583/3418] Building CXX object tools/clang/lib/AST/CMakeFiles/obj.clangAST.dir/StmtOpenACC.cpp.o
[1584/3418] Building CXX object tools/clang/lib/AST/CMakeFiles/obj.clangAST.dir/StmtOpenMP.cpp.o
[1585/3418] Building CXX object tools/clang/lib/AST/CMakeFiles/obj.clangAST.dir/StmtViz.cpp.o
[1586/3418] Building CXX object tools/clang/lib/AST/CMakeFiles/obj.clangAST.dir/StmtProfile.cpp.o
[1587/3418] Building CXX object tools/clang/lib/AST/CMakeFiles/obj.clangAST.dir/TemplateName.cpp.o
[1588/3418] Building CXX object tools/clang/lib/AST/CMakeFiles/obj.clangAST.dir/TemplateBase.cpp.o
[1589/3418] Building CXX object tools/clang/lib/AST/CMakeFiles/obj.clangAST.dir/StmtPrinter.cpp.o
[1590/3418] Building CXX object tools/clang/lib/AST/CMakeFiles/obj.clangAST.dir/TypeLoc.cpp.o
[1591/3418] Building CXX object tools/clang/lib/AST/CMakeFiles/obj.clangAST.dir/TypePrinter.cpp.o
/Users/ravn/z80/llvm-z80-pre-upstream-merge/clang/lib/AST/TypePrinter.cpp:1995:11: warning: 5 enumeration values not handled in switch: 'SDCCCall', 'Z80AllReg', 'Z80Callee'... [-Wswitch]
 1995 |   switch (T->getAttrKind()) {
      |           ^~~~~~~~~~~~~~~~
/Users/ravn/z80/llvm-z80-pre-upstream-merge/clang/lib/AST/TypePrinter.cpp:1995:11: note: add missing switch cases
 1995 |   switch (T->getAttrKind()) {
      |           ^
1 warning generated.
[1592/3418] Building CXX object tools/clang/lib/AST/CMakeFiles/obj.clangAST.dir/Type.cpp.o
[1593/3418] Building CXX object tools/clang/lib/AST/CMakeFiles/obj.clangAST.dir/VTTBuilder.cpp.o
[1594/3418] Building CXX object tools/clang/lib/AST/CMakeFiles/obj.clangAST.dir/TextNodeDumper.cpp.o
[1595/3418] Building CXX object tools/clang/lib/ASTMatchers/CMakeFiles/obj.clangASTMatchers.dir/LowLevelHelpers.cpp.o
[1596/3418] Building CXX object tools/clang/lib/Analysis/CMakeFiles/obj.clangAnalysis.dir/AnnexKDetection.cpp.o
[1597/3418] Building CXX object tools/clang/lib/AST/CMakeFiles/obj.clangAST.dir/VTableBuilder.cpp.o
[1598/3418] Building CXX object tools/clang/lib/Analysis/CMakeFiles/obj.clangAnalysis.dir/AnalysisDeclContext.cpp.o
[1599/3418] Linking CXX static library lib/libclangAST.a
[1600/3418] Building CXX object tools/clang/lib/ASTMatchers/CMakeFiles/obj.clangASTMatchers.dir/ASTMatchersInternal.cpp.o
[1601/3418] Linking CXX static library lib/libclangASTMatchers.a
[1602/3418] Building CXX object tools/clang/lib/Analysis/CMakeFiles/obj.clangAnalysis.dir/BodyFarm.cpp.o
[1603/3418] Building CXX object tools/clang/lib/Analysis/CMakeFiles/obj.clangAnalysis.dir/CFGBackEdges.cpp.o
[1604/3418] Building CXX object tools/clang/lib/Analysis/CMakeFiles/obj.clangAnalysis.dir/CFGReachabilityAnalysis.cpp.o
[1605/3418] Building CXX object tools/clang/lib/Analysis/CMakeFiles/obj.clangAnalysis.dir/CalledOnceCheck.cpp.o
[1606/3418] Building CXX object tools/clang/lib/Analysis/CMakeFiles/obj.clangAnalysis.dir/CFGStmtMap.cpp.o
[1607/3418] Building CXX object tools/clang/lib/Analysis/CMakeFiles/obj.clangAnalysis.dir/CFG.cpp.o
[1608/3418] Building CXX object tools/clang/lib/Analysis/CMakeFiles/obj.clangAnalysis.dir/CallGraph.cpp.o
[1609/3418] Building CXX object tools/clang/lib/Analysis/CMakeFiles/obj.clangAnalysis.dir/CocoaConventions.cpp.o
[1610/3418] Building CXX object tools/clang/lib/Analysis/CMakeFiles/obj.clangAnalysis.dir/CodeInjector.cpp.o
[1611/3418] Building CXX object tools/clang/lib/Analysis/CMakeFiles/obj.clangAnalysis.dir/ConstructionContext.cpp.o
[1612/3418] Building CXX object tools/clang/lib/Analysis/CMakeFiles/obj.clangAnalysis.dir/CloneDetection.cpp.o
[1613/3418] Building CXX object tools/clang/lib/Analysis/CMakeFiles/obj.clangAnalysis.dir/Dominators.cpp.o
[1614/3418] Building CXX object tools/clang/lib/Analysis/CMakeFiles/obj.clangAnalysis.dir/Consumed.cpp.o
[1615/3418] Building CXX object tools/clang/lib/Analysis/CMakeFiles/obj.clangAnalysis.dir/FixitUtil.cpp.o
[1616/3418] Building CXX object tools/clang/lib/Analysis/CMakeFiles/obj.clangAnalysis.dir/IssueHash.cpp.o
[1617/3418] Building CXX object tools/clang/lib/Analysis/CMakeFiles/obj.clangAnalysis.dir/IntervalPartition.cpp.o
[1618/3418] Building CXX object tools/clang/lib/Analysis/CMakeFiles/obj.clangAnalysis.dir/MacroExpansionContext.cpp.o
[1619/3418] Building CXX object tools/clang/lib/Analysis/CMakeFiles/obj.clangAnalysis.dir/ObjCNoReturn.cpp.o
[1620/3418] Building CXX object tools/clang/lib/Analysis/CMakeFiles/obj.clangAnalysis.dir/LiveVariables.cpp.o
[1621/3418] Building CXX object tools/clang/lib/Analysis/CMakeFiles/obj.clangAnalysis.dir/ExprMutationAnalyzer.cpp.o
[1622/3418] Building CXX object tools/clang/lib/Analysis/CMakeFiles/obj.clangAnalysis.dir/PostOrderCFGView.cpp.o
[1623/3418] Building CXX object tools/clang/lib/Analysis/CMakeFiles/obj.clangAnalysis.dir/PathDiagnostic.cpp.o
[1624/3418] Building CXX object tools/clang/lib/Analysis/CMakeFiles/obj.clangAnalysis.dir/ProgramPoint.cpp.o
[1625/3418] Building CXX object tools/clang/lib/Analysis/CMakeFiles/obj.clangAnalysis.dir/ReachableCode.cpp.o
[1626/3418] Building CXX object tools/clang/lib/Analysis/CMakeFiles/obj.clangAnalysis.dir/ThreadSafetyLogical.cpp.o
[1627/3418] Building CXX object tools/clang/lib/Analysis/CMakeFiles/obj.clangAnalysis.dir/RetainSummaryManager.cpp.o
[1628/3418] Building CXX object tools/clang/lib/Analysis/CMakeFiles/obj.clangAnalysis.dir/ThreadSafetyTIL.cpp.o
[1629/3418] Building CXX object tools/clang/lib/Analysis/CMakeFiles/obj.clangAnalysis.dir/ThreadSafetyCommon.cpp.o
[1630/3418] Building ACC.h.inc...
[1631/3418] Building ACC.inc...
[1632/3418] Building CXX object tools/clang/lib/Analysis/CMakeFiles/obj.clangAnalysis.dir/ThreadSafety.cpp.o
[1633/3418] Building CXX object tools/clang/lib/APINotes/CMakeFiles/obj.clangAPINotes.dir/APINotesManager.cpp.o
[1634/3418] Building CXX object tools/clang/lib/APINotes/CMakeFiles/obj.clangAPINotes.dir/APINotesTypes.cpp.o
[1635/3418] Building CXX object tools/clang/lib/Analysis/CMakeFiles/obj.clangAnalysis.dir/UninitializedValues.cpp.o
[1636/3418] Building CXX object tools/clang/lib/APINotes/CMakeFiles/obj.clangAPINotes.dir/APINotesReader.cpp.o
[1637/3418] Building OpenCLBuiltins.inc...
[1638/3418] Building CXX object tools/clang/lib/APINotes/CMakeFiles/obj.clangAPINotes.dir/APINotesYAMLCompiler.cpp.o
[1639/3418] Building CXX object tools/clang/lib/Analysis/LifetimeSafety/CMakeFiles/obj.clangAnalysisLifetimeSafety.dir/Checker.cpp.o
[1640/3418] Building CXX object tools/clang/lib/Analysis/CMakeFiles/obj.clangAnalysis.dir/UnsafeBufferUsage.cpp.o
[1641/3418] Linking CXX static library lib/libclangAnalysis.a
[1642/3418] Building CXX object tools/clang/lib/Analysis/LifetimeSafety/CMakeFiles/obj.clangAnalysisLifetimeSafety.dir/Facts.cpp.o
[1643/3418] Building CXX object tools/clang/lib/APINotes/CMakeFiles/obj.clangAPINotes.dir/APINotesWriter.cpp.o
[1644/3418] Building CXX object tools/clang/lib/Analysis/LifetimeSafety/CMakeFiles/obj.clangAnalysisLifetimeSafety.dir/LifetimeAnnotations.cpp.o
[1645/3418] Building CXX object tools/clang/lib/Analysis/LifetimeSafety/CMakeFiles/obj.clangAnalysisLifetimeSafety.dir/FactsGenerator.cpp.o
[1646/3418] Building CXX object tools/clang/lib/Analysis/LifetimeSafety/CMakeFiles/obj.clangAnalysisLifetimeSafety.dir/LifetimeSafety.cpp.o
[1647/3418] Building CXX object tools/clang/lib/Analysis/LifetimeSafety/CMakeFiles/obj.clangAnalysisLifetimeSafety.dir/LifetimeStats.cpp.o
[1648/3418] Building CXX object tools/clang/lib/Analysis/LifetimeSafety/CMakeFiles/obj.clangAnalysisLifetimeSafety.dir/LiveOrigins.cpp.o
[1649/3418] Building CXX object tools/clang/lib/Analysis/LifetimeSafety/CMakeFiles/obj.clangAnalysisLifetimeSafety.dir/Loans.cpp.o
[1650/3418] Building CXX object tools/clang/lib/Edit/CMakeFiles/obj.clangEdit.dir/Commit.cpp.o
[1651/3418] Building CXX object tools/clang/lib/Analysis/LifetimeSafety/CMakeFiles/obj.clangAnalysisLifetimeSafety.dir/MovedLoans.cpp.o
[1652/3418] Building CXX object tools/clang/lib/Analysis/LifetimeSafety/CMakeFiles/obj.clangAnalysisLifetimeSafety.dir/LoanPropagation.cpp.o
[1653/3418] Building CXX object lib/Option/CMakeFiles/LLVMOption.dir/Arg.cpp.o
[1654/3418] Building CXX object tools/clang/lib/Edit/CMakeFiles/obj.clangEdit.dir/EditedSource.cpp.o
[1655/3418] Building CXX object lib/Option/CMakeFiles/LLVMOption.dir/ArgList.cpp.o
[1656/3418] Building CXX object lib/Option/CMakeFiles/LLVMOption.dir/Option.cpp.o
[1657/3418] Linking CXX static library lib/libclangAPINotes.a
[1658/3418] Building CXX object tools/clang/lib/Edit/CMakeFiles/obj.clangEdit.dir/RewriteObjCFoundationAPI.cpp.o
[1659/3418] Building CXX object lib/Option/CMakeFiles/LLVMOption.dir/OptTable.cpp.o
[1660/3418] Building CXX object tools/clang/lib/Sema/CMakeFiles/obj.clangSema.dir/CheckExprLifetime.cpp.o
[1661/3418] Building CXX object tools/clang/lib/Sema/CMakeFiles/obj.clangSema.dir/CodeCompleteConsumer.cpp.o
[1662/3418] Building CXX object tools/clang/lib/Analysis/LifetimeSafety/CMakeFiles/obj.clangAnalysisLifetimeSafety.dir/Origins.cpp.o
[1663/3418] Building CXX object tools/clang/lib/Sema/CMakeFiles/obj.clangSema.dir/AnalysisBasedWarnings.cpp.o
[1664/3418] Building CXX object tools/clang/lib/Sema/CMakeFiles/obj.clangSema.dir/DelayedDiagnostic.cpp.o
[1665/3418] Building CXX object tools/clang/lib/Sema/CMakeFiles/obj.clangSema.dir/DeclSpec.cpp.o
[1666/3418] Building CXX object tools/clang/lib/Sema/CMakeFiles/obj.clangSema.dir/HeuristicResolver.cpp.o
[1667/3418] Building CXX object tools/clang/lib/Sema/CMakeFiles/obj.clangSema.dir/IdentifierResolver.cpp.o
[1668/3418] Building CXX object tools/clang/lib/Sema/CMakeFiles/obj.clangSema.dir/HLSLBuiltinTypeDeclBuilder.cpp.o
[1669/3418] Building CXX object tools/clang/lib/Sema/CMakeFiles/obj.clangSema.dir/HLSLExternalSemaSource.cpp.o
[1670/3418] Building CXX object tools/clang/lib/Sema/CMakeFiles/obj.clangSema.dir/Scope.cpp.o
[1671/3418] Building CXX object tools/clang/lib/Sema/CMakeFiles/obj.clangSema.dir/JumpDiagnostics.cpp.o
[1672/3418] Building CXX object tools/clang/lib/Sema/CMakeFiles/obj.clangSema.dir/MultiplexExternalSemaSource.cpp.o
[1673/3418] Building CXX object tools/clang/lib/Sema/CMakeFiles/obj.clangSema.dir/ScopeInfo.cpp.o
[1674/3418] Building CXX object tools/clang/lib/Sema/CMakeFiles/obj.clangSema.dir/SemaAMDGPU.cpp.o
[1675/3418] Building CXX object tools/clang/lib/Sema/CMakeFiles/obj.clangSema.dir/ParsedAttr.cpp.o
[1676/3418] Building CXX object tools/clang/lib/Sema/CMakeFiles/obj.clangSema.dir/SemaAVR.cpp.o
[1677/3418] Building CXX object tools/clang/lib/Sema/CMakeFiles/obj.clangSema.dir/SemaARM.cpp.o
[1678/3418] Building CXX object tools/clang/lib/Sema/CMakeFiles/obj.clangSema.dir/Sema.cpp.o
[1679/3418] Building CXX object tools/clang/lib/Sema/CMakeFiles/obj.clangSema.dir/SemaAccess.cpp.o
[1680/3418] Building CXX object tools/clang/lib/Sema/CMakeFiles/obj.clangSema.dir/SemaAttr.cpp.o
[1681/3418] Building CXX object tools/clang/lib/Sema/CMakeFiles/obj.clangSema.dir/SemaAvailability.cpp.o
[1682/3418] Building CXX object tools/clang/lib/Sema/CMakeFiles/obj.clangSema.dir/SemaBPF.cpp.o
[1683/3418] Building CXX object tools/clang/lib/Sema/CMakeFiles/obj.clangSema.dir/SemaAPINotes.cpp.o
[1684/3418] Building CXX object tools/clang/lib/Sema/CMakeFiles/obj.clangSema.dir/SemaBase.cpp.o
[1685/3418] Building CXX object tools/clang/lib/Sema/CMakeFiles/obj.clangSema.dir/SemaBoundsSafety.cpp.o
[1686/3418] Building CXX object tools/clang/lib/Sema/CMakeFiles/obj.clangSema.dir/SemaCXXScopeSpec.cpp.o
[1687/3418] Building CXX object tools/clang/lib/Sema/CMakeFiles/obj.clangSema.dir/SemaCast.cpp.o
[1688/3418] Building CXX object tools/clang/lib/Sema/CMakeFiles/obj.clangSema.dir/SemaConsumer.cpp.o
[1689/3418] Building CXX object tools/clang/lib/Sema/CMakeFiles/obj.clangSema.dir/SemaCoroutine.cpp.o
[1690/3418] Building CXX object tools/clang/lib/Sema/CMakeFiles/obj.clangSema.dir/SemaCodeComplete.cpp.o
[1691/3418] Building CXX object tools/clang/lib/Sema/CMakeFiles/obj.clangSema.dir/SemaChecking.cpp.o
[1692/3418] Building CXX object tools/clang/lib/Sema/CMakeFiles/obj.clangSema.dir/SemaDirectX.cpp.o
[1693/3418] Building CXX object tools/clang/lib/Sema/CMakeFiles/obj.clangSema.dir/SemaCUDA.cpp.o
[1694/3418] Building CXX object tools/clang/lib/Sema/CMakeFiles/obj.clangSema.dir/SemaConcept.cpp.o
[1695/3418] Building CXX object tools/clang/lib/Sema/CMakeFiles/obj.clangSema.dir/SemaDeclAttr.cpp.o
[1696/3418] Building CXX object tools/clang/lib/Sema/CMakeFiles/obj.clangSema.dir/SemaDecl.cpp.o
[1697/3418] Building CXX object tools/clang/lib/Sema/CMakeFiles/obj.clangSema.dir/SemaDeclObjC.cpp.o
[1698/3418] Building CXX object tools/clang/lib/Sema/CMakeFiles/obj.clangSema.dir/SemaDeclCXX.cpp.o
[1699/3418] Building CXX object tools/clang/lib/Sema/CMakeFiles/obj.clangSema.dir/SemaExceptionSpec.cpp.o
[1700/3418] Building CXX object tools/clang/lib/Sema/CMakeFiles/obj.clangSema.dir/SemaExprMember.cpp.o
[1701/3418] Building CXX object tools/clang/lib/Sema/CMakeFiles/obj.clangSema.dir/SemaExprObjC.cpp.o
[1702/3418] Building CXX object tools/clang/lib/Sema/CMakeFiles/obj.clangSema.dir/SemaExprCXX.cpp.o
[1703/3418] Building CXX object tools/clang/lib/Sema/CMakeFiles/obj.clangSema.dir/SemaFixItUtils.cpp.o
[1704/3418] Building CXX object tools/clang/lib/Sema/CMakeFiles/obj.clangSema.dir/SemaFunctionEffects.cpp.o
[1705/3418] Building CXX object tools/clang/lib/Sema/CMakeFiles/obj.clangSema.dir/SemaHexagon.cpp.o
[1706/3418] Building CXX object tools/clang/lib/Sema/CMakeFiles/obj.clangSema.dir/SemaHLSL.cpp.o
[1707/3418] Building CXX object tools/clang/lib/Sema/CMakeFiles/obj.clangSema.dir/SemaLambda.cpp.o
[1708/3418] Building CXX object tools/clang/lib/Sema/CMakeFiles/obj.clangSema.dir/SemaInit.cpp.o
[1709/3418] Building CXX object tools/clang/lib/Sema/CMakeFiles/obj.clangSema.dir/SemaM68k.cpp.o
[1710/3418] Building CXX object tools/clang/lib/Sema/CMakeFiles/obj.clangSema.dir/SemaLoongArch.cpp.o
[1711/3418] Building CXX object tools/clang/lib/Sema/CMakeFiles/obj.clangSema.dir/SemaMSP430.cpp.o
[1712/3418] Building CXX object tools/clang/lib/Sema/CMakeFiles/obj.clangSema.dir/SemaLookup.cpp.o
[1713/3418] Building CXX object tools/clang/lib/Sema/CMakeFiles/obj.clangSema.dir/SemaMIPS.cpp.o
[1714/3418] Building CXX object tools/clang/lib/Sema/CMakeFiles/obj.clangSema.dir/SemaExpr.cpp.o
[1715/3418] Building CXX object tools/clang/lib/Sema/CMakeFiles/obj.clangSema.dir/SemaNVPTX.cpp.o
[1716/3418] Building CXX object tools/clang/lib/Sema/CMakeFiles/obj.clangSema.dir/SemaModule.cpp.o
[1717/3418] Building CXX object tools/clang/lib/Sema/CMakeFiles/obj.clangSema.dir/SemaObjCProperty.cpp.o
[1718/3418] Building CXX object tools/clang/lib/Sema/CMakeFiles/obj.clangSema.dir/SemaObjC.cpp.o
[1719/3418] Building CXX object tools/clang/lib/Sema/CMakeFiles/obj.clangSema.dir/SemaOpenACCAtomic.cpp.o
[1720/3418] Building CXX object tools/clang/lib/Sema/CMakeFiles/obj.clangSema.dir/SemaOpenACC.cpp.o
[1721/3418] Building CXX object tools/clang/lib/Sema/CMakeFiles/obj.clangSema.dir/SemaOpenACCClauseAppertainment.cpp.o
[1722/3418] Building CXX object tools/clang/lib/Sema/CMakeFiles/obj.clangSema.dir/SemaOpenACCClause.cpp.o
[1723/3418] Building CXX object tools/clang/lib/Sema/CMakeFiles/obj.clangSema.dir/SemaOpenCL.cpp.o
[1724/3418] Building CXX object tools/clang/lib/Sema/CMakeFiles/obj.clangSema.dir/SemaPPC.cpp.o
[1725/3418] Building CXX object tools/clang/lib/Sema/CMakeFiles/obj.clangSema.dir/SemaPseudoObject.cpp.o
[1726/3418] Building CXX object tools/clang/lib/Sema/CMakeFiles/obj.clangSema.dir/SemaOverload.cpp.o
[1727/3418] Building CXX object tools/clang/lib/Sema/CMakeFiles/obj.clangSema.dir/SemaRISCV.cpp.o
[1728/3418] Building CXX object tools/clang/lib/Sema/CMakeFiles/obj.clangSema.dir/SemaStmt.cpp.o
[1729/3418] Building CXX object tools/clang/lib/Sema/CMakeFiles/obj.clangSema.dir/SemaStmtAttr.cpp.o
[1730/3418] Building CXX object tools/clang/lib/Sema/CMakeFiles/obj.clangSema.dir/SemaStmtAsm.cpp.o
[1731/3418] Building CXX object tools/clang/lib/Sema/CMakeFiles/obj.clangSema.dir/SemaSPIRV.cpp.o
[1732/3418] Building CXX object tools/clang/lib/Sema/CMakeFiles/obj.clangSema.dir/SemaSwift.cpp.o
[1733/3418] Building CXX object tools/clang/lib/Sema/CMakeFiles/obj.clangSema.dir/SemaSystemZ.cpp.o
[1734/3418] Building CXX object tools/clang/lib/Sema/CMakeFiles/obj.clangSema.dir/SemaOpenMP.cpp.o
[1735/3418] Building CXX object tools/clang/lib/Sema/CMakeFiles/obj.clangSema.dir/SemaSYCL.cpp.o
[1736/3418] Building CXX object tools/clang/lib/Sema/CMakeFiles/obj.clangSema.dir/SemaTemplate.cpp.o
[1737/3418] Building CXX object tools/clang/lib/Sema/CMakeFiles/obj.clangSema.dir/SemaTemplateDeduction.cpp.o
[1738/3418] Building CXX object tools/clang/lib/Sema/CMakeFiles/obj.clangSema.dir/SemaTemplateDeductionGuide.cpp.o
[1739/3418] Building CXX object tools/clang/lib/Sema/CMakeFiles/obj.clangSema.dir/SemaTemplateVariadic.cpp.o
[1740/3418] Building CXX object tools/clang/lib/Sema/CMakeFiles/obj.clangSema.dir/SemaTypeTraits.cpp.o
[1741/3418] Building CXX object tools/clang/lib/Sema/CMakeFiles/obj.clangSema.dir/SemaTemplateInstantiate.cpp.o
[1742/3418] Building CXX object tools/clang/lib/Sema/CMakeFiles/obj.clangSema.dir/SemaType.cpp.o
[1743/3418] Building CXX object tools/clang/lib/Sema/CMakeFiles/obj.clangSema.dir/SemaWasm.cpp.o
[1744/3418] Linking CXX static library lib/libclangAnalysisLifetimeSafety.a
[1745/3418] Linking CXX static library lib/libclangEdit.a
[1746/3418] Building CXX object tools/clang/lib/Sema/CMakeFiles/obj.clangSema.dir/SemaX86.cpp.o
[1747/3418] Linking CXX static library lib/libclangSupport.a
[1748/3418] Building CXX object tools/clang/lib/Sema/CMakeFiles/obj.clangSema.dir/SemaTemplateInstantiateDecl.cpp.o
[1749/3418] Building CXX object lib/Bitcode/Writer/CMakeFiles/LLVMBitWriter.dir/BitWriter.cpp.o
[1750/3418] Building CXX object tools/clang/lib/Sema/CMakeFiles/obj.clangSema.dir/TypeLocBuilder.cpp.o
[1751/3418] Building CXX object lib/Bitcode/Writer/CMakeFiles/LLVMBitWriter.dir/BitcodeWriterPass.cpp.o
[1752/3418] Linking CXX static library lib/libLLVMOption.a
[1753/3418] Building CXX object lib/Plugins/CMakeFiles/LLVMPlugins.dir/PassPlugin.cpp.o
[1754/3418] Building CXX object tools/clang/lib/UnifiedSymbolResolution/CMakeFiles/obj.clangUnifiedSymbolResolution.dir/USRGeneration.cpp.o
[1755/3418] Building CXX object lib/Bitcode/Writer/CMakeFiles/LLVMBitWriter.dir/ValueEnumerator.cpp.o
[1756/3418] Building CXX object tools/clang/lib/Parse/CMakeFiles/obj.clangParse.dir/ParseAST.cpp.o
[1757/3418] Building CXX object tools/clang/lib/Parse/CMakeFiles/obj.clangParse.dir/ParseCXXInlineMethods.cpp.o
[1758/3418] Building CXX object lib/Bitcode/Writer/CMakeFiles/LLVMBitWriter.dir/BitcodeWriter.cpp.o
[1759/3418] Building CXX object tools/clang/lib/Parse/CMakeFiles/obj.clangParse.dir/ParseDecl.cpp.o
[1760/3418] Building CXX object tools/clang/lib/Parse/CMakeFiles/obj.clangParse.dir/ParseDeclCXX.cpp.o
[1761/3418] Building CXX object tools/clang/lib/Parse/CMakeFiles/obj.clangParse.dir/ParseExprCXX.cpp.o
[1762/3418] Building CXX object tools/clang/lib/Parse/CMakeFiles/obj.clangParse.dir/ParseExpr.cpp.o
[1763/3418] Building CXX object tools/clang/lib/Parse/CMakeFiles/obj.clangParse.dir/ParseHLSL.cpp.o
[1764/3418] Building CXX object tools/clang/lib/Parse/CMakeFiles/obj.clangParse.dir/ParseHLSLRootSignature.cpp.o
[1765/3418] Building CXX object tools/clang/lib/Parse/CMakeFiles/obj.clangParse.dir/ParseInit.cpp.o
[1766/3418] Building CXX object tools/clang/lib/Parse/CMakeFiles/obj.clangParse.dir/ParseObjc.cpp.o
[1767/3418] Building CXX object tools/clang/lib/Parse/CMakeFiles/obj.clangParse.dir/ParseOpenMP.cpp.o
[1768/3418] Building CXX object tools/clang/lib/Parse/CMakeFiles/obj.clangParse.dir/ParseStmt.cpp.o
[1769/3418] Building CXX object tools/clang/lib/Parse/CMakeFiles/obj.clangParse.dir/ParsePragma.cpp.o
[1770/3418] Building CXX object tools/clang/lib/Parse/CMakeFiles/obj.clangParse.dir/ParseStmtAsm.cpp.o
[1771/3418] Building CXX object tools/clang/lib/Parse/CMakeFiles/obj.clangParse.dir/ParseTemplate.cpp.o
[1772/3418] Building CXX object tools/clang/lib/Parse/CMakeFiles/obj.clangParse.dir/ParseTentative.cpp.o
[1773/3418] Building CXX object tools/clang/lib/Parse/CMakeFiles/obj.clangParse.dir/Parser.cpp.o
[1774/3418] Building CXX object tools/clang/lib/Parse/CMakeFiles/obj.clangParse.dir/ParseOpenACC.cpp.o
[1775/3418] Linking CXX static library lib/libclangSema.a
[1776/3418] Building CXX object tools/clang/lib/Options/CMakeFiles/obj.clangOptions.dir/DriverOptions.cpp.o
[1777/3418] Building CXX object tools/clang/lib/Options/CMakeFiles/obj.clangOptions.dir/OptionUtils.cpp.o
[1778/3418] Building CXX object tools/clang/lib/Parse/CMakeFiles/obj.clangParse.dir/ParseReflect.cpp.o
[1779/3418] Building CXX object tools/clang/lib/Serialization/CMakeFiles/obj.clangSerialization.dir/ASTCommon.cpp.o
[1780/3418] Building CXX object tools/clang/lib/Serialization/CMakeFiles/obj.clangSerialization.dir/ASTReaderStmt.cpp.o
[1781/3418] Building CXX object tools/clang/lib/Serialization/CMakeFiles/obj.clangSerialization.dir/ASTReaderDecl.cpp.o
[1782/3418] Building CXX object tools/clang/lib/Serialization/CMakeFiles/obj.clangSerialization.dir/ASTWriterDecl.cpp.o
[1783/3418] Building CXX object tools/clang/lib/Serialization/CMakeFiles/obj.clangSerialization.dir/ASTWriter.cpp.o
[1784/3418] Building CXX object tools/clang/lib/Serialization/CMakeFiles/obj.clangSerialization.dir/ASTWriterStmt.cpp.o
[1785/3418] Building CXX object tools/clang/lib/Serialization/CMakeFiles/obj.clangSerialization.dir/GeneratePCH.cpp.o
[1786/3418] Building CXX object tools/clang/lib/Serialization/CMakeFiles/obj.clangSerialization.dir/ASTReader.cpp.o
[1787/3418] Building CXX object tools/clang/lib/Serialization/CMakeFiles/obj.clangSerialization.dir/InMemoryModuleCache.cpp.o
[1788/3418] Building CXX object tools/clang/lib/Serialization/CMakeFiles/obj.clangSerialization.dir/ModuleFileExtension.cpp.o
[1789/3418] Building CXX object tools/clang/lib/Serialization/CMakeFiles/obj.clangSerialization.dir/ModuleCache.cpp.o
[1790/3418] Building CXX object tools/clang/lib/Serialization/CMakeFiles/obj.clangSerialization.dir/ModuleFile.cpp.o
[1791/3418] Building CXX object tools/clang/lib/Serialization/CMakeFiles/obj.clangSerialization.dir/PCHContainerOperations.cpp.o
[1792/3418] Building CXX object tools/clang/lib/Serialization/CMakeFiles/obj.clangSerialization.dir/GlobalModuleIndex.cpp.o
[1793/3418] Building CXX object tools/clang/lib/Serialization/CMakeFiles/obj.clangSerialization.dir/ObjectFilePCHContainerReader.cpp.o
[1794/3418] Building CXX object tools/clang/lib/Serialization/CMakeFiles/obj.clangSerialization.dir/ModuleManager.cpp.o
[1795/3418] Building CXX object tools/clang/lib/ScalableStaticAnalysisFramework/Core/CMakeFiles/obj.clangScalableStaticAnalysisFrameworkCore.dir/Model/BuildNamespace.cpp.o
[1796/3418] Building CXX object tools/clang/lib/ScalableStaticAnalysisFramework/Core/CMakeFiles/obj.clangScalableStaticAnalysisFrameworkCore.dir/ASTEntityMapping.cpp.o
[1797/3418] Building CXX object tools/clang/lib/ScalableStaticAnalysisFramework/Core/CMakeFiles/obj.clangScalableStaticAnalysisFrameworkCore.dir/EntityLinker/EntityLinker.cpp.o
[1798/3418] Building CXX object tools/clang/lib/ScalableStaticAnalysisFramework/Core/CMakeFiles/obj.clangScalableStaticAnalysisFrameworkCore.dir/Model/EntityId.cpp.o
[1799/3418] Building CXX object tools/clang/lib/ScalableStaticAnalysisFramework/Core/CMakeFiles/obj.clangScalableStaticAnalysisFrameworkCore.dir/Model/EntityLinkage.cpp.o
[1800/3418] Building CXX object tools/clang/lib/ScalableStaticAnalysisFramework/Core/CMakeFiles/obj.clangScalableStaticAnalysisFrameworkCore.dir/Model/EntityIdTable.cpp.o
[1801/3418] Building CXX object tools/clang/lib/Serialization/CMakeFiles/obj.clangSerialization.dir/TemplateArgumentHasher.cpp.o
[1802/3418] Building CXX object tools/clang/lib/ScalableStaticAnalysisFramework/Core/CMakeFiles/obj.clangScalableStaticAnalysisFrameworkCore.dir/Model/SummaryName.cpp.o
[1803/3418] Building CXX object tools/clang/lib/ScalableStaticAnalysisFramework/Core/CMakeFiles/obj.clangScalableStaticAnalysisFrameworkCore.dir/Model/EntityName.cpp.o
[1804/3418] Building CXX object tools/clang/lib/ScalableStaticAnalysisFramework/Core/CMakeFiles/obj.clangScalableStaticAnalysisFrameworkCore.dir/Serialization/JSONFormat/JSONEntitySummaryEncoding.cpp.o
[1805/3418] Building CXX object tools/clang/lib/ScalableStaticAnalysisFramework/Core/CMakeFiles/obj.clangScalableStaticAnalysisFrameworkCore.dir/Serialization/JSONFormat/LUSummary.cpp.o
[1806/3418] Building CXX object tools/clang/lib/ScalableStaticAnalysisFramework/Core/CMakeFiles/obj.clangScalableStaticAnalysisFrameworkCore.dir/Serialization/JSONFormat/LUSummaryEncoding.cpp.o
[1807/3418] Building CXX object tools/clang/lib/ScalableStaticAnalysisFramework/Core/CMakeFiles/obj.clangScalableStaticAnalysisFrameworkCore.dir/Serialization/JSONFormat/TUSummary.cpp.o
[1808/3418] Building CXX object tools/clang/lib/ScalableStaticAnalysisFramework/Core/CMakeFiles/obj.clangScalableStaticAnalysisFrameworkCore.dir/Serialization/JSONFormat/JSONFormatImpl.cpp.o
[1809/3418] Building CXX object tools/clang/lib/ScalableStaticAnalysisFramework/Core/CMakeFiles/obj.clangScalableStaticAnalysisFrameworkCore.dir/Serialization/JSONFormat/TUSummaryEncoding.cpp.o
[1810/3418] Building CXX object tools/clang/lib/ScalableStaticAnalysisFramework/Core/CMakeFiles/obj.clangScalableStaticAnalysisFrameworkCore.dir/Serialization/SerializationFormatRegistry.cpp.o
[1811/3418] Building CXX object tools/clang/lib/ScalableStaticAnalysisFramework/Core/CMakeFiles/obj.clangScalableStaticAnalysisFrameworkCore.dir/Serialization/JSONFormat/WPASuite.cpp.o
[1812/3418] Building CXX object tools/clang/lib/ScalableStaticAnalysisFramework/Core/CMakeFiles/obj.clangScalableStaticAnalysisFrameworkCore.dir/SummaryData/SummaryDataBuilderRegistry.cpp.o
[1813/3418] Building CXX object tools/clang/lib/ScalableStaticAnalysisFramework/Core/CMakeFiles/obj.clangScalableStaticAnalysisFrameworkCore.dir/SummaryData/LUSummaryConsumer.cpp.o
[1814/3418] Building CXX object tools/clang/lib/ScalableStaticAnalysisFramework/Core/CMakeFiles/obj.clangScalableStaticAnalysisFrameworkCore.dir/Support/ErrorBuilder.cpp.o
[1815/3418] Building CXX object tools/clang/lib/ScalableStaticAnalysisFramework/Core/CMakeFiles/obj.clangScalableStaticAnalysisFrameworkCore.dir/TUSummary/TUSummaryBuilder.cpp.o
[1816/3418] Building CXX object tools/clang/lib/ScalableStaticAnalysisFramework/Core/CMakeFiles/obj.clangScalableStaticAnalysisFrameworkCore.dir/TUSummary/ExtractorRegistry.cpp.o
[1817/3418] Building CXX object tools/clang/lib/ScalableStaticAnalysisFramework/Core/CMakeFiles/obj.clangScalableStaticAnalysisFrameworkCore.dir/WholeProgramAnalysis/AnalysisName.cpp.o
[1818/3418] Linking CXX static library lib/libclangUnifiedSymbolResolution.a
[1819/3418] Building CXX object tools/clang/lib/ScalableStaticAnalysisFramework/Core/CMakeFiles/obj.clangScalableStaticAnalysisFrameworkCore.dir/TUSummary/TUSummaryExtractor.cpp.o
[1820/3418] Building CXX object tools/clang/lib/ScalableStaticAnalysisFramework/Core/CMakeFiles/obj.clangScalableStaticAnalysisFrameworkCore.dir/WholeProgramAnalysis/AnalysisDriver.cpp.o
[1821/3418] Building CXX object tools/clang/lib/ScalableStaticAnalysisFramework/Core/CMakeFiles/obj.clangScalableStaticAnalysisFrameworkCore.dir/WholeProgramAnalysis/AnalysisRegistry.cpp.o
[1822/3418] Building CXX object lib/CGData/CMakeFiles/LLVMCGData.dir/OutlinedHashTree.cpp.o
[1823/3418] Building CXX object lib/CGData/CMakeFiles/LLVMCGData.dir/CodeGenDataWriter.cpp.o
[1824/3418] Building CXX object lib/CGData/CMakeFiles/LLVMCGData.dir/CodeGenDataReader.cpp.o
[1825/3418] Building CXX object lib/CGData/CMakeFiles/LLVMCGData.dir/CodeGenData.cpp.o
[1826/3418] Linking CXX static library lib/libLLVMBitWriter.a
[1827/3418] Building CXX object lib/CGData/CMakeFiles/LLVMCGData.dir/OutlinedHashTreeRecord.cpp.o
[1828/3418] Building CXX object lib/CGData/CMakeFiles/LLVMCGData.dir/StableFunctionMap.cpp.o
[1829/3418] Building CXX object lib/CGData/CMakeFiles/LLVMCGData.dir/StableFunctionMapRecord.cpp.o
[1830/3418] Building CXX object lib/Transforms/ObjCARC/CMakeFiles/LLVMObjCARCOpts.dir/ObjCARC.cpp.o
[1831/3418] Building CXX object lib/Transforms/ObjCARC/CMakeFiles/LLVMObjCARCOpts.dir/ObjCARCExpand.cpp.o
[1832/3418] Building CXX object lib/Transforms/ObjCARC/CMakeFiles/LLVMObjCARCOpts.dir/ObjCARCContract.cpp.o
[1833/3418] Building CXX object lib/Transforms/ObjCARC/CMakeFiles/LLVMObjCARCOpts.dir/DependencyAnalysis.cpp.o
[1834/3418] Building CXX object lib/Transforms/ObjCARC/CMakeFiles/LLVMObjCARCOpts.dir/ProvenanceAnalysis.cpp.o
[1835/3418] Building CXX object lib/Transforms/ObjCARC/CMakeFiles/LLVMObjCARCOpts.dir/ObjCARCOpts.cpp.o
[1836/3418] Building CXX object lib/Transforms/ObjCARC/CMakeFiles/LLVMObjCARCOpts.dir/ProvenanceAnalysisEvaluator.cpp.o
[1837/3418] Building CXX object lib/Target/CMakeFiles/LLVMTarget.dir/RegisterTargetPassConfigCallback.cpp.o
[1838/3418] Building CXX object lib/Transforms/ObjCARC/CMakeFiles/LLVMObjCARCOpts.dir/PtrState.cpp.o
[1839/3418] Building CXX object lib/Target/CMakeFiles/LLVMTarget.dir/Target.cpp.o
[1840/3418] Building CXX object lib/SandboxIR/CMakeFiles/LLVMSandboxIR.dir/Argument.cpp.o
[1841/3418] Building CXX object lib/Target/CMakeFiles/LLVMTarget.dir/TargetLoweringObjectFile.cpp.o
[1842/3418] Building CXX object lib/Target/CMakeFiles/LLVMTarget.dir/TargetMachineC.cpp.o
[1843/3418] Building CXX object lib/Target/CMakeFiles/LLVMTarget.dir/TargetMachine.cpp.o
[1844/3418] Building CXX object lib/SandboxIR/CMakeFiles/LLVMSandboxIR.dir/BasicBlock.cpp.o
[1845/3418] Building CXX object lib/SandboxIR/CMakeFiles/LLVMSandboxIR.dir/Constant.cpp.o
[1846/3418] Building CXX object lib/SandboxIR/CMakeFiles/LLVMSandboxIR.dir/Function.cpp.o
[1847/3418] Building CXX object lib/SandboxIR/CMakeFiles/LLVMSandboxIR.dir/Pass.cpp.o
[1848/3418] Building CXX object lib/SandboxIR/CMakeFiles/LLVMSandboxIR.dir/Module.cpp.o
[1849/3418] Building CXX object lib/SandboxIR/CMakeFiles/LLVMSandboxIR.dir/PassManager.cpp.o
[1850/3418] Building CXX object lib/SandboxIR/CMakeFiles/LLVMSandboxIR.dir/Context.cpp.o
[1851/3418] Building CXX object lib/SandboxIR/CMakeFiles/LLVMSandboxIR.dir/Type.cpp.o
[1852/3418] Building CXX object lib/SandboxIR/CMakeFiles/LLVMSandboxIR.dir/Instruction.cpp.o
[1853/3418] Building CXX object lib/SandboxIR/CMakeFiles/LLVMSandboxIR.dir/Region.cpp.o
[1854/3418] Building CXX object lib/SandboxIR/CMakeFiles/LLVMSandboxIR.dir/Tracker.cpp.o
[1855/3418] Linking CXX static library lib/libLLVMPlugins.a
[1856/3418] Linking CXX static library lib/libclangParse.a
[1857/3418] Linking CXX static library lib/libclangOptions.a
[1858/3418] Building CXX object lib/SandboxIR/CMakeFiles/LLVMSandboxIR.dir/User.cpp.o
[1859/3418] Building CXX object lib/SandboxIR/CMakeFiles/LLVMSandboxIR.dir/Use.cpp.o
[1860/3418] Linking CXX static library lib/libclangSerialization.a
[1861/3418] Building CXX object lib/SandboxIR/CMakeFiles/LLVMSandboxIR.dir/Value.cpp.o
[1862/3418] Building CXX object tools/clang/lib/Frontend/CMakeFiles/obj.clangFrontend.dir/ChainedDiagnosticConsumer.cpp.o
[1863/3418] Building CXX object tools/clang/lib/Frontend/CMakeFiles/obj.clangFrontend.dir/ASTMerge.cpp.o
[1864/3418] Building CXX object tools/clang/lib/Frontend/CMakeFiles/obj.clangFrontend.dir/ChainedIncludesSource.cpp.o
[1865/3418] Building CXX object tools/clang/lib/Frontend/CMakeFiles/obj.clangFrontend.dir/ASTUnit.cpp.o
[1866/3418] Building CXX object tools/clang/lib/Frontend/CMakeFiles/obj.clangFrontend.dir/ASTConsumers.cpp.o
[1867/3418] Building CXX object tools/clang/lib/Frontend/CMakeFiles/obj.clangFrontend.dir/DependencyFile.cpp.o
[1868/3418] Building CXX object tools/clang/lib/Frontend/CMakeFiles/obj.clangFrontend.dir/CompilerInstance.cpp.o
[1869/3418] Building CXX object tools/clang/lib/Frontend/CMakeFiles/obj.clangFrontend.dir/DependencyGraph.cpp.o
[1870/3418] Building CXX object tools/clang/lib/Frontend/CMakeFiles/obj.clangFrontend.dir/DiagnosticRenderer.cpp.o
[1871/3418] Building CXX object tools/clang/lib/Frontend/CMakeFiles/obj.clangFrontend.dir/FrontendOptions.cpp.o
[1872/3418] Building CXX object tools/clang/lib/Frontend/CMakeFiles/obj.clangFrontend.dir/HeaderIncludeGen.cpp.o
[1873/3418] Building CXX object tools/clang/lib/Frontend/CMakeFiles/obj.clangFrontend.dir/FrontendAction.cpp.o
[1874/3418] Building CXX object tools/clang/lib/Frontend/CMakeFiles/obj.clangFrontend.dir/CompilerInvocation.cpp.o
[1875/3418] Building CXX object tools/clang/lib/Frontend/CMakeFiles/obj.clangFrontend.dir/LayoutOverrideSource.cpp.o
[1876/3418] Building CXX object tools/clang/lib/Frontend/CMakeFiles/obj.clangFrontend.dir/FrontendActions.cpp.o
[1877/3418] Building CXX object tools/clang/lib/Frontend/CMakeFiles/obj.clangFrontend.dir/LogDiagnosticPrinter.cpp.o
[1878/3418] Building CXX object tools/clang/lib/Frontend/CMakeFiles/obj.clangFrontend.dir/InitPreprocessor.cpp.o
[1879/3418] Building CXX object tools/clang/lib/Frontend/CMakeFiles/obj.clangFrontend.dir/MultiplexConsumer.cpp.o
[1880/3418] Building CXX object tools/clang/lib/Frontend/CMakeFiles/obj.clangFrontend.dir/PrintPreprocessedOutput.cpp.o
[1881/3418] Building CXX object tools/clang/lib/Frontend/CMakeFiles/obj.clangFrontend.dir/SARIFDiagnosticPrinter.cpp.o
[1882/3418] Building CXX object tools/clang/lib/Frontend/CMakeFiles/obj.clangFrontend.dir/SARIFDiagnostic.cpp.o
[1883/3418] Building CXX object tools/clang/lib/Frontend/CMakeFiles/obj.clangFrontend.dir/ModuleDependencyCollector.cpp.o
[1884/3418] Building CXX object tools/clang/lib/Frontend/CMakeFiles/obj.clangFrontend.dir/SerializedDiagnosticReader.cpp.o
[1885/3418] Building CXX object tools/clang/lib/Frontend/CMakeFiles/obj.clangFrontend.dir/PrecompiledPreamble.cpp.o
[1886/3418] Building CXX object tools/clang/lib/Frontend/CMakeFiles/obj.clangFrontend.dir/StandaloneDiagnostic.cpp.o
[1887/3418] Building CXX object tools/clang/lib/Frontend/CMakeFiles/obj.clangFrontend.dir/SerializedDiagnosticPrinter.cpp.o
[1888/3418] Building CXX object tools/clang/lib/Frontend/CMakeFiles/obj.clangFrontend.dir/TextDiagnosticBuffer.cpp.o
[1889/3418] Building CXX object tools/clang/lib/Frontend/CMakeFiles/obj.clangFrontend.dir/TextDiagnosticPrinter.cpp.o
[1890/3418] Building CXX object tools/clang/lib/Frontend/CMakeFiles/obj.clangFrontend.dir/TextDiagnostic.cpp.o
[1891/3418] Building CXX object tools/clang/lib/Frontend/CMakeFiles/obj.clangFrontend.dir/TestModuleFileExtension.cpp.o
[1892/3418] Building CXX object tools/clang/lib/Frontend/CMakeFiles/obj.clangFrontend.dir/VerifyDiagnosticConsumer.cpp.o
[1893/3418] Building CXX object tools/clang/lib/ScalableStaticAnalysisFramework/Analyses/CMakeFiles/obj.clangScalableStaticAnalysisFrameworkAnalyses.dir/CallGraph/CallGraphExtractor.cpp.o
[1894/3418] Building CXX object tools/clang/lib/ScalableStaticAnalysisFramework/Analyses/CMakeFiles/obj.clangScalableStaticAnalysisFrameworkAnalyses.dir/CallGraph/CallGraphJSONFormat.cpp.o
[1895/3418] Building CXX object tools/clang/lib/ScalableStaticAnalysisFramework/Analyses/CMakeFiles/obj.clangScalableStaticAnalysisFrameworkAnalyses.dir/PointerFlow/PointerFlow.cpp.o
[1896/3418] Building CXX object tools/clang/lib/ScalableStaticAnalysisFramework/Analyses/CMakeFiles/obj.clangScalableStaticAnalysisFrameworkAnalyses.dir/EntityPointerLevel/EntityPointerLevelFormat.cpp.o
[1897/3418] Building CXX object tools/clang/lib/ScalableStaticAnalysisFramework/Analyses/CMakeFiles/obj.clangScalableStaticAnalysisFrameworkAnalyses.dir/EntityPointerLevel/EntityPointerLevel.cpp.o
[1898/3418] Building CXX object tools/clang/lib/ScalableStaticAnalysisFramework/Analyses/CMakeFiles/obj.clangScalableStaticAnalysisFrameworkAnalyses.dir/PointerFlow/PointerFlowAnalysis.cpp.o
[1899/3418] Building CXX object tools/clang/lib/ScalableStaticAnalysisFramework/Analyses/CMakeFiles/obj.clangScalableStaticAnalysisFrameworkAnalyses.dir/PointerFlow/PointerFlowFormat.cpp.o
[1900/3418] Building CXX object tools/clang/lib/ScalableStaticAnalysisFramework/Analyses/CMakeFiles/obj.clangScalableStaticAnalysisFrameworkAnalyses.dir/PointerFlow/PointerFlowExtractor.cpp.o
[1901/3418] Building CXX object tools/clang/lib/ScalableStaticAnalysisFramework/Analyses/CMakeFiles/obj.clangScalableStaticAnalysisFrameworkAnalyses.dir/UnsafeBufferUsage/UnsafeBufferUsage.cpp.o
[1902/3418] Building CXX object tools/clang/lib/Frontend/CMakeFiles/obj.clangFrontend.dir/InterfaceStubFunctionsConsumer.cpp.o
[1903/3418] Building CXX object tools/clang/lib/ScalableStaticAnalysisFramework/Analyses/CMakeFiles/obj.clangScalableStaticAnalysisFrameworkAnalyses.dir/SSAFAnalysesCommon.cpp.o
[1904/3418] Linking CXX static library lib/libclangScalableStaticAnalysisFrameworkCore.a
[1905/3418] Linking CXX static library lib/libLLVMCGData.a
[1906/3418] Building CXX object tools/clang/lib/ScalableStaticAnalysisFramework/Analyses/CMakeFiles/obj.clangScalableStaticAnalysisFrameworkAnalyses.dir/UnsafeBufferUsage/UnsafeBufferUsageAnalysis.cpp.o
[1907/3418] Building CXX object tools/clang/lib/ScalableStaticAnalysisFramework/Analyses/CMakeFiles/obj.clangScalableStaticAnalysisFrameworkAnalyses.dir/UnsafeBufferUsage/UnsafeBufferUsageExtractor.cpp.o
[1908/3418] Building CXX object tools/clang/lib/ScalableStaticAnalysisFramework/Analyses/CMakeFiles/obj.clangScalableStaticAnalysisFrameworkAnalyses.dir/UnsafeBufferUsage/UnsafeBufferUsageFormat.cpp.o
[1909/3418] Building CXX object lib/CodeGen/CMakeFiles/LLVMCodeGen.dir/AllocationOrder.cpp.o
[1910/3418] Building CXX object lib/CodeGen/CMakeFiles/LLVMCodeGen.dir/AggressiveAntiDepBreaker.cpp.o
[1911/3418] Building CXX object lib/CodeGen/CMakeFiles/LLVMCodeGen.dir/Analysis.cpp.o
[1912/3418] Building CXX object lib/CodeGen/CMakeFiles/LLVMCodeGen.dir/AtomicExpandPass.cpp.o
[1913/3418] Building CXX object lib/CodeGen/CMakeFiles/LLVMCodeGen.dir/BranchRelaxation.cpp.o
[1914/3418] Building CXX object lib/CodeGen/CMakeFiles/LLVMCodeGen.dir/AssignmentTrackingAnalysis.cpp.o
[1915/3418] Building CXX object lib/CodeGen/CMakeFiles/LLVMCodeGen.dir/BasicTargetTransformInfo.cpp.o
[1916/3418] Building CXX object lib/CodeGen/CMakeFiles/LLVMCodeGen.dir/BranchFolding.cpp.o
[1917/3418] Building CXX object lib/CodeGen/CMakeFiles/LLVMCodeGen.dir/BreakFalseDeps.cpp.o
[1918/3418] Building CXX object lib/CodeGen/CMakeFiles/LLVMCodeGen.dir/BasicBlockPathCloning.cpp.o
[1919/3418] Building CXX object lib/CodeGen/CMakeFiles/LLVMCodeGen.dir/BasicBlockSections.cpp.o
[1920/3418] Building CXX object lib/CodeGen/CMakeFiles/LLVMCodeGen.dir/BasicBlockSectionsProfileReader.cpp.o
[1921/3418] Building CXX object lib/CodeGen/CMakeFiles/LLVMCodeGen.dir/CFGuardLongjmp.cpp.o
[1922/3418] Building CXX object lib/CodeGen/CMakeFiles/LLVMCodeGen.dir/BasicBlockMatchingAndInference.cpp.o
[1923/3418] Building CXX object lib/CodeGen/CMakeFiles/LLVMCodeGen.dir/CalcSpillWeights.cpp.o
[1924/3418] Building CXX object lib/CodeGen/CMakeFiles/LLVMCodeGen.dir/CallingConvLower.cpp.o
[1925/3418] Building CXX object lib/CodeGen/CMakeFiles/LLVMCodeGen.dir/CodeGen.cpp.o
[1926/3418] Building CXX object lib/CodeGen/CMakeFiles/LLVMCodeGen.dir/CFIFixup.cpp.o
[1927/3418] Building CXX object lib/CodeGen/CMakeFiles/LLVMCodeGen.dir/CodeGenCommonISel.cpp.o
[1928/3418] Building CXX object lib/CodeGen/CMakeFiles/LLVMCodeGen.dir/CFIInstrInserter.cpp.o
[1929/3418] Building CXX object lib/CodeGen/CMakeFiles/LLVMCodeGen.dir/CommandFlags.cpp.o
[1930/3418] Building CXX object lib/CodeGen/CMakeFiles/LLVMCodeGen.dir/CriticalAntiDepBreaker.cpp.o
[1931/3418] Building CXX object lib/CodeGen/CMakeFiles/LLVMCodeGen.dir/DeadMachineInstructionElim.cpp.o
[1932/3418] Building CXX object lib/CodeGen/CMakeFiles/LLVMCodeGen.dir/ComplexDeinterleavingPass.cpp.o
[1933/3418] Building CXX object lib/CodeGen/CMakeFiles/LLVMCodeGen.dir/DetectDeadLanes.cpp.o
[1934/3418] Building CXX object lib/CodeGen/CMakeFiles/LLVMCodeGen.dir/DroppedVariableStatsMIR.cpp.o
[1935/3418] Building CXX object lib/CodeGen/CMakeFiles/LLVMCodeGen.dir/DFAPacketizer.cpp.o
[1936/3418] Building CXX object lib/CodeGen/CMakeFiles/LLVMCodeGen.dir/CodeGenPrepare.cpp.o
[1937/3418] Building CXX object lib/CodeGen/CMakeFiles/LLVMCodeGen.dir/DwarfEHPrepare.cpp.o
[1938/3418] Building CXX object lib/CodeGen/CMakeFiles/LLVMCodeGen.dir/EdgeBundles.cpp.o
[1939/3418] Building CXX object lib/CodeGen/CMakeFiles/LLVMCodeGen.dir/EarlyIfConversion.cpp.o
[1940/3418] Building CXX object lib/CodeGen/CMakeFiles/LLVMCodeGen.dir/EHContGuardTargets.cpp.o
[1941/3418] Building CXX object lib/CodeGen/CMakeFiles/LLVMCodeGen.dir/ExecutionDomainFix.cpp.o
[1942/3418] Building CXX object lib/CodeGen/CMakeFiles/LLVMCodeGen.dir/ExpandPostRAPseudos.cpp.o
[1943/3418] Building CXX object lib/CodeGen/CMakeFiles/LLVMCodeGen.dir/ExpandReductions.cpp.o
[1944/3418] Building CXX object lib/CodeGen/CMakeFiles/LLVMCodeGen.dir/ExpandIRInsts.cpp.o
[1945/3418] Building CXX object lib/CodeGen/CMakeFiles/LLVMCodeGen.dir/ExpandVectorPredication.cpp.o
[1946/3418] Building CXX object lib/CodeGen/CMakeFiles/LLVMCodeGen.dir/FaultMaps.cpp.o
[1947/3418] Building CXX object lib/CodeGen/CMakeFiles/LLVMCodeGen.dir/FEntryInserter.cpp.o
[1948/3418] Building CXX object lib/CodeGen/CMakeFiles/LLVMCodeGen.dir/FinalizeISel.cpp.o
[1949/3418] Building CXX object lib/CodeGen/CMakeFiles/LLVMCodeGen.dir/FuncletLayout.cpp.o
[1950/3418] Building CXX object lib/CodeGen/CMakeFiles/LLVMCodeGen.dir/MachineFunctionAnalysis.cpp.o
[1951/3418] Building CXX object lib/CodeGen/CMakeFiles/LLVMCodeGen.dir/GCMetadataPrinter.cpp.o
[1952/3418] Building CXX object lib/CodeGen/CMakeFiles/LLVMCodeGen.dir/FixupStatepointCallerSaved.cpp.o
[1953/3418] Building CXX object lib/CodeGen/CMakeFiles/LLVMCodeGen.dir/GCMetadata.cpp.o
[1954/3418] Building CXX object lib/CodeGen/CMakeFiles/LLVMCodeGen.dir/GlobalMerge.cpp.o
[1955/3418] Building CXX object lib/CodeGen/CMakeFiles/LLVMCodeGen.dir/GCRootLowering.cpp.o
[1956/3418] Building CXX object lib/CodeGen/CMakeFiles/LLVMCodeGen.dir/HardwareLoops.cpp.o
[1957/3418] Building CXX object lib/CodeGen/CMakeFiles/LLVMCodeGen.dir/GlobalMergeFunctions.cpp.o
[1958/3418] Building CXX object lib/CodeGen/CMakeFiles/LLVMCodeGen.dir/IndirectBrExpandPass.cpp.o
[1959/3418] Building CXX object lib/CodeGen/CMakeFiles/LLVMCodeGen.dir/ImplicitNullChecks.cpp.o
[1960/3418] Building CXX object lib/CodeGen/CMakeFiles/LLVMCodeGen.dir/InitUndef.cpp.o
[1961/3418] Building CXX object lib/CodeGen/CMakeFiles/LLVMCodeGen.dir/IfConversion.cpp.o
[1962/3418] Building CXX object lib/CodeGen/CMakeFiles/LLVMCodeGen.dir/InlineAsmPrepare.cpp.o
[1963/3418] Building CXX object lib/CodeGen/CMakeFiles/LLVMCodeGen.dir/InsertCodePrefetch.cpp.o
[1964/3418] Building CXX object lib/CodeGen/CMakeFiles/LLVMCodeGen.dir/InterferenceCache.cpp.o
[1965/3418] Building CXX object lib/CodeGen/CMakeFiles/LLVMCodeGen.dir/InlineSpiller.cpp.o
[1966/3418] Building CXX object lib/CodeGen/CMakeFiles/LLVMCodeGen.dir/IntrinsicLowering.cpp.o
[1967/3418] Building CXX object lib/CodeGen/CMakeFiles/LLVMCodeGen.dir/InterleavedAccessPass.cpp.o
[1968/3418] Building CXX object lib/CodeGen/CMakeFiles/LLVMCodeGen.dir/JMCInstrumenter.cpp.o
[1969/3418] Building CXX object lib/CodeGen/CMakeFiles/LLVMCodeGen.dir/InterleavedLoadCombinePass.cpp.o
[1970/3418] Building CXX object lib/CodeGen/CMakeFiles/LLVMCodeGen.dir/LazyMachineBlockFrequencyInfo.cpp.o
[1971/3418] Building CXX object lib/CodeGen/CMakeFiles/LLVMCodeGen.dir/KCFI.cpp.o
[1972/3418] Building CXX object lib/CodeGen/CMakeFiles/LLVMCodeGen.dir/LatencyPriorityQueue.cpp.o
[1973/3418] Building CXX object lib/CodeGen/CMakeFiles/LLVMCodeGen.dir/LibcallLoweringInfo.cpp.o
[1974/3418] Building CXX object lib/CodeGen/CMakeFiles/LLVMCodeGen.dir/LexicalScopes.cpp.o
[1975/3418] Building CXX object lib/CodeGen/CMakeFiles/LLVMCodeGen.dir/LiveIntervalUnion.cpp.o
[1976/3418] Building CXX object lib/CodeGen/CMakeFiles/LLVMCodeGen.dir/LiveInterval.cpp.o
[1977/3418] Building CXX object lib/CodeGen/CMakeFiles/LLVMCodeGen.dir/LiveIntervals.cpp.o
[1978/3418] Building CXX object lib/CodeGen/CMakeFiles/LLVMCodeGen.dir/LiveDebugVariables.cpp.o
[1979/3418] Building CXX object lib/CodeGen/CMakeFiles/LLVMCodeGen.dir/LivePhysRegs.cpp.o
[1980/3418] Building CXX object lib/CodeGen/CMakeFiles/LLVMCodeGen.dir/LiveIntervalCalc.cpp.o
[1981/3418] Building CXX object lib/CodeGen/CMakeFiles/LLVMCodeGen.dir/LiveRangeCalc.cpp.o
[1982/3418] Building CXX object lib/CodeGen/CMakeFiles/LLVMCodeGen.dir/LiveRangeEdit.cpp.o
[1983/3418] Building CXX object lib/CodeGen/CMakeFiles/LLVMCodeGen.dir/LiveRangeShrink.cpp.o
[1984/3418] Building CXX object lib/CodeGen/CMakeFiles/LLVMCodeGen.dir/LiveRegUnits.cpp.o
[1985/3418] Building CXX object lib/CodeGen/CMakeFiles/LLVMCodeGen.dir/LiveRegMatrix.cpp.o
[1986/3418] Building CXX object lib/CodeGen/CMakeFiles/LLVMCodeGen.dir/LiveStacks.cpp.o
[1987/3418] Building CXX object lib/CodeGen/CMakeFiles/LLVMCodeGen.dir/LocalStackSlotAllocation.cpp.o
[1988/3418] Building CXX object lib/CodeGen/CMakeFiles/LLVMCodeGen.dir/LiveVariables.cpp.o
[1989/3418] Building CXX object lib/CodeGen/CMakeFiles/LLVMCodeGen.dir/LoopTraversal.cpp.o
[1990/3418] Building CXX object lib/CodeGen/CMakeFiles/LLVMCodeGen.dir/LowLevelTypeUtils.cpp.o
[1991/3418] Building CXX object lib/CodeGen/CMakeFiles/LLVMCodeGen.dir/CodeGenTargetMachineImpl.cpp.o
[1992/3418] Building CXX object lib/CodeGen/CMakeFiles/LLVMCodeGen.dir/LowerEmuTLS.cpp.o
[1993/3418] Building CXX object lib/CodeGen/CMakeFiles/LLVMCodeGen.dir/MachineBlockHashInfo.cpp.o
[1994/3418] Building CXX object lib/CodeGen/CMakeFiles/LLVMCodeGen.dir/MachineBlockFrequencyInfo.cpp.o
[1995/3418] Building CXX object lib/CodeGen/CMakeFiles/LLVMCodeGen.dir/MachineBranchProbabilityInfo.cpp.o
[1996/3418] Building CXX object lib/CodeGen/CMakeFiles/LLVMCodeGen.dir/MachineBasicBlock.cpp.o
[1997/3418] Building CXX object lib/CodeGen/CMakeFiles/LLVMCodeGen.dir/MachineCFGPrinter.cpp.o
[1998/3418] Building CXX object lib/CodeGen/CMakeFiles/LLVMCodeGen.dir/MachineBlockPlacement.cpp.o
[1999/3418] Building CXX object lib/CodeGen/CMakeFiles/LLVMCodeGen.dir/MachineCombiner.cpp.o
[2000/3418] Building CXX object lib/CodeGen/CMakeFiles/LLVMCodeGen.dir/MachineConvergenceVerifier.cpp.o
[2001/3418] Building CXX object lib/CodeGen/CMakeFiles/LLVMCodeGen.dir/MachineCopyPropagation.cpp.o
[2002/3418] Building CXX object lib/CodeGen/CMakeFiles/LLVMCodeGen.dir/MachineCheckDebugify.cpp.o
[2003/3418] Building CXX object lib/CodeGen/CMakeFiles/LLVMCodeGen.dir/MachineCSE.cpp.o
[2004/3418] Building CXX object lib/CodeGen/CMakeFiles/LLVMCodeGen.dir/MachineCycleAnalysis.cpp.o
[2005/3418] Building CXX object lib/CodeGen/CMakeFiles/LLVMCodeGen.dir/MachineDominanceFrontier.cpp.o
[2006/3418] Building CXX object lib/CodeGen/CMakeFiles/LLVMCodeGen.dir/MachineDomTreeUpdater.cpp.o
[2007/3418] Building CXX object lib/CodeGen/CMakeFiles/LLVMCodeGen.dir/MachineDebugify.cpp.o
[2008/3418] Building CXX object lib/CodeGen/CMakeFiles/LLVMCodeGen.dir/MachineFrameInfo.cpp.o
[2009/3418] Building CXX object lib/CodeGen/CMakeFiles/LLVMCodeGen.dir/MachineDominators.cpp.o
[2010/3418] Building CXX object lib/CodeGen/CMakeFiles/LLVMCodeGen.dir/MachineFunctionPass.cpp.o
[2011/3418] Building CXX object lib/CodeGen/CMakeFiles/LLVMCodeGen.dir/MachineFunctionPrinterPass.cpp.o
[2012/3418] Building CXX object lib/CodeGen/CMakeFiles/LLVMCodeGen.dir/MachineFunction.cpp.o
[2013/3418] Building CXX object lib/CodeGen/CMakeFiles/LLVMCodeGen.dir/MachineIDFSSAUpdater.cpp.o
[2014/3418] Building CXX object lib/CodeGen/CMakeFiles/LLVMCodeGen.dir/MachineFunctionSplitter.cpp.o
[2015/3418] Building CXX object lib/CodeGen/CMakeFiles/LLVMCodeGen.dir/MachineInstrBundle.cpp.o
[2016/3418] Building CXX object lib/CodeGen/CMakeFiles/LLVMCodeGen.dir/MachineLateInstrsCleanup.cpp.o
[2017/3418] Building CXX object lib/CodeGen/CMakeFiles/LLVMCodeGen.dir/MachineLoopInfo.cpp.o
[2018/3418] Building CXX object lib/CodeGen/CMakeFiles/LLVMCodeGen.dir/MachineInstr.cpp.o
[2019/3418] Building CXX object lib/CodeGen/CMakeFiles/LLVMCodeGen.dir/MachineLICM.cpp.o
[2020/3418] Building CXX object lib/CodeGen/CMakeFiles/LLVMCodeGen.dir/MachineLoopUtils.cpp.o
[2021/3418] Building CXX object lib/CodeGen/CMakeFiles/LLVMCodeGen.dir/MachineModuleInfoImpls.cpp.o
[2022/3418] Building CXX object lib/CodeGen/CMakeFiles/LLVMCodeGen.dir/MachineModuleInfo.cpp.o
[2023/3418] Building CXX object lib/CodeGen/CMakeFiles/LLVMCodeGen.dir/MachineModuleSlotTracker.cpp.o
[2024/3418] Building CXX object lib/CodeGen/CMakeFiles/LLVMCodeGen.dir/MachineOperand.cpp.o
[2025/3418] Building CXX object lib/CodeGen/CMakeFiles/LLVMCodeGen.dir/MachineOptimizationRemarkEmitter.cpp.o
[2026/3418] Building CXX object lib/CodeGen/CMakeFiles/LLVMCodeGen.dir/MachinePassManager.cpp.o
[2027/3418] Building CXX object lib/CodeGen/CMakeFiles/LLVMCodeGen.dir/MachineOutliner.cpp.o
[2028/3418] Building CXX object lib/CodeGen/CMakeFiles/LLVMCodeGen.dir/MachinePostDominators.cpp.o
[2029/3418] Building CXX object lib/CodeGen/CMakeFiles/LLVMCodeGen.dir/MachineRegionInfo.cpp.o
[2030/3418] Building CXX object lib/CodeGen/CMakeFiles/LLVMCodeGen.dir/MachineRegisterInfo.cpp.o
[2031/3418] Building CXX object lib/CodeGen/CMakeFiles/LLVMCodeGen.dir/MachineSizeOpts.cpp.o
[2032/3418] Building CXX object lib/CodeGen/CMakeFiles/LLVMCodeGen.dir/MachinePipeliner.cpp.o
[2033/3418] Building CXX object lib/CodeGen/CMakeFiles/LLVMCodeGen.dir/MachineScheduler.cpp.o
[2034/3418] Building CXX object lib/CodeGen/CMakeFiles/LLVMCodeGen.dir/MachineSSAContext.cpp.o
[2035/3418] Building CXX object lib/CodeGen/CMakeFiles/LLVMCodeGen.dir/MachineSink.cpp.o
[2036/3418] Building CXX object lib/CodeGen/CMakeFiles/LLVMCodeGen.dir/MachineSSAUpdater.cpp.o
[2037/3418] Building CXX object lib/CodeGen/CMakeFiles/LLVMCodeGen.dir/MachineStripDebug.cpp.o
[2038/3418] Building CXX object lib/CodeGen/CMakeFiles/LLVMCodeGen.dir/MachineTraceMetrics.cpp.o
[2039/3418] Building CXX object lib/CodeGen/CMakeFiles/LLVMCodeGen.dir/MachineUniformityAnalysis.cpp.o
[2040/3418] Building CXX object lib/CodeGen/CMakeFiles/LLVMCodeGen.dir/MIRFSDiscriminator.cpp.o
[2041/3418] Building CXX object lib/CodeGen/CMakeFiles/LLVMCodeGen.dir/MIRYamlMapping.cpp.o
[2042/3418] Building CXX object lib/CodeGen/CMakeFiles/LLVMCodeGen.dir/MachineVerifier.cpp.o
[2043/3418] Building CXX object lib/CodeGen/CMakeFiles/LLVMCodeGen.dir/MIRSampleProfile.cpp.o
[2044/3418] Building CXX object lib/CodeGen/CMakeFiles/LLVMCodeGen.dir/MIR2Vec.cpp.o
[2045/3418] Building CXX object lib/CodeGen/CMakeFiles/LLVMCodeGen.dir/MLRegAllocPriorityAdvisor.cpp.o
[2046/3418] Building CXX object lib/CodeGen/CMakeFiles/LLVMCodeGen.dir/MLRegAllocEvictAdvisor.cpp.o
[2047/3418] Building CXX object lib/CodeGen/CMakeFiles/LLVMCodeGen.dir/MultiHazardRecognizer.cpp.o
[2048/3418] Building CXX object lib/CodeGen/CMakeFiles/LLVMCodeGen.dir/MBFIWrapper.cpp.o
[2049/3418] Building CXX object lib/CodeGen/CMakeFiles/LLVMCodeGen.dir/PatchableFunction.cpp.o
[2050/3418] Building CXX object lib/CodeGen/CMakeFiles/LLVMCodeGen.dir/ModuloSchedule.cpp.o
[2051/3418] Building CXX object lib/CodeGen/CMakeFiles/LLVMCodeGen.dir/MIRPrintingPass.cpp.o
[2052/3418] Building CXX object lib/CodeGen/CMakeFiles/LLVMCodeGen.dir/NonRelocatableStringpool.cpp.o
[2053/3418] Building CXX object lib/CodeGen/CMakeFiles/LLVMCodeGen.dir/MacroFusion.cpp.o
[2054/3418] Building CXX object lib/CodeGen/CMakeFiles/LLVMCodeGen.dir/OptimizePHIs.cpp.o
[2055/3418] Building CXX object lib/CodeGen/CMakeFiles/LLVMCodeGen.dir/PHIEliminationUtils.cpp.o
[2056/3418] Building CXX object lib/CodeGen/CMakeFiles/LLVMCodeGen.dir/MIRPrinter.cpp.o
[2057/3418] Building CXX object lib/CodeGen/CMakeFiles/LLVMCodeGen.dir/PeepholeOptimizer.cpp.o
[2058/3418] Building CXX object lib/CodeGen/CMakeFiles/LLVMCodeGen.dir/PHIElimination.cpp.o
[2059/3418] Building CXX object lib/CodeGen/CMakeFiles/LLVMCodeGen.dir/PostRAHazardRecognizer.cpp.o
[2060/3418] Building CXX object lib/CodeGen/CMakeFiles/LLVMCodeGen.dir/ProcessImplicitDefs.cpp.o
[2061/3418] Building CXX object lib/CodeGen/CMakeFiles/LLVMCodeGen.dir/PostRASchedulerList.cpp.o
[2062/3418] Building CXX object lib/CodeGen/CMakeFiles/LLVMCodeGen.dir/PreISelIntrinsicLowering.cpp.o
[2063/3418] Building CXX object lib/CodeGen/CMakeFiles/LLVMCodeGen.dir/PseudoSourceValue.cpp.o
[2064/3418] Building CXX object lib/CodeGen/CMakeFiles/LLVMCodeGen.dir/PseudoProbeInserter.cpp.o
[2065/3418] Building CXX object lib/CodeGen/CMakeFiles/LLVMCodeGen.dir/PrologEpilogInserter.cpp.o
[2066/3418] Building CXX object lib/CodeGen/CMakeFiles/LLVMCodeGen.dir/RDFRegisters.cpp.o
[2067/3418] Building CXX object lib/CodeGen/CMakeFiles/LLVMCodeGen.dir/RDFGraph.cpp.o
[2068/3418] Building CXX object lib/CodeGen/CMakeFiles/LLVMCodeGen.dir/RDFLiveness.cpp.o
[2069/3418] Building CXX object lib/CodeGen/CMakeFiles/LLVMCodeGen.dir/ReachingDefAnalysis.cpp.o
[2070/3418] Building CXX object lib/CodeGen/CMakeFiles/LLVMCodeGen.dir/RegAllocBase.cpp.o
[2071/3418] Building CXX object lib/CodeGen/CMakeFiles/LLVMCodeGen.dir/RegAllocBasic.cpp.o
[2072/3418] Building CXX object lib/CodeGen/CMakeFiles/LLVMCodeGen.dir/RegAllocEvictionAdvisor.cpp.o
[2073/3418] Building CXX object lib/CodeGen/CMakeFiles/LLVMCodeGen.dir/RegAllocFast.cpp.o
[2074/3418] Building CXX object lib/CodeGen/CMakeFiles/LLVMCodeGen.dir/RegAllocPriorityAdvisor.cpp.o
[2075/3418] Building CXX object lib/CodeGen/CMakeFiles/LLVMCodeGen.dir/RegAllocPBQP.cpp.o
[2076/3418] Building CXX object lib/CodeGen/CMakeFiles/LLVMCodeGen.dir/RegAllocGreedy.cpp.o
[2077/3418] Building CXX object lib/CodeGen/CMakeFiles/LLVMCodeGen.dir/RegAllocScore.cpp.o
[2078/3418] Building CXX object lib/CodeGen/CMakeFiles/LLVMCodeGen.dir/RegisterClassInfo.cpp.o
[2079/3418] Building CXX object lib/CodeGen/CMakeFiles/LLVMCodeGen.dir/GCEmptyBasicBlocks.cpp.o
[2080/3418] Building CXX object lib/CodeGen/CMakeFiles/LLVMCodeGen.dir/RegisterScavenging.cpp.o
[2081/3418] Building CXX object lib/CodeGen/CMakeFiles/LLVMCodeGen.dir/RegisterPressure.cpp.o
[2082/3418] Building CXX object lib/CodeGen/CMakeFiles/LLVMCodeGen.dir/RemoveRedundantDebugValues.cpp.o
[2083/3418] Building CXX object lib/CodeGen/CMakeFiles/LLVMCodeGen.dir/RegisterCoalescer.cpp.o
[2084/3418] Building CXX object lib/CodeGen/CMakeFiles/LLVMCodeGen.dir/RenameIndependentSubregs.cpp.o
[2085/3418] Building CXX object lib/CodeGen/CMakeFiles/LLVMCodeGen.dir/Rematerializer.cpp.o
[2086/3418] Building CXX object lib/CodeGen/CMakeFiles/LLVMCodeGen.dir/MachineStableHash.cpp.o
[2087/3418] Building CXX object lib/CodeGen/CMakeFiles/LLVMCodeGen.dir/MIRNamerPass.cpp.o
[2088/3418] Building CXX object lib/CodeGen/CMakeFiles/LLVMCodeGen.dir/MIRVRegNamerUtils.cpp.o
[2089/3418] Building CXX object lib/CodeGen/CMakeFiles/LLVMCodeGen.dir/RegisterUsageInfo.cpp.o
[2090/3418] Building CXX object lib/CodeGen/CMakeFiles/LLVMCodeGen.dir/MIRCanonicalizerPass.cpp.o
[2091/3418] Building CXX object lib/CodeGen/CMakeFiles/LLVMCodeGen.dir/RegUsageInfoCollector.cpp.o
[2092/3418] Building CXX object lib/CodeGen/CMakeFiles/LLVMCodeGen.dir/RegUsageInfoPropagate.cpp.o
[2093/3418] Building CXX object lib/CodeGen/CMakeFiles/LLVMCodeGen.dir/RegisterBank.cpp.o
[2094/3418] Building CXX object lib/CodeGen/CMakeFiles/LLVMCodeGen.dir/RemoveLoadsIntoFakeUses.cpp.o
[2095/3418] Building CXX object lib/CodeGen/CMakeFiles/LLVMCodeGen.dir/ResetMachineFunctionPass.cpp.o
[2096/3418] Building CXX object lib/CodeGen/CMakeFiles/LLVMCodeGen.dir/ReplaceWithVeclib.cpp.o
[2097/3418] Building CXX object lib/CodeGen/CMakeFiles/LLVMCodeGen.dir/SafeStackLayout.cpp.o
[2098/3418] Building CXX object lib/CodeGen/CMakeFiles/LLVMCodeGen.dir/RegisterBankInfo.cpp.o
[2099/3418] Building CXX object lib/CodeGen/CMakeFiles/LLVMCodeGen.dir/SanitizerBinaryMetadata.cpp.o
[2100/3418] Building CXX object lib/CodeGen/CMakeFiles/LLVMCodeGen.dir/SafeStack.cpp.o
[2101/3418] Building CXX object lib/CodeGen/CMakeFiles/LLVMCodeGen.dir/ScheduleDAG.cpp.o
[2102/3418] Building CXX object lib/CodeGen/CMakeFiles/LLVMCodeGen.dir/ScheduleDAGPrinter.cpp.o
[2103/3418] Building CXX object lib/CodeGen/CMakeFiles/LLVMCodeGen.dir/ScheduleDAGInstrs.cpp.o
[2104/3418] Building CXX object lib/CodeGen/CMakeFiles/LLVMCodeGen.dir/ScoreboardHazardRecognizer.cpp.o
[2105/3418] Building CXX object lib/CodeGen/CMakeFiles/LLVMCodeGen.dir/ShadowStackGCLowering.cpp.o
[2106/3418] Building CXX object lib/CodeGen/CMakeFiles/LLVMCodeGen.dir/SjLjEHPrepare.cpp.o
[2107/3418] Building CXX object lib/CodeGen/CMakeFiles/LLVMCodeGen.dir/SelectOptimize.cpp.o
[2108/3418] Building CXX object lib/CodeGen/CMakeFiles/LLVMCodeGen.dir/ShrinkWrap.cpp.o
[2109/3418] Building CXX object lib/CodeGen/CMakeFiles/LLVMCodeGen.dir/SlotIndexes.cpp.o
[2110/3418] Building CXX object lib/CodeGen/CMakeFiles/LLVMCodeGen.dir/SpillPlacement.cpp.o
[2111/3418] Building CXX object lib/CodeGen/CMakeFiles/LLVMCodeGen.dir/StackFrameLayoutAnalysisPass.cpp.o
[2112/3418] Building CXX object lib/CodeGen/CMakeFiles/LLVMCodeGen.dir/StackMapLivenessAnalysis.cpp.o
[2113/3418] Building CXX object lib/CodeGen/CMakeFiles/LLVMCodeGen.dir/SplitKit.cpp.o
[2114/3418] Building CXX object lib/CodeGen/CMakeFiles/LLVMCodeGen.dir/StackColoring.cpp.o
[2115/3418] Building CXX object lib/CodeGen/CMakeFiles/LLVMCodeGen.dir/StaticDataSplitter.cpp.o
[2116/3418] Building CXX object lib/CodeGen/CMakeFiles/LLVMCodeGen.dir/StackMaps.cpp.o
[2117/3418] Building CXX object lib/CodeGen/CMakeFiles/LLVMCodeGen.dir/StackSlotColoring.cpp.o
[2118/3418] Building CXX object lib/CodeGen/CMakeFiles/LLVMCodeGen.dir/StackProtector.cpp.o
[2119/3418] Building CXX object lib/CodeGen/CMakeFiles/LLVMCodeGen.dir/StaticDataAnnotator.cpp.o
[2120/3418] Building CXX object lib/CodeGen/CMakeFiles/LLVMCodeGen.dir/SwiftErrorValueTracking.cpp.o
[2121/3418] Building CXX object lib/CodeGen/CMakeFiles/LLVMCodeGen.dir/TailDuplication.cpp.o
[2122/3418] Building CXX object lib/CodeGen/CMakeFiles/LLVMCodeGen.dir/SwitchLoweringUtils.cpp.o
[2123/3418] Building CXX object lib/CodeGen/CMakeFiles/LLVMCodeGen.dir/TailDuplicator.cpp.o
[2124/3418] Building CXX object lib/CodeGen/CMakeFiles/LLVMCodeGen.dir/TargetFrameLoweringImpl.cpp.o
[2125/3418] Building CXX object lib/CodeGen/CMakeFiles/LLVMCodeGen.dir/TargetOptionsImpl.cpp.o
[2126/3418] Building CXX object lib/CodeGen/CMakeFiles/LLVMCodeGen.dir/TargetInstrInfo.cpp.o
[2127/3418] Building CXX object lib/CodeGen/CMakeFiles/LLVMCodeGen.dir/TargetLoweringBase.cpp.o
[2128/3418] Building CXX object lib/CodeGen/CMakeFiles/LLVMCodeGen.dir/TargetLoweringObjectFileImpl.cpp.o
[2129/3418] Building CXX object lib/CodeGen/CMakeFiles/LLVMCodeGen.dir/TargetSubtargetInfo.cpp.o
[2130/3418] Building CXX object lib/CodeGen/CMakeFiles/LLVMCodeGen.dir/TargetSchedule.cpp.o
[2131/3418] Building CXX object lib/CodeGen/CMakeFiles/LLVMCodeGen.dir/TargetPassConfig.cpp.o
[2132/3418] Building CXX object lib/CodeGen/CMakeFiles/LLVMCodeGen.dir/TargetRegisterInfo.cpp.o
[2133/3418] Building CXX object lib/CodeGen/CMakeFiles/LLVMCodeGen.dir/ValueTypes.cpp.o
[2134/3418] Building CXX object lib/CodeGen/CMakeFiles/LLVMCodeGen.dir/UnreachableBlockElim.cpp.o
[2135/3418] Building CXX object lib/CodeGen/CMakeFiles/LLVMCodeGen.dir/TwoAddressInstructionPass.cpp.o
[2136/3418] Building CXX object lib/CodeGen/CMakeFiles/LLVMCodeGen.dir/TypePromotion.cpp.o
[2137/3418] Building CXX object lib/CodeGen/CMakeFiles/LLVMCodeGen.dir/VLIWMachineScheduler.cpp.o
[2138/3418] Building CXX object lib/CodeGen/CMakeFiles/LLVMCodeGen.dir/WasmEHPrepare.cpp.o
[2139/3418] Building CXX object lib/CodeGen/CMakeFiles/LLVMCodeGen.dir/VirtRegMap.cpp.o
[2140/3418] Building CXX object lib/CodeGen/CMakeFiles/LLVMCodeGen.dir/WindowsSecureHotPatching.cpp.o
[2141/3418] Building CXX object lib/CodeGen/CMakeFiles/LLVMCodeGen.dir/WindowScheduler.cpp.o
[2142/3418] Building CXX object lib/CodeGen/CMakeFiles/LLVMCodeGen.dir/XRayInstrumentation.cpp.o
[2143/3418] Building CXX object lib/CodeGen/CMakeFiles/LLVMCodeGen.dir/WinEHPrepare.cpp.o
[2144/3418] Building CXX object lib/CodeGen/CMakeFiles/LLVMCodeGen.dir/LiveDebugValues/LiveDebugValues.cpp.o
[2145/3418] Building CXX object lib/Transforms/Instrumentation/CMakeFiles/LLVMInstrumentation.dir/AllocToken.cpp.o
[2146/3418] Building CXX object lib/CodeGen/CMakeFiles/LLVMCodeGen.dir/LiveDebugValues/VarLocBasedImpl.cpp.o
[2147/3418] Building CXX object lib/Transforms/Instrumentation/CMakeFiles/LLVMInstrumentation.dir/AddressSanitizer.cpp.o
[2148/3418] Building CXX object lib/Transforms/Instrumentation/CMakeFiles/LLVMInstrumentation.dir/BoundsChecking.cpp.o
[2149/3418] Building CXX object lib/Transforms/Instrumentation/CMakeFiles/LLVMInstrumentation.dir/CGProfile.cpp.o
[2150/3418] Building CXX object lib/CodeGen/CMakeFiles/LLVMCodeGen.dir/LiveDebugValues/InstrRefBasedImpl.cpp.o
[2151/3418] Building CXX object lib/Transforms/Instrumentation/CMakeFiles/LLVMInstrumentation.dir/ControlHeightReduction.cpp.o
[2152/3418] Building CXX object lib/Transforms/Instrumentation/CMakeFiles/LLVMInstrumentation.dir/DataFlowSanitizer.cpp.o
[2153/3418] Building CXX object lib/Transforms/Instrumentation/CMakeFiles/LLVMInstrumentation.dir/BlockCoverageInference.cpp.o
[2154/3418] Building CXX object lib/Transforms/Instrumentation/CMakeFiles/LLVMInstrumentation.dir/GCOVProfiling.cpp.o
[2155/3418] Building CXX object lib/Transforms/Instrumentation/CMakeFiles/LLVMInstrumentation.dir/MemProfInstrumentation.cpp.o
[2156/3418] Building CXX object lib/Transforms/Instrumentation/CMakeFiles/LLVMInstrumentation.dir/NumericalStabilitySanitizer.cpp.o
[2157/3418] Building CXX object lib/Transforms/Instrumentation/CMakeFiles/LLVMInstrumentation.dir/MemProfUse.cpp.o
[2158/3418] Building CXX object lib/Transforms/Instrumentation/CMakeFiles/LLVMInstrumentation.dir/MemorySanitizer.cpp.o
[2159/3418] Building CXX object lib/Transforms/Instrumentation/CMakeFiles/LLVMInstrumentation.dir/KCFI.cpp.o
[2160/3418] Building CXX object lib/Transforms/Instrumentation/CMakeFiles/LLVMInstrumentation.dir/IndirectCallPromotion.cpp.o
[2161/3418] Building CXX object lib/Transforms/Instrumentation/CMakeFiles/LLVMInstrumentation.dir/LowerAllowCheckPass.cpp.o
[2162/3418] Building CXX object lib/Transforms/Instrumentation/CMakeFiles/LLVMInstrumentation.dir/InstrProfiling.cpp.o
[2163/3418] Building CXX object lib/Transforms/Instrumentation/CMakeFiles/LLVMInstrumentation.dir/PGOForceFunctionAttrs.cpp.o
[2164/3418] Building CXX object lib/Transforms/Instrumentation/CMakeFiles/LLVMInstrumentation.dir/PGOCtxProfFlattening.cpp.o
[2165/3418] Building CXX object lib/Transforms/Instrumentation/CMakeFiles/LLVMInstrumentation.dir/PGOCtxProfLowering.cpp.o
[2166/3418] Building CXX object lib/Transforms/Instrumentation/CMakeFiles/LLVMInstrumentation.dir/PGOMemOPSizeOpt.cpp.o
[2167/3418] Building CXX object lib/Transforms/Instrumentation/CMakeFiles/LLVMInstrumentation.dir/SanitizerCoverage.cpp.o
[2168/3418] Building CXX object lib/Transforms/Instrumentation/CMakeFiles/LLVMInstrumentation.dir/SanitizerBinaryMetadata.cpp.o
[2169/3418] Building CXX object lib/Transforms/Instrumentation/CMakeFiles/LLVMInstrumentation.dir/ValueProfileCollector.cpp.o
[2170/3418] Building CXX object lib/Transforms/Instrumentation/CMakeFiles/LLVMInstrumentation.dir/ThreadSanitizer.cpp.o
[2171/3418] Building CXX object lib/Transforms/Instrumentation/CMakeFiles/LLVMInstrumentation.dir/PGOInstrumentation.cpp.o
[2172/3418] Building CXX object lib/Transforms/Instrumentation/CMakeFiles/LLVMInstrumentation.dir/TypeSanitizer.cpp.o
[2173/3418] Building CXX object lib/Transforms/Instrumentation/CMakeFiles/LLVMInstrumentation.dir/RealtimeSanitizer.cpp.o
[2174/3418] Building CXX object lib/Transforms/Instrumentation/CMakeFiles/LLVMInstrumentation.dir/HWAddressSanitizer.cpp.o
[2175/3418] Building CXX object lib/Transforms/Vectorize/CMakeFiles/LLVMVectorize.dir/LoopIdiomVectorize.cpp.o
[2176/3418] Building CXX object lib/Transforms/Vectorize/CMakeFiles/LLVMVectorize.dir/LoadStoreVectorizer.cpp.o
[2177/3418] Building CXX object lib/Transforms/Vectorize/CMakeFiles/LLVMVectorize.dir/LoopVectorizationLegality.cpp.o
[2178/3418] Building CXX object lib/Transforms/Vectorize/CMakeFiles/LLVMVectorize.dir/LoopVectorizationPlanner.cpp.o
[2179/3418] Building CXX object lib/Transforms/Vectorize/CMakeFiles/LLVMVectorize.dir/SandboxVectorizer/DependencyGraph.cpp.o
[2180/3418] Building CXX object lib/Transforms/Vectorize/CMakeFiles/LLVMVectorize.dir/SandboxVectorizer/InstrMaps.cpp.o
[2181/3418] Building CXX object lib/Transforms/Vectorize/CMakeFiles/LLVMVectorize.dir/SandboxVectorizer/Interval.cpp.o
[2182/3418] Building CXX object lib/Transforms/Vectorize/CMakeFiles/LLVMVectorize.dir/SandboxVectorizer/Legality.cpp.o
[2183/3418] Building CXX object lib/Transforms/Vectorize/CMakeFiles/LLVMVectorize.dir/SandboxVectorizer/Passes/LoadStoreVec.cpp.o
[2184/3418] Building CXX object lib/Transforms/Vectorize/CMakeFiles/LLVMVectorize.dir/SandboxVectorizer/Passes/BottomUpVec.cpp.o
[2185/3418] Building CXX object lib/Transforms/Vectorize/CMakeFiles/LLVMVectorize.dir/SandboxVectorizer/Passes/RegionsFromBBs.cpp.o
[2186/3418] Building CXX object lib/Transforms/Vectorize/CMakeFiles/LLVMVectorize.dir/SandboxVectorizer/Passes/PackReuse.cpp.o
[2187/3418] Building CXX object lib/Transforms/Vectorize/CMakeFiles/LLVMVectorize.dir/SandboxVectorizer/Passes/RegionsFromMetadata.cpp.o
[2188/3418] Building CXX object lib/Transforms/Vectorize/CMakeFiles/LLVMVectorize.dir/LoopVectorize.cpp.o
[2189/3418] Building CXX object lib/Transforms/Vectorize/CMakeFiles/LLVMVectorize.dir/SandboxVectorizer/Passes/TransactionSave.cpp.o
[2190/3418] Building CXX object lib/Transforms/Vectorize/CMakeFiles/LLVMVectorize.dir/SandboxVectorizer/Passes/TransactionAcceptOrRevert.cpp.o
[2191/3418] Building CXX object lib/Transforms/Vectorize/CMakeFiles/LLVMVectorize.dir/SandboxVectorizer/Passes/SeedCollection.cpp.o
[2192/3418] Building CXX object lib/Transforms/Vectorize/CMakeFiles/LLVMVectorize.dir/SandboxVectorizer/RegionWithScore.cpp.o
[2193/3418] Building CXX object lib/Transforms/Vectorize/CMakeFiles/LLVMVectorize.dir/SandboxVectorizer/SandboxVectorizer.cpp.o
[2194/3418] Building CXX object lib/Transforms/Vectorize/CMakeFiles/LLVMVectorize.dir/SandboxVectorizer/SandboxVectorizerIR.cpp.o
[2195/3418] Building CXX object lib/Transforms/Vectorize/CMakeFiles/LLVMVectorize.dir/SandboxVectorizer/SandboxVectorizerPassBuilder.cpp.o
[2196/3418] Building CXX object lib/Transforms/Vectorize/CMakeFiles/LLVMVectorize.dir/SandboxVectorizer/Scheduler.cpp.o
[2197/3418] Building CXX object lib/Transforms/Vectorize/CMakeFiles/LLVMVectorize.dir/SandboxVectorizer/VecUtils.cpp.o
[2198/3418] Building CXX object lib/Transforms/Vectorize/CMakeFiles/LLVMVectorize.dir/SandboxVectorizer/SeedCollector.cpp.o
[2199/3418] Building CXX object lib/Transforms/Vectorize/CMakeFiles/LLVMVectorize.dir/Vectorize.cpp.o
[2200/3418] Building CXX object lib/Transforms/Vectorize/CMakeFiles/LLVMVectorize.dir/VPlanAnalysis.cpp.o
[2201/3418] Building CXX object lib/Transforms/Vectorize/CMakeFiles/LLVMVectorize.dir/VectorCombine.cpp.o
[2202/3418] Building CXX object lib/Transforms/Vectorize/CMakeFiles/LLVMVectorize.dir/VPlan.cpp.o
[2203/3418] Building CXX object lib/Transforms/Vectorize/CMakeFiles/LLVMVectorize.dir/VPlanConstruction.cpp.o
[2204/3418] Building CXX object lib/Transforms/Vectorize/CMakeFiles/LLVMVectorize.dir/VPlanPredicator.cpp.o
[2205/3418] Building CXX object lib/Transforms/Vectorize/CMakeFiles/LLVMVectorize.dir/VPlanRecipes.cpp.o
[2206/3418] Building CXX object lib/Transforms/Vectorize/CMakeFiles/LLVMVectorize.dir/VPlanUnroll.cpp.o
[2207/3418] Building CXX object lib/Transforms/Vectorize/CMakeFiles/LLVMVectorize.dir/VPlanVerifier.cpp.o
[2208/3418] Linking CXX static library lib/libLLVMObjCARCOpts.a
[2209/3418] Building CXX object lib/Linker/CMakeFiles/LLVMLinker.dir/IRMover.cpp.o
[2210/3418] Building CXX object lib/Transforms/Vectorize/CMakeFiles/LLVMVectorize.dir/VPlanUtils.cpp.o
[2211/3418] Linking CXX static library lib/libLLVMTarget.a
[2212/3418] Linking CXX static library lib/libLLVMSandboxIR.a
[2213/3418] Building CXX object lib/WindowsDriver/CMakeFiles/LLVMWindowsDriver.dir/MSVCPaths.cpp.o
[2214/3418] Building CXX object lib/Linker/CMakeFiles/LLVMLinker.dir/LinkModules.cpp.o
[2215/3418] Linking CXX static library lib/libclangFrontend.a
[2216/3418] Building CXX object tools/clang/lib/DependencyScanning/CMakeFiles/obj.clangDependencyScanning.dir/DependencyScanningFilesystem.cpp.o
[2217/3418] Building CXX object tools/clang/lib/DependencyScanning/CMakeFiles/obj.clangDependencyScanning.dir/DependencyScanningService.cpp.o
[2218/3418] Building CXX object lib/Transforms/Vectorize/CMakeFiles/LLVMVectorize.dir/VPlanTransforms.cpp.o
[2219/3418] Building CXX object tools/clang/lib/DependencyScanning/CMakeFiles/obj.clangDependencyScanning.dir/DependencyGraph.cpp.o
[2220/3418] Building CXX object tools/clang/lib/DependencyScanning/CMakeFiles/obj.clangDependencyScanning.dir/DependencyScanningWorker.cpp.o
[2221/3418] Building CXX object tools/clang/lib/DependencyScanning/CMakeFiles/obj.clangDependencyScanning.dir/DependencyScanningUtils.cpp.o
[2222/3418] Building CXX object tools/clang/lib/DependencyScanning/CMakeFiles/obj.clangDependencyScanning.dir/InProcessModuleCache.cpp.o
[2223/3418] Linking CXX static library lib/libclangScalableStaticAnalysisFrameworkAnalyses.a
[2224/3418] Building CXX object tools/clang/lib/DependencyScanning/CMakeFiles/obj.clangDependencyScanning.dir/DependencyScannerImpl.cpp.o
[2225/3418] Building CXX object lib/Transforms/Vectorize/CMakeFiles/LLVMVectorize.dir/SLPVectorizer.cpp.o
[2226/3418] Linking CXX static library lib/libLLVMCodeGen.a
[2227/3418] Building CXX object tools/clang/lib/ScalableStaticAnalysisFramework/Frontend/CMakeFiles/obj.clangScalableStaticAnalysisFrameworkFrontend.dir/TUSummaryExtractorFrontendAction.cpp.o
[2228/3418] Building CXX object tools/clang/lib/DependencyScanning/CMakeFiles/obj.clangDependencyScanning.dir/ModuleDepCollector.cpp.o
[2229/3418] Building CXX object lib/CodeGen/SelectionDAG/CMakeFiles/LLVMSelectionDAG.dir/FunctionLoweringInfo.cpp.o
[2230/3418] Building CXX object lib/CodeGen/SelectionDAG/CMakeFiles/LLVMSelectionDAG.dir/FastISel.cpp.o
[2231/3418] Building CXX object lib/CodeGen/SelectionDAG/CMakeFiles/LLVMSelectionDAG.dir/InstrEmitter.cpp.o
[2232/3418] Building CXX object lib/CodeGen/SelectionDAG/CMakeFiles/LLVMSelectionDAG.dir/LegalizeFloatTypes.cpp.o
[2233/3418] Building CXX object lib/CodeGen/SelectionDAG/CMakeFiles/LLVMSelectionDAG.dir/LegalizeDAG.cpp.o
[2234/3418] Building CXX object lib/CodeGen/SelectionDAG/CMakeFiles/LLVMSelectionDAG.dir/LegalizeIntegerTypes.cpp.o
[2235/3418] Building CXX object lib/CodeGen/SelectionDAG/CMakeFiles/LLVMSelectionDAG.dir/LegalizeTypes.cpp.o
[2236/3418] Building CXX object lib/CodeGen/SelectionDAG/CMakeFiles/LLVMSelectionDAG.dir/LegalizeTypesGeneric.cpp.o
[2237/3418] Building CXX object lib/CodeGen/SelectionDAG/CMakeFiles/LLVMSelectionDAG.dir/LegalizeVectorOps.cpp.o
[2238/3418] Building CXX object lib/CodeGen/SelectionDAG/CMakeFiles/LLVMSelectionDAG.dir/DAGCombiner.cpp.o
[2239/3418] Building CXX object lib/CodeGen/SelectionDAG/CMakeFiles/LLVMSelectionDAG.dir/ResourcePriorityQueue.cpp.o
[2240/3418] Building CXX object lib/CodeGen/SelectionDAG/CMakeFiles/LLVMSelectionDAG.dir/SDNodeInfo.cpp.o
[2241/3418] Building CXX object lib/CodeGen/SelectionDAG/CMakeFiles/LLVMSelectionDAG.dir/LegalizeVectorTypes.cpp.o
[2242/3418] Building CXX object lib/CodeGen/SelectionDAG/CMakeFiles/LLVMSelectionDAG.dir/ScheduleDAGFast.cpp.o
[2243/3418] Building CXX object lib/CodeGen/SelectionDAG/CMakeFiles/LLVMSelectionDAG.dir/ScheduleDAGRRList.cpp.o
[2244/3418] Building CXX object lib/CodeGen/SelectionDAG/CMakeFiles/LLVMSelectionDAG.dir/ScheduleDAGVLIW.cpp.o
[2245/3418] Building CXX object lib/CodeGen/SelectionDAG/CMakeFiles/LLVMSelectionDAG.dir/ScheduleDAGSDNodes.cpp.o
[2246/3418] Building CXX object lib/CodeGen/SelectionDAG/CMakeFiles/LLVMSelectionDAG.dir/SelectionDAGAddressAnalysis.cpp.o
[2247/3418] Building CXX object lib/CodeGen/SelectionDAG/CMakeFiles/LLVMSelectionDAG.dir/SelectionDAGDumper.cpp.o
[2248/3418] Building CXX object lib/CodeGen/SelectionDAG/CMakeFiles/LLVMSelectionDAG.dir/SelectionDAGPrinter.cpp.o
[2249/3418] Building CXX object lib/CodeGen/SelectionDAG/CMakeFiles/LLVMSelectionDAG.dir/SelectionDAGTargetInfo.cpp.o
[2250/3418] Building CXX object lib/CodeGen/SelectionDAG/CMakeFiles/LLVMSelectionDAG.dir/SelectionDAGBuilder.cpp.o
[2251/3418] Building CXX object lib/CodeGen/SelectionDAG/CMakeFiles/LLVMSelectionDAG.dir/SelectionDAG.cpp.o
[2252/3418] Linking CXX static library lib/libLLVMInstrumentation.a
[2253/3418] Building CXX object lib/CodeGen/SelectionDAG/CMakeFiles/LLVMSelectionDAG.dir/SelectionDAGISel.cpp.o
[2254/3418] Building CXX object lib/Transforms/IPO/CMakeFiles/LLVMipo.dir/Annotation2Metadata.cpp.o
[2255/3418] Building CXX object lib/Transforms/IPO/CMakeFiles/LLVMipo.dir/AlwaysInliner.cpp.o
[2256/3418] Building CXX object lib/CodeGen/SelectionDAG/CMakeFiles/LLVMSelectionDAG.dir/StatepointLowering.cpp.o
[2257/3418] Building CXX object lib/Transforms/IPO/CMakeFiles/LLVMipo.dir/ArgumentPromotion.cpp.o
[2258/3418] Building CXX object lib/Transforms/IPO/CMakeFiles/LLVMipo.dir/BarrierNoopPass.cpp.o
[2259/3418] Building CXX object lib/CodeGen/SelectionDAG/CMakeFiles/LLVMSelectionDAG.dir/TargetLowering.cpp.o
[2260/3418] Building CXX object lib/Transforms/IPO/CMakeFiles/LLVMipo.dir/BlockExtractor.cpp.o
[2261/3418] Building CXX object lib/Transforms/IPO/CMakeFiles/LLVMipo.dir/CalledValuePropagation.cpp.o
[2262/3418] Building CXX object lib/Transforms/IPO/CMakeFiles/LLVMipo.dir/ConstantMerge.cpp.o
[2263/3418] Building CXX object lib/Transforms/IPO/CMakeFiles/LLVMipo.dir/Attributor.cpp.o
[2264/3418] Building CXX object lib/Transforms/IPO/CMakeFiles/LLVMipo.dir/CrossDSOCFI.cpp.o
[2265/3418] Building CXX object lib/Transforms/IPO/CMakeFiles/LLVMipo.dir/ElimAvailExtern.cpp.o
[2266/3418] Building CXX object lib/Transforms/IPO/CMakeFiles/LLVMipo.dir/EmbedBitcodePass.cpp.o
[2267/3418] Building CXX object lib/Transforms/IPO/CMakeFiles/LLVMipo.dir/DeadArgumentElimination.cpp.o
[2268/3418] Building CXX object lib/Transforms/IPO/CMakeFiles/LLVMipo.dir/ExtractGV.cpp.o
[2269/3418] Building CXX object lib/Transforms/IPO/CMakeFiles/LLVMipo.dir/FatLTOCleanup.cpp.o
[2270/3418] Building CXX object lib/Transforms/IPO/CMakeFiles/LLVMipo.dir/ExpandVariadics.cpp.o
[2271/3418] Building CXX object lib/Transforms/IPO/CMakeFiles/LLVMipo.dir/ForceFunctionAttrs.cpp.o
[2272/3418] Building CXX object lib/Transforms/IPO/CMakeFiles/LLVMipo.dir/AttributorAttributes.cpp.o
[2273/3418] Building CXX object lib/Transforms/IPO/CMakeFiles/LLVMipo.dir/FunctionSpecialization.cpp.o
[2274/3418] Building CXX object lib/Transforms/IPO/CMakeFiles/LLVMipo.dir/FunctionAttrs.cpp.o
[2275/3418] Building CXX object lib/Transforms/IPO/CMakeFiles/LLVMipo.dir/FunctionImport.cpp.o
[2276/3418] Building CXX object lib/Transforms/IPO/CMakeFiles/LLVMipo.dir/GlobalDCE.cpp.o
[2277/3418] Building CXX object lib/Transforms/IPO/CMakeFiles/LLVMipo.dir/IPO.cpp.o
[2278/3418] Building CXX object lib/Transforms/IPO/CMakeFiles/LLVMipo.dir/GlobalSplit.cpp.o
[2279/3418] Building CXX object lib/Transforms/IPO/CMakeFiles/LLVMipo.dir/InferFunctionAttrs.cpp.o
[2280/3418] Building CXX object lib/Transforms/IPO/CMakeFiles/LLVMipo.dir/HotColdSplitting.cpp.o
[2281/3418] Building CXX object lib/Transforms/IPO/CMakeFiles/LLVMipo.dir/GlobalOpt.cpp.o
[2282/3418] Building CXX object lib/Transforms/IPO/CMakeFiles/LLVMipo.dir/InstrumentorUtils.cpp.o
[2283/3418] Building CXX object lib/Transforms/IPO/CMakeFiles/LLVMipo.dir/Inliner.cpp.o
[2284/3418] Building CXX object lib/Transforms/IPO/CMakeFiles/LLVMipo.dir/IROutliner.cpp.o
[2285/3418] Building CXX object lib/Transforms/IPO/CMakeFiles/LLVMipo.dir/Instrumentor.cpp.o
[2286/3418] Building CXX object lib/Transforms/IPO/CMakeFiles/LLVMipo.dir/InstrumentorStubPrinter.cpp.o
[2287/3418] Building CXX object lib/Transforms/IPO/CMakeFiles/LLVMipo.dir/InstrumentorConfigFile.cpp.o
[2288/3418] Building CXX object lib/Transforms/IPO/CMakeFiles/LLVMipo.dir/Internalize.cpp.o
[2289/3418] Building CXX object lib/Transforms/IPO/CMakeFiles/LLVMipo.dir/LoopExtractor.cpp.o
[2290/3418] Building CXX object lib/Transforms/IPO/CMakeFiles/LLVMipo.dir/MergeFunctions.cpp.o
[2291/3418] Building CXX object lib/Transforms/IPO/CMakeFiles/LLVMipo.dir/ModuleInliner.cpp.o
[2292/3418] Building CXX object lib/Transforms/IPO/CMakeFiles/LLVMipo.dir/LowerTypeTests.cpp.o
[2293/3418] Building CXX object lib/Transforms/IPO/CMakeFiles/LLVMipo.dir/PartialInlining.cpp.o
[2294/3418] Building CXX object lib/Transforms/IPO/CMakeFiles/LLVMipo.dir/SampleContextTracker.cpp.o
[2295/3418] Building CXX object lib/Transforms/IPO/CMakeFiles/LLVMipo.dir/OpenMPOpt.cpp.o
[2296/3418] Building CXX object lib/Transforms/IPO/CMakeFiles/LLVMipo.dir/SampleProfileMatcher.cpp.o
[2297/3418] Building CXX object lib/Transforms/IPO/CMakeFiles/LLVMipo.dir/MemProfContextDisambiguation.cpp.o
[2298/3418] Building CXX object lib/Transforms/IPO/CMakeFiles/LLVMipo.dir/SampleProfile.cpp.o
[2299/3418] Building CXX object lib/Transforms/IPO/CMakeFiles/LLVMipo.dir/StripDeadPrototypes.cpp.o
[2300/3418] Building CXX object lib/Transforms/IPO/CMakeFiles/LLVMipo.dir/SCCP.cpp.o
[2301/3418] Building CXX object lib/Transforms/IPO/CMakeFiles/LLVMipo.dir/SampleProfileProbe.cpp.o
[2302/3418] Linking CXX static library lib/libLLVMVectorize.a
[2303/3418] Linking CXX static library lib/libLLVMLinker.a
[2304/3418] Linking CXX static library lib/libLLVMWindowsDriver.a
[2305/3418] Building CXX object lib/Transforms/IPO/CMakeFiles/LLVMipo.dir/StripSymbols.cpp.o
[2306/3418] Building CXX object lib/Transforms/IPO/CMakeFiles/LLVMipo.dir/ThinLTOBitcodeWriter.cpp.o
[2307/3418] Building CXX object tools/clang/lib/Rewrite/CMakeFiles/obj.clangRewrite.dir/Rewriter.cpp.o
[2308/3418] Building CXX object tools/clang/lib/Rewrite/CMakeFiles/obj.clangRewrite.dir/HTMLRewrite.cpp.o
[2309/3418] Building CXX object tools/clang/lib/Driver/CMakeFiles/obj.clangDriver.dir/Action.cpp.o
[2310/3418] Building CXX object tools/clang/lib/Rewrite/CMakeFiles/obj.clangRewrite.dir/TokenRewriter.cpp.o
[2311/3418] Building CXX object tools/clang/lib/Driver/CMakeFiles/obj.clangDriver.dir/Compilation.cpp.o
[2312/3418] Building CXX object tools/clang/lib/Driver/CMakeFiles/obj.clangDriver.dir/Distro.cpp.o
[2313/3418] Building CXX object lib/Transforms/IPO/CMakeFiles/LLVMipo.dir/WholeProgramDevirt.cpp.o
[2314/3418] Building CXX object tools/clang/lib/Driver/CMakeFiles/obj.clangDriver.dir/CreateInvocationFromArgs.cpp.o
[2315/3418] Building CXX object tools/clang/lib/Driver/CMakeFiles/obj.clangDriver.dir/CreateASTUnitFromArgs.cpp.o
[2316/3418] Building CXX object tools/clang/lib/Driver/CMakeFiles/obj.clangDriver.dir/Job.cpp.o
[2317/3418] Building CXX object tools/clang/lib/Driver/CMakeFiles/obj.clangDriver.dir/MultilibBuilder.cpp.o
[2318/3418] Building CXX object tools/clang/lib/Driver/CMakeFiles/obj.clangDriver.dir/Multilib.cpp.o
[2319/3418] Building CXX object tools/clang/lib/Driver/CMakeFiles/obj.clangDriver.dir/Phases.cpp.o
[2320/3418] Building CXX object tools/clang/lib/Driver/CMakeFiles/obj.clangDriver.dir/OffloadBundler.cpp.o
[2321/3418] Building CXX object tools/clang/lib/Driver/CMakeFiles/obj.clangDriver.dir/Driver.cpp.o
[2322/3418] Building CXX object tools/clang/lib/Driver/CMakeFiles/obj.clangDriver.dir/Tool.cpp.o
[2323/3418] Building CXX object tools/clang/lib/Driver/CMakeFiles/obj.clangDriver.dir/SanitizerArgs.cpp.o
[2324/3418] Building CXX object tools/clang/lib/Driver/CMakeFiles/obj.clangDriver.dir/ToolChains/Arch/AMDGPU.cpp.o
[2325/3418] Building CXX object tools/clang/lib/Driver/CMakeFiles/obj.clangDriver.dir/ToolChains/Arch/AArch64.cpp.o
[2326/3418] Building CXX object tools/clang/lib/Driver/CMakeFiles/obj.clangDriver.dir/ToolChain.cpp.o
[2327/3418] Building CXX object tools/clang/lib/Driver/CMakeFiles/obj.clangDriver.dir/ToolChains/Arch/CSKY.cpp.o
[2328/3418] Building CXX object tools/clang/lib/Driver/CMakeFiles/obj.clangDriver.dir/ToolChains/Arch/ARM.cpp.o
[2329/3418] Building CXX object tools/clang/lib/Driver/CMakeFiles/obj.clangDriver.dir/ModulesDriver.cpp.o
[2330/3418] Building CXX object tools/clang/lib/Driver/CMakeFiles/obj.clangDriver.dir/ToolChains/Arch/LoongArch.cpp.o
[2331/3418] Building CXX object tools/clang/lib/Driver/CMakeFiles/obj.clangDriver.dir/ToolChains/Arch/M68k.cpp.o
[2332/3418] Building CXX object tools/clang/lib/Driver/CMakeFiles/obj.clangDriver.dir/ToolChains/Arch/Mips.cpp.o
[2333/3418] Building CXX object tools/clang/lib/Driver/CMakeFiles/obj.clangDriver.dir/ToolChains/Arch/PPC.cpp.o
[2334/3418] Building CXX object tools/clang/lib/Driver/CMakeFiles/obj.clangDriver.dir/ToolChains/Arch/Sparc.cpp.o
[2335/3418] Building CXX object tools/clang/lib/Driver/CMakeFiles/obj.clangDriver.dir/ToolChains/Arch/SystemZ.cpp.o
[2336/3418] Building CXX object tools/clang/lib/Driver/CMakeFiles/obj.clangDriver.dir/ToolChains/Arch/RISCV.cpp.o
[2337/3418] Building CXX object tools/clang/lib/Driver/CMakeFiles/obj.clangDriver.dir/ToolChains/Arch/VE.cpp.o
[2338/3418] Building CXX object tools/clang/lib/Driver/CMakeFiles/obj.clangDriver.dir/ToolChains/AMDGPUOpenMP.cpp.o
[2339/3418] Building CXX object tools/clang/lib/Driver/CMakeFiles/obj.clangDriver.dir/ToolChains/Arch/X86.cpp.o
[2340/3418] Building CXX object tools/clang/lib/Driver/CMakeFiles/obj.clangDriver.dir/ToolChains/AIX.cpp.o
[2341/3418] Building CXX object tools/clang/lib/Driver/CMakeFiles/obj.clangDriver.dir/ToolChains/AMDGPU.cpp.o
[2342/3418] Building CXX object tools/clang/lib/Driver/CMakeFiles/obj.clangDriver.dir/ToolChains/AVR.cpp.o
[2343/3418] Building CXX object tools/clang/lib/Driver/CMakeFiles/obj.clangDriver.dir/ToolChains/BareMetal.cpp.o
[2344/3418] Building CXX object tools/clang/lib/Driver/CMakeFiles/obj.clangDriver.dir/ToolChains/CrossWindows.cpp.o
[2345/3418] Building CXX object tools/clang/lib/Driver/CMakeFiles/obj.clangDriver.dir/ToolChains/CSKYToolChain.cpp.o
[2346/3418] Building CXX object tools/clang/lib/Driver/CMakeFiles/obj.clangDriver.dir/ToolChains/Cygwin.cpp.o
[2347/3418] Building CXX object tools/clang/lib/Driver/CMakeFiles/obj.clangDriver.dir/ToolChains/Cuda.cpp.o
[2348/3418] Building CXX object tools/clang/lib/Driver/CMakeFiles/obj.clangDriver.dir/ToolChains/CommonArgs.cpp.o
[2349/3418] Building CXX object tools/clang/lib/Driver/CMakeFiles/obj.clangDriver.dir/ToolChains/DragonFly.cpp.o
[2350/3418] Building CXX object tools/clang/lib/Driver/CMakeFiles/obj.clangDriver.dir/ToolChains/Flang.cpp.o
[2351/3418] Building CXX object tools/clang/lib/Driver/CMakeFiles/obj.clangDriver.dir/ToolChains/Clang.cpp.o
[2352/3418] Building CXX object tools/clang/lib/Driver/CMakeFiles/obj.clangDriver.dir/ToolChains/FreeBSD.cpp.o
[2353/3418] Building CXX object tools/clang/lib/Driver/CMakeFiles/obj.clangDriver.dir/ToolChains/Darwin.cpp.o
[2354/3418] Building CXX object tools/clang/lib/Driver/CMakeFiles/obj.clangDriver.dir/ToolChains/Fuchsia.cpp.o
[2355/3418] Building CXX object tools/clang/lib/Driver/CMakeFiles/obj.clangDriver.dir/ToolChains/Haiku.cpp.o
[2356/3418] Building CXX object tools/clang/lib/Driver/CMakeFiles/obj.clangDriver.dir/ToolChains/HIPUtility.cpp.o
[2357/3418] Building CXX object tools/clang/lib/Driver/CMakeFiles/obj.clangDriver.dir/ToolChains/HIPAMD.cpp.o
[2358/3418] Building CXX object tools/clang/lib/Driver/CMakeFiles/obj.clangDriver.dir/ToolChains/HIPSPV.cpp.o
[2359/3418] Building CXX object tools/clang/lib/Driver/CMakeFiles/obj.clangDriver.dir/ToolChains/Gnu.cpp.o
[2360/3418] Building CXX object tools/clang/lib/Driver/CMakeFiles/obj.clangDriver.dir/ToolChains/Hexagon.cpp.o
[2361/3418] Building CXX object tools/clang/lib/Driver/CMakeFiles/obj.clangDriver.dir/ToolChains/Hurd.cpp.o
[2362/3418] Building CXX object tools/clang/lib/Driver/CMakeFiles/obj.clangDriver.dir/ToolChains/LFILinux.cpp.o
[2363/3418] Building CXX object tools/clang/lib/Driver/CMakeFiles/obj.clangDriver.dir/ToolChains/HLSL.cpp.o
[2364/3418] Building CXX object tools/clang/lib/Driver/CMakeFiles/obj.clangDriver.dir/ToolChains/Managarm.cpp.o
[2365/3418] Building CXX object tools/clang/lib/Driver/CMakeFiles/obj.clangDriver.dir/ToolChains/MipsLinux.cpp.o
[2366/3418] Building CXX object tools/clang/lib/Driver/CMakeFiles/obj.clangDriver.dir/ToolChains/Linux.cpp.o
[2367/3418] Building CXX object tools/clang/lib/Driver/CMakeFiles/obj.clangDriver.dir/ToolChains/MinGW.cpp.o
[2368/3418] Building CXX object tools/clang/lib/Driver/CMakeFiles/obj.clangDriver.dir/ToolChains/MSVC.cpp.o
[2369/3418] Building CXX object tools/clang/lib/Driver/CMakeFiles/obj.clangDriver.dir/ToolChains/MSP430.cpp.o
[2370/3418] Building CXX object tools/clang/lib/Driver/CMakeFiles/obj.clangDriver.dir/ToolChains/NetBSD.cpp.o
[2371/3418] Building CXX object tools/clang/lib/Driver/CMakeFiles/obj.clangDriver.dir/ToolChains/OHOS.cpp.o
[2372/3418] Building CXX object tools/clang/lib/Driver/CMakeFiles/obj.clangDriver.dir/ToolChains/OpenBSD.cpp.o
[2373/3418] Building CXX object tools/clang/lib/Driver/CMakeFiles/obj.clangDriver.dir/ToolChains/Serenity.cpp.o
[2374/3418] Building CXX object tools/clang/lib/Driver/CMakeFiles/obj.clangDriver.dir/ToolChains/PS4CPU.cpp.o
[2375/3418] Building CXX object tools/clang/lib/Driver/CMakeFiles/obj.clangDriver.dir/ToolChains/SPIRVOpenMP.cpp.o
[2376/3418] Building CXX object tools/clang/lib/Driver/CMakeFiles/obj.clangDriver.dir/ToolChains/Solaris.cpp.o
[2377/3418] Building CXX object tools/clang/lib/Driver/CMakeFiles/obj.clangDriver.dir/ToolChains/SPIRV.cpp.o
[2378/3418] Building CXX object tools/clang/lib/Driver/CMakeFiles/obj.clangDriver.dir/ToolChains/SYCL.cpp.o
[2379/3418] Building CXX object tools/clang/lib/Driver/CMakeFiles/obj.clangDriver.dir/ToolChains/TCE.cpp.o
[2380/3418] Building CXX object tools/clang/lib/Driver/CMakeFiles/obj.clangDriver.dir/ToolChains/VEToolchain.cpp.o
[2381/3418] Building CXX object tools/clang/lib/Driver/CMakeFiles/obj.clangDriver.dir/ToolChains/UEFI.cpp.o
[2382/3418] Building CXX object tools/clang/lib/Driver/CMakeFiles/obj.clangDriver.dir/ToolChains/WebAssembly.cpp.o
[2383/3418] Building CXX object tools/clang/lib/Driver/CMakeFiles/obj.clangDriver.dir/ToolChains/XCore.cpp.o
[2384/3418] Building CXX object tools/clang/lib/Driver/CMakeFiles/obj.clangDriver.dir/ToolChains/PPCLinux.cpp.o
[2385/3418] Building CXX object tools/clang/lib/Driver/CMakeFiles/obj.clangDriver.dir/ToolChains/Z80.cpp.o
[2386/3418] Building CXX object tools/clang/lib/Driver/CMakeFiles/obj.clangDriver.dir/ToolChains/PPCFreeBSD.cpp.o
[2387/3418] Building CXX object tools/clang/lib/Driver/CMakeFiles/obj.clangDriver.dir/ToolChains/InterfaceStubs.cpp.o
[2388/3418] Linking CXX static library lib/libclangDependencyScanning.a
[2389/3418] Linking CXX static library lib/libclangScalableStaticAnalysisFrameworkFrontend.a
[2390/3418] Building CXX object tools/clang/lib/Driver/CMakeFiles/obj.clangDriver.dir/Types.cpp.o
[2391/3418] Building CXX object tools/clang/lib/Driver/CMakeFiles/obj.clangDriver.dir/ToolChains/ZOS.cpp.o
[2392/3418] Linking CXX static library lib/libLLVMSelectionDAG.a
[2393/3418] Building CXX object tools/clang/lib/Driver/CMakeFiles/obj.clangDriver.dir/XRayArgs.cpp.o
[2394/3418] Building CXX object lib/IRPrinter/CMakeFiles/LLVMIRPrinter.dir/IRPrintingPasses.cpp.o
[2395/3418] Building CXX object lib/CodeGen/GlobalISel/CMakeFiles/LLVMGlobalISel.dir/CSEInfo.cpp.o
[2396/3418] Building CXX object lib/CodeGen/GlobalISel/CMakeFiles/LLVMGlobalISel.dir/GlobalISel.cpp.o
[2397/3418] Building CXX object lib/CodeGen/GlobalISel/CMakeFiles/LLVMGlobalISel.dir/CSEMIRBuilder.cpp.o
[2398/3418] Building CXX object lib/CodeGen/GlobalISel/CMakeFiles/LLVMGlobalISel.dir/GISelValueTracking.cpp.o
[2399/3418] Building CXX object lib/CodeGen/GlobalISel/CMakeFiles/LLVMGlobalISel.dir/CallLowering.cpp.o
[2400/3418] Building CXX object lib/CodeGen/GlobalISel/CMakeFiles/LLVMGlobalISel.dir/Combiner.cpp.o
[2401/3418] Building CXX object lib/CodeGen/GlobalISel/CMakeFiles/LLVMGlobalISel.dir/CombinerHelperArtifacts.cpp.o
[2402/3418] Building CXX object lib/CodeGen/GlobalISel/CMakeFiles/LLVMGlobalISel.dir/CombinerHelperCasts.cpp.o
[2403/3418] Building CXX object lib/CodeGen/GlobalISel/CMakeFiles/LLVMGlobalISel.dir/CombinerHelperCompares.cpp.o
[2404/3418] Building CXX object lib/CodeGen/GlobalISel/CMakeFiles/LLVMGlobalISel.dir/GISelChangeObserver.cpp.o
[2405/3418] Building CXX object lib/CodeGen/GlobalISel/CMakeFiles/LLVMGlobalISel.dir/CombinerHelperVectorOps.cpp.o
[2406/3418] Building CXX object lib/CodeGen/GlobalISel/CMakeFiles/LLVMGlobalISel.dir/GIMatchTableExecutor.cpp.o
[2407/3418] Building CXX object lib/CodeGen/GlobalISel/CMakeFiles/LLVMGlobalISel.dir/CombinerHelper.cpp.o
[2408/3418] Building CXX object lib/CodeGen/GlobalISel/CMakeFiles/LLVMGlobalISel.dir/InlineAsmLowering.cpp.o
[2409/3418] Building CXX object lib/CodeGen/GlobalISel/CMakeFiles/LLVMGlobalISel.dir/InstructionSelect.cpp.o
[2410/3418] Building CXX object lib/CodeGen/GlobalISel/CMakeFiles/LLVMGlobalISel.dir/InstructionSelector.cpp.o
[2411/3418] Building CXX object lib/CodeGen/GlobalISel/CMakeFiles/LLVMGlobalISel.dir/LegalityPredicates.cpp.o
[2412/3418] Building CXX object lib/CodeGen/GlobalISel/CMakeFiles/LLVMGlobalISel.dir/LegalizeMutations.cpp.o
[2413/3418] Building CXX object lib/CodeGen/GlobalISel/CMakeFiles/LLVMGlobalISel.dir/LegalizerInfo.cpp.o
[2414/3418] Building CXX object lib/CodeGen/GlobalISel/CMakeFiles/LLVMGlobalISel.dir/IRTranslator.cpp.o
[2415/3418] Building CXX object lib/CodeGen/GlobalISel/CMakeFiles/LLVMGlobalISel.dir/LegacyLegalizerInfo.cpp.o
[2416/3418] Building CXX object lib/CodeGen/GlobalISel/CMakeFiles/LLVMGlobalISel.dir/Legalizer.cpp.o
[2417/3418] Building CXX object lib/CodeGen/GlobalISel/CMakeFiles/LLVMGlobalISel.dir/LostDebugLocObserver.cpp.o
[2418/3418] Building CXX object lib/CodeGen/GlobalISel/CMakeFiles/LLVMGlobalISel.dir/LoadStoreOpt.cpp.o
[2419/3418] Building CXX object lib/CodeGen/GlobalISel/CMakeFiles/LLVMGlobalISel.dir/Localizer.cpp.o
[2420/3418] Building CXX object lib/CodeGen/GlobalISel/CMakeFiles/LLVMGlobalISel.dir/LegalizerHelper.cpp.o
[2421/3418] Building CXX object lib/CodeGen/GlobalISel/CMakeFiles/LLVMGlobalISel.dir/MachineFloatingPointPredicateUtils.cpp.o
[2422/3418] Linking CXX static library lib/libLLVMipo.a
[2423/3418] Building CXX object lib/CodeGen/GlobalISel/CMakeFiles/LLVMGlobalISel.dir/MachineIRBuilder.cpp.o
[2424/3418] Building CXX object lib/CodeGen/GlobalISel/CMakeFiles/LLVMGlobalISel.dir/RegBankSelect.cpp.o
[2425/3418] Building CXX object lib/Transforms/Coroutines/CMakeFiles/LLVMCoroutines.dir/Coroutines.cpp.o
[2426/3418] Building CXX object lib/CodeGen/GlobalISel/CMakeFiles/LLVMGlobalISel.dir/Utils.cpp.o
[2427/3418] Building CXX object lib/Transforms/Coroutines/CMakeFiles/LLVMCoroutines.dir/CoroAnnotationElide.cpp.o
[2428/3418] Building CXX object lib/Transforms/Coroutines/CMakeFiles/LLVMCoroutines.dir/CoroConditionalWrapper.cpp.o
[2429/3418] Building CXX object lib/Transforms/Coroutines/CMakeFiles/LLVMCoroutines.dir/CoroCleanup.cpp.o
[2430/3418] Building CXX object lib/Transforms/Coroutines/CMakeFiles/LLVMCoroutines.dir/CoroEarly.cpp.o
[2431/3418] Building CXX object lib/Transforms/Coroutines/CMakeFiles/LLVMCoroutines.dir/CoroElide.cpp.o
[2432/3418] Building CXX object lib/Transforms/Coroutines/CMakeFiles/LLVMCoroutines.dir/SuspendCrossingInfo.cpp.o
[2433/3418] Building CXX object lib/Transforms/Coroutines/CMakeFiles/LLVMCoroutines.dir/CoroFrame.cpp.o
[2434/3418] Building CXX object lib/Transforms/Coroutines/CMakeFiles/LLVMCoroutines.dir/CoroSplit.cpp.o
[2435/3418] Building CXX object lib/Transforms/Coroutines/CMakeFiles/LLVMCoroutines.dir/SpillUtils.cpp.o
[2436/3418] Building CXX object lib/Transforms/Coroutines/CMakeFiles/LLVMCoroutines.dir/MaterializationUtils.cpp.o
[2437/3418] Building Z80GenAsmMatcher.inc...
[2438/3418] Building Z80GenAsmWriter.inc...
[2439/3418] Building CXX object lib/Transforms/CFGuard/CMakeFiles/LLVMCFGuard.dir/CFGuard.cpp.o
[2440/3418] Building Z80GenCallingConv.inc...
[2441/3418] Building Z80GenDisassemblerTables.inc...
[2442/3418] Building Z80GenGlobalISel.inc...
[2443/3418] Building Z80GenInstrInfo.inc...
[2444/3418] Building Z80GenMCCodeEmitter.inc...
[2445/3418] Building Z80GenMCPseudoLowering.inc...
[2446/3418] Building Z80GenPostLegalizeGICombiner.inc...
[2447/3418] Building Z80GenPreLegalizeGICombiner.inc...
[2448/3418] Building Z80GenRegisterBank.inc...
[2449/3418] Building Z80GenRegisterInfo.inc...
[2450/3418] Building CXX object lib/Transforms/HipStdPar/CMakeFiles/LLVMHipStdPar.dir/HipStdPar.cpp.o
[2451/3418] Linking CXX static library lib/libclangRewrite.a
[2452/3418] Building Z80GenSearchableTables.inc...
[2453/3418] Building Z80GenSubtargetInfo.inc...
[2454/3418] Linking CXX static library lib/libclangDriver.a
[2455/3418] Linking CXX static library lib/libLLVMIRPrinter.a
[2456/3418] Linking CXX static library lib/libLLVMGlobalISel.a
[2457/3418] Building CXX object lib/Extensions/CMakeFiles/LLVMExtensions.dir/Extensions.cpp.o
[2458/3418] Linking CXX static library lib/libLLVMCoroutines.a
[2459/3418] Linking CXX static library lib/libLLVMCFGuard.a
[2460/3418] Linking CXX static library lib/libLLVMHipStdPar.a
[2461/3418] Building CXX object tools/clang/lib/Tooling/Core/CMakeFiles/obj.clangToolingCore.dir/Diagnostic.cpp.o
[2462/3418] Building CXX object lib/Target/Z80/TargetInfo/CMakeFiles/LLVMZ80Info.dir/Z80TargetInfo.cpp.o
[2463/3418] Building CXX object lib/Passes/CMakeFiles/LLVMPasses.dir/OptimizationLevel.cpp.o
[2464/3418] Building CXX object tools/clang/lib/Tooling/Core/CMakeFiles/obj.clangToolingCore.dir/Replacement.cpp.o
[2465/3418] Building CXX object lib/Passes/CMakeFiles/LLVMPasses.dir/CodeGenPassBuilder.cpp.o
[2466/3418] Building CXX object lib/Passes/CMakeFiles/LLVMPasses.dir/PassBuilderBindings.cpp.o
[2467/3418] Building CXX object tools/clang/lib/CrossTU/CMakeFiles/obj.clangCrossTU.dir/CrossTranslationUnit.cpp.o
[2468/3418] Building CXX object lib/TextAPI/BinaryReader/CMakeFiles/LLVMTextAPIBinaryReader.dir/DylibReader.cpp.o
[2469/3418] Linking CXX static library lib/libclangCrossTU.a
[2470/3418] Linking CXX static library lib/libclangToolingCore.a
[2471/3418] Building CXX object tools/clang/lib/StaticAnalyzer/Core/CMakeFiles/obj.clangStaticAnalyzerCore.dir/APSIntType.cpp.o
[2472/3418] Building CXX object tools/clang/lib/StaticAnalyzer/Core/CMakeFiles/obj.clangStaticAnalyzerCore.dir/AnalysisManager.cpp.o
[2473/3418] Building CXX object lib/Passes/CMakeFiles/LLVMPasses.dir/StandardInstrumentations.cpp.o
[2474/3418] Building CXX object lib/Passes/CMakeFiles/LLVMPasses.dir/PassBuilderPipelines.cpp.o
[2475/3418] Building CXX object tools/clang/lib/StaticAnalyzer/Core/CMakeFiles/obj.clangStaticAnalyzerCore.dir/BlockCounter.cpp.o
[2476/3418] Building CXX object tools/clang/lib/StaticAnalyzer/Core/CMakeFiles/obj.clangStaticAnalyzerCore.dir/AnalyzerOptions.cpp.o
[2477/3418] Building CXX object tools/clang/lib/StaticAnalyzer/Core/CMakeFiles/obj.clangStaticAnalyzerCore.dir/BasicValueFactory.cpp.o
[2478/3418] Building CXX object tools/clang/lib/StaticAnalyzer/Core/CMakeFiles/obj.clangStaticAnalyzerCore.dir/BugSuppression.cpp.o
[2479/3418] Building CXX object tools/clang/lib/StaticAnalyzer/Core/CMakeFiles/obj.clangStaticAnalyzerCore.dir/BugReporter.cpp.o
[2480/3418] Building CXX object tools/clang/lib/StaticAnalyzer/Core/CMakeFiles/obj.clangStaticAnalyzerCore.dir/BugReporterVisitors.cpp.o
[2481/3418] Building CXX object tools/clang/lib/StaticAnalyzer/Core/CMakeFiles/obj.clangStaticAnalyzerCore.dir/CallDescription.cpp.o
[2482/3418] Building CXX object tools/clang/lib/StaticAnalyzer/Core/CMakeFiles/obj.clangStaticAnalyzerCore.dir/CallEvent.cpp.o
[2483/3418] Building CXX object tools/clang/lib/StaticAnalyzer/Core/CMakeFiles/obj.clangStaticAnalyzerCore.dir/Checker.cpp.o
[2484/3418] Building CXX object lib/Passes/CMakeFiles/LLVMPasses.dir/PassBuilder.cpp.o
[2485/3418] Building CXX object tools/clang/lib/StaticAnalyzer/Core/CMakeFiles/obj.clangStaticAnalyzerCore.dir/CheckerContext.cpp.o
[2486/3418] Building CXX object tools/clang/lib/StaticAnalyzer/Core/CMakeFiles/obj.clangStaticAnalyzerCore.dir/CommonBugCategories.cpp.o
[2487/3418] Building CXX object tools/clang/lib/StaticAnalyzer/Core/CMakeFiles/obj.clangStaticAnalyzerCore.dir/CheckerRegistryData.cpp.o
[2488/3418] Building CXX object tools/clang/lib/StaticAnalyzer/Core/CMakeFiles/obj.clangStaticAnalyzerCore.dir/CheckerHelpers.cpp.o
[2489/3418] Building CXX object tools/clang/lib/StaticAnalyzer/Core/CMakeFiles/obj.clangStaticAnalyzerCore.dir/ConstraintManager.cpp.o
[2490/3418] Building CXX object tools/clang/lib/StaticAnalyzer/Core/CMakeFiles/obj.clangStaticAnalyzerCore.dir/CheckerManager.cpp.o
[2491/3418] Building CXX object tools/clang/lib/StaticAnalyzer/Core/CMakeFiles/obj.clangStaticAnalyzerCore.dir/DynamicExtent.cpp.o
[2492/3418] Building CXX object tools/clang/lib/StaticAnalyzer/Core/CMakeFiles/obj.clangStaticAnalyzerCore.dir/CoreEngine.cpp.o
[2493/3418] Building CXX object tools/clang/lib/StaticAnalyzer/Core/CMakeFiles/obj.clangStaticAnalyzerCore.dir/DynamicType.cpp.o
[2494/3418] Building CXX object tools/clang/lib/StaticAnalyzer/Core/CMakeFiles/obj.clangStaticAnalyzerCore.dir/EntryPointStats.cpp.o
[2495/3418] Building CXX object tools/clang/lib/StaticAnalyzer/Core/CMakeFiles/obj.clangStaticAnalyzerCore.dir/Environment.cpp.o
[2496/3418] Building CXX object tools/clang/lib/StaticAnalyzer/Core/CMakeFiles/obj.clangStaticAnalyzerCore.dir/ExplodedGraph.cpp.o
[2497/3418] Building CXX object tools/clang/lib/StaticAnalyzer/Core/CMakeFiles/obj.clangStaticAnalyzerCore.dir/ExprEngineC.cpp.o
[2498/3418] Building CXX object tools/clang/lib/StaticAnalyzer/Core/CMakeFiles/obj.clangStaticAnalyzerCore.dir/ExprEngineCXX.cpp.o
[2499/3418] Building CXX object tools/clang/lib/StaticAnalyzer/Core/CMakeFiles/obj.clangStaticAnalyzerCore.dir/ExprEngine.cpp.o
[2500/3418] Building CXX object tools/clang/lib/StaticAnalyzer/Core/CMakeFiles/obj.clangStaticAnalyzerCore.dir/FunctionSummary.cpp.o
[2501/3418] Building CXX object tools/clang/lib/StaticAnalyzer/Core/CMakeFiles/obj.clangStaticAnalyzerCore.dir/ExprEngineCallAndReturn.cpp.o
[2502/3418] Building CXX object tools/clang/lib/StaticAnalyzer/Core/CMakeFiles/obj.clangStaticAnalyzerCore.dir/ExprEngineObjC.cpp.o
[2503/3418] Building CXX object tools/clang/lib/StaticAnalyzer/Core/CMakeFiles/obj.clangStaticAnalyzerCore.dir/HTMLDiagnostics.cpp.o
[2504/3418] Building CXX object tools/clang/lib/StaticAnalyzer/Core/CMakeFiles/obj.clangStaticAnalyzerCore.dir/LoopWidening.cpp.o
[2505/3418] Building CXX object tools/clang/lib/StaticAnalyzer/Core/CMakeFiles/obj.clangStaticAnalyzerCore.dir/MemRegion.cpp.o
[2506/3418] Building CXX object tools/clang/lib/StaticAnalyzer/Core/CMakeFiles/obj.clangStaticAnalyzerCore.dir/LoopUnrolling.cpp.o
[2507/3418] Building CXX object tools/clang/lib/StaticAnalyzer/Core/CMakeFiles/obj.clangStaticAnalyzerCore.dir/PlistDiagnostics.cpp.o
[2508/3418] Building CXX object tools/clang/lib/StaticAnalyzer/Core/CMakeFiles/obj.clangStaticAnalyzerCore.dir/ProgramState.cpp.o
[2509/3418] Building CXX object tools/clang/lib/StaticAnalyzer/Core/CMakeFiles/obj.clangStaticAnalyzerCore.dir/RangedConstraintManager.cpp.o
[2510/3418] Building CXX object tools/clang/lib/StaticAnalyzer/Core/CMakeFiles/obj.clangStaticAnalyzerCore.dir/RangeConstraintManager.cpp.o
[2511/3418] Building CXX object tools/clang/lib/StaticAnalyzer/Core/CMakeFiles/obj.clangStaticAnalyzerCore.dir/SimpleConstraintManager.cpp.o
[2512/3418] Building CXX object tools/clang/lib/StaticAnalyzer/Core/CMakeFiles/obj.clangStaticAnalyzerCore.dir/SarifDiagnostics.cpp.o
[2513/3418] Building CXX object tools/clang/lib/StaticAnalyzer/Core/CMakeFiles/obj.clangStaticAnalyzerCore.dir/SimpleSValBuilder.cpp.o
[2514/3418] Building CXX object tools/clang/lib/StaticAnalyzer/Core/CMakeFiles/obj.clangStaticAnalyzerCore.dir/RegionStore.cpp.o
[2515/3418] Building CXX object tools/clang/lib/StaticAnalyzer/Core/CMakeFiles/obj.clangStaticAnalyzerCore.dir/SMTConstraintManager.cpp.o
[2516/3418] Building CXX object tools/clang/lib/StaticAnalyzer/Core/CMakeFiles/obj.clangStaticAnalyzerCore.dir/Store.cpp.o
[2517/3418] Building CXX object tools/clang/lib/StaticAnalyzer/Core/CMakeFiles/obj.clangStaticAnalyzerCore.dir/SVals.cpp.o
[2518/3418] Building CXX object tools/clang/lib/StaticAnalyzer/Core/CMakeFiles/obj.clangStaticAnalyzerCore.dir/SymbolManager.cpp.o
[2519/3418] Building CXX object tools/clang/lib/StaticAnalyzer/Core/CMakeFiles/obj.clangStaticAnalyzerCore.dir/SValBuilder.cpp.o
[2520/3418] Building ObjcopyOpts.inc...
[2521/3418] Building CXX object lib/ABI/CMakeFiles/LLVMABI.dir/Types.cpp.o
[2522/3418] Building CXX object lib/ABI/CMakeFiles/LLVMABI.dir/FunctionInfo.cpp.o
[2523/3418] Building CXX object tools/clang/lib/StaticAnalyzer/Core/CMakeFiles/obj.clangStaticAnalyzerCore.dir/WorkList.cpp.o
[2524/3418] Building CXX object lib/ABI/CMakeFiles/LLVMABI.dir/TargetInfo.cpp.o
[2525/3418] Building CXX object tools/clang/lib/StaticAnalyzer/Core/CMakeFiles/obj.clangStaticAnalyzerCore.dir/TextDiagnostics.cpp.o
[2526/3418] Building CXX object lib/ABI/CMakeFiles/LLVMABI.dir/IRTypeMapper.cpp.o
[2527/3418] Building CXX object lib/ABI/CMakeFiles/LLVMABI.dir/Targets/BPF.cpp.o
[2528/3418] Building CXX object tools/clang/lib/StaticAnalyzer/Core/CMakeFiles/obj.clangStaticAnalyzerCore.dir/Z3CrosscheckVisitor.cpp.o
[2529/3418] Building CXX object lib/CodeGen/AsmPrinter/CMakeFiles/LLVMAsmPrinter.dir/AddressPool.cpp.o
[2530/3418] Building CXX object lib/CodeGen/AsmPrinter/CMakeFiles/LLVMAsmPrinter.dir/AIXException.cpp.o
[2531/3418] Building CXX object lib/CodeGen/AsmPrinter/CMakeFiles/LLVMAsmPrinter.dir/ARMException.cpp.o
[2532/3418] Building CXX object lib/CodeGen/AsmPrinter/CMakeFiles/LLVMAsmPrinter.dir/AccelTable.cpp.o
[2533/3418] Building CXX object lib/CodeGen/AsmPrinter/CMakeFiles/LLVMAsmPrinter.dir/AsmPrinterDwarf.cpp.o
[2534/3418] Building CXX object lib/CodeGen/AsmPrinter/CMakeFiles/LLVMAsmPrinter.dir/AsmPrinterInlineAsm.cpp.o
[2535/3418] Building CXX object lib/CodeGen/AsmPrinter/CMakeFiles/LLVMAsmPrinter.dir/DbgEntityHistoryCalculator.cpp.o
[2536/3418] Building CXX object lib/CodeGen/AsmPrinter/CMakeFiles/LLVMAsmPrinter.dir/DebugHandlerBase.cpp.o
[2537/3418] Building CXX object lib/CodeGen/AsmPrinter/CMakeFiles/LLVMAsmPrinter.dir/DebugLocStream.cpp.o
[2538/3418] Building CXX object lib/CodeGen/AsmPrinter/CMakeFiles/LLVMAsmPrinter.dir/DIE.cpp.o
[2539/3418] Building CXX object lib/CodeGen/AsmPrinter/CMakeFiles/LLVMAsmPrinter.dir/AsmPrinter.cpp.o
[2540/3418] Building CXX object lib/CodeGen/AsmPrinter/CMakeFiles/LLVMAsmPrinter.dir/DIEHash.cpp.o
[2541/3418] Building CXX object lib/CodeGen/AsmPrinter/CMakeFiles/LLVMAsmPrinter.dir/DwarfCFIException.cpp.o
[2542/3418] Building CXX object lib/CodeGen/AsmPrinter/CMakeFiles/LLVMAsmPrinter.dir/DwarfExpression.cpp.o
[2543/3418] Building CXX object lib/CodeGen/AsmPrinter/CMakeFiles/LLVMAsmPrinter.dir/DwarfFile.cpp.o
[2544/3418] Building CXX object lib/CodeGen/AsmPrinter/CMakeFiles/LLVMAsmPrinter.dir/DwarfCompileUnit.cpp.o
[2545/3418] Building CXX object lib/CodeGen/AsmPrinter/CMakeFiles/LLVMAsmPrinter.dir/DwarfStringPool.cpp.o
[2546/3418] Building CXX object lib/CodeGen/AsmPrinter/CMakeFiles/LLVMAsmPrinter.dir/EHStreamer.cpp.o
[2547/3418] Building CXX object lib/CodeGen/AsmPrinter/CMakeFiles/LLVMAsmPrinter.dir/DwarfUnit.cpp.o
[2548/3418] Building CXX object lib/CodeGen/AsmPrinter/CMakeFiles/LLVMAsmPrinter.dir/ErlangGCPrinter.cpp.o
[2549/3418] Building CXX object lib/CodeGen/AsmPrinter/CMakeFiles/LLVMAsmPrinter.dir/DwarfDebug.cpp.o
[2550/3418] Building CXX object lib/CodeGen/AsmPrinter/CMakeFiles/LLVMAsmPrinter.dir/OcamlGCPrinter.cpp.o
[2551/3418] Building CXX object lib/CodeGen/AsmPrinter/CMakeFiles/LLVMAsmPrinter.dir/WinCFGuard.cpp.o
[2552/3418] Building CXX object lib/CodeGen/AsmPrinter/CMakeFiles/LLVMAsmPrinter.dir/PseudoProbePrinter.cpp.o
[2553/3418] Linking CXX static library lib/libLLVMExtensions.a
[2554/3418] Building CXX object lib/CodeGen/AsmPrinter/CMakeFiles/LLVMAsmPrinter.dir/WinException.cpp.o
[2555/3418] Building CXX object lib/Frontend/Driver/CMakeFiles/LLVMFrontendDriver.dir/CodeGenOptions.cpp.o
[2556/3418] Building CXX object lib/CodeGen/AsmPrinter/CMakeFiles/LLVMAsmPrinter.dir/WasmException.cpp.o
[2557/3418] Building CXX object lib/CodeGen/AsmPrinter/CMakeFiles/LLVMAsmPrinter.dir/CodeViewDebug.cpp.o
[2558/3418] Building CXX object lib/LTO/CMakeFiles/LLVMLTO.dir/LTOModule.cpp.o
[2559/3418] Building CXX object lib/LTO/CMakeFiles/LLVMLTO.dir/LTOBackend.cpp.o
[2560/3418] Building CXX object lib/LTO/CMakeFiles/LLVMLTO.dir/UpdateCompilerUsed.cpp.o
[2561/3418] Building CXX object lib/LTO/CMakeFiles/LLVMLTO.dir/LTO.cpp.o
[2562/3418] Building CXX object lib/MC/MCDisassembler/CMakeFiles/LLVMMCDisassembler.dir/Disassembler.cpp.o
[2563/3418] Building CXX object lib/MC/MCDisassembler/CMakeFiles/LLVMMCDisassembler.dir/MCDisassembler.cpp.o
[2564/3418] Building CXX object lib/LTO/CMakeFiles/LLVMLTO.dir/LTOCodeGenerator.cpp.o
[2565/3418] Building CXX object lib/MC/MCDisassembler/CMakeFiles/LLVMMCDisassembler.dir/MCSymbolizer.cpp.o
[2566/3418] Building CXX object lib/MC/MCDisassembler/CMakeFiles/LLVMMCDisassembler.dir/MCRelocationInfo.cpp.o
[2567/3418] Building CXX object lib/MC/MCDisassembler/CMakeFiles/LLVMMCDisassembler.dir/MCExternalSymbolizer.cpp.o
[2568/3418] Building CXX object lib/Target/Z80/MCTargetDesc/CMakeFiles/LLVMZ80Desc.dir/Z80ELFObjectWriter.cpp.o
[2569/3418] Building CXX object lib/Target/Z80/MCTargetDesc/CMakeFiles/LLVMZ80Desc.dir/Z80AsmBackend.cpp.o
In file included from /Users/ravn/z80/llvm-z80-pre-upstream-merge/llvm/lib/Target/Z80/MCTargetDesc/Z80AsmBackend.cpp:13:
/Users/ravn/z80/llvm-z80-pre-upstream-merge/llvm/lib/Target/Z80/MCTargetDesc/Z80AsmBackend.h:102:18: warning: private field 'OSType' is not used [-Wunused-private-field]
  102 |   Triple::OSType OSType;
      |                  ^
1 warning generated.
[2570/3418] Building CXX object lib/Target/Z80/MCTargetDesc/CMakeFiles/LLVMZ80Desc.dir/Z80InstPrinter.cpp.o
[2571/3418] Building CXX object lib/Target/Z80/MCTargetDesc/CMakeFiles/LLVMZ80Desc.dir/Z80MCAsmInfo.cpp.o
[2572/3418] Building CXX object lib/Target/Z80/MCTargetDesc/CMakeFiles/LLVMZ80Desc.dir/Z80MCCodeEmitter.cpp.o
[2573/3418] Building CXX object lib/Target/Z80/MCTargetDesc/CMakeFiles/LLVMZ80Desc.dir/Z80MCELFStreamer.cpp.o
[2574/3418] Building CXX object lib/LTO/CMakeFiles/LLVMLTO.dir/ThinLTOCodeGenerator.cpp.o
[2575/3418] Building CXX object lib/Target/Z80/MCTargetDesc/CMakeFiles/LLVMZ80Desc.dir/Z80MCExpr.cpp.o
[2576/3418] Linking CXX static library lib/libLLVMZ80Info.a
[2577/3418] Building CXX object lib/Target/Z80/MCTargetDesc/CMakeFiles/LLVMZ80Desc.dir/Z80MCInstrAnalysis.cpp.o
[2578/3418] Building CXX object lib/Target/Z80/MCTargetDesc/CMakeFiles/LLVMZ80Desc.dir/Z80TargetStreamer.cpp.o
In file included from /Users/ravn/z80/llvm-z80-pre-upstream-merge/llvm/lib/Target/Z80/MCTargetDesc/Z80TargetStreamer.cpp:13:
/Users/ravn/z80/llvm-z80-pre-upstream-merge/llvm/lib/Target/Z80/MCTargetDesc/Z80TargetStreamer.h:42:26: warning: private field 'OS' is not used [-Wunused-private-field]
   42 |   formatted_raw_ostream &OS;
      |                          ^
1 warning generated.
[2579/3418] Building CXX object lib/Target/Z80/MCTargetDesc/CMakeFiles/LLVMZ80Desc.dir/Z80MCTargetDesc.cpp.o
[2580/3418] Linking CXX static library lib/libLLVMPasses.a
[2581/3418] Linking CXX static library lib/libLLVMTextAPIBinaryReader.a
[2582/3418] Building Options.inc...
[2583/3418] Generating VCSVersion.inc
[2584/3418] Building CXX object lib/ProfileData/Coverage/CMakeFiles/LLVMCoverage.dir/CoverageMappingWriter.cpp.o
[2585/3418] Building CXX object tools/clang/lib/InstallAPI/CMakeFiles/obj.clangInstallAPI.dir/DiagnosticBuilderWrappers.cpp.o
[2586/3418] Building CXX object tools/clang/lib/InstallAPI/CMakeFiles/obj.clangInstallAPI.dir/DirectoryScanner.cpp.o
[2587/3418] Building CXX object tools/clang/lib/InstallAPI/CMakeFiles/obj.clangInstallAPI.dir/FileList.cpp.o
[2588/3418] Building CXX object lib/ProfileData/Coverage/CMakeFiles/LLVMCoverage.dir/CoverageMapping.cpp.o
[2589/3418] Building CXX object lib/ProfileData/Coverage/CMakeFiles/LLVMCoverage.dir/CoverageMappingReader.cpp.o
[2590/3418] Building CXX object tools/clang/lib/InstallAPI/CMakeFiles/obj.clangInstallAPI.dir/DylibVerifier.cpp.o
[2591/3418] Building CXX object tools/clang/lib/InstallAPI/CMakeFiles/obj.clangInstallAPI.dir/HeaderFile.cpp.o
[2592/3418] Building CXX object tools/clang/lib/InstallAPI/CMakeFiles/obj.clangInstallAPI.dir/Library.cpp.o
[2593/3418] Linking CXX static library lib/libclangStaticAnalyzerCore.a
[2594/3418] Building CXX object tools/clang/lib/InstallAPI/CMakeFiles/obj.clangInstallAPI.dir/Frontend.cpp.o
[2595/3418] Building CXX object tools/clang/lib/StaticAnalyzer/Checkers/CMakeFiles/obj.clangStaticAnalyzerCheckers.dir/AnalysisOrderChecker.cpp.o
[2596/3418] Building CXX object tools/clang/lib/StaticAnalyzer/Checkers/CMakeFiles/obj.clangStaticAnalyzerCheckers.dir/AnalyzerStatsChecker.cpp.o
[2597/3418] Building CXX object tools/clang/lib/StaticAnalyzer/Checkers/CMakeFiles/obj.clangStaticAnalyzerCheckers.dir/AssumeModeling.cpp.o
[2598/3418] Building CXX object tools/clang/lib/StaticAnalyzer/Checkers/CMakeFiles/obj.clangStaticAnalyzerCheckers.dir/ArrayBoundChecker.cpp.o
[2599/3418] Building CXX object tools/clang/lib/InstallAPI/CMakeFiles/obj.clangInstallAPI.dir/Visitor.cpp.o
[2600/3418] Building CXX object tools/clang/lib/StaticAnalyzer/Checkers/CMakeFiles/obj.clangStaticAnalyzerCheckers.dir/BasicObjCFoundationChecks.cpp.o
[2601/3418] Building CXX object tools/clang/lib/StaticAnalyzer/Checkers/CMakeFiles/obj.clangStaticAnalyzerCheckers.dir/BitwiseShiftChecker.cpp.o
[2602/3418] Building CXX object tools/clang/lib/StaticAnalyzer/Checkers/CMakeFiles/obj.clangStaticAnalyzerCheckers.dir/BlockInCriticalSectionChecker.cpp.o
[2603/3418] Building CXX object tools/clang/lib/StaticAnalyzer/Checkers/CMakeFiles/obj.clangStaticAnalyzerCheckers.dir/BoolAssignmentChecker.cpp.o
[2604/3418] Building CXX object tools/clang/lib/StaticAnalyzer/Checkers/CMakeFiles/obj.clangStaticAnalyzerCheckers.dir/BuiltinFunctionChecker.cpp.o
[2605/3418] Building CXX object tools/clang/lib/StaticAnalyzer/Checkers/CMakeFiles/obj.clangStaticAnalyzerCheckers.dir/CStringSyntaxChecker.cpp.o
[2606/3418] Building CXX object tools/clang/lib/StaticAnalyzer/Checkers/CMakeFiles/obj.clangStaticAnalyzerCheckers.dir/CastToStructChecker.cpp.o
[2607/3418] Building CXX object tools/clang/lib/StaticAnalyzer/Checkers/CMakeFiles/obj.clangStaticAnalyzerCheckers.dir/CStringChecker.cpp.o
[2608/3418] Building CXX object tools/clang/lib/StaticAnalyzer/Checkers/CMakeFiles/obj.clangStaticAnalyzerCheckers.dir/CallAndMessageChecker.cpp.o
[2609/3418] Building CXX object tools/clang/lib/StaticAnalyzer/Checkers/CMakeFiles/obj.clangStaticAnalyzerCheckers.dir/CheckObjCInstMethSignature.cpp.o
[2610/3418] Building CXX object tools/clang/lib/StaticAnalyzer/Checkers/CMakeFiles/obj.clangStaticAnalyzerCheckers.dir/CheckPlacementNew.cpp.o
[2611/3418] Building CXX object tools/clang/lib/StaticAnalyzer/Checkers/CMakeFiles/obj.clangStaticAnalyzerCheckers.dir/CastValueChecker.cpp.o
[2612/3418] Building CXX object tools/clang/lib/StaticAnalyzer/Checkers/CMakeFiles/obj.clangStaticAnalyzerCheckers.dir/CheckObjCDealloc.cpp.o
[2613/3418] Building CXX object tools/clang/lib/StaticAnalyzer/Checkers/CMakeFiles/obj.clangStaticAnalyzerCheckers.dir/CheckerDocumentation.cpp.o
[2614/3418] Building CXX object tools/clang/lib/StaticAnalyzer/Checkers/CMakeFiles/obj.clangStaticAnalyzerCheckers.dir/ChrootChecker.cpp.o
[2615/3418] Building CXX object tools/clang/lib/StaticAnalyzer/Checkers/CMakeFiles/obj.clangStaticAnalyzerCheckers.dir/CheckSecuritySyntaxOnly.cpp.o
[2616/3418] Building CXX object tools/clang/lib/StaticAnalyzer/Checkers/CMakeFiles/obj.clangStaticAnalyzerCheckers.dir/CloneChecker.cpp.o
[2617/3418] Building CXX object tools/clang/lib/StaticAnalyzer/Checkers/CMakeFiles/obj.clangStaticAnalyzerCheckers.dir/ConversionChecker.cpp.o
[2618/3418] Building CXX object tools/clang/lib/StaticAnalyzer/Checkers/CMakeFiles/obj.clangStaticAnalyzerCheckers.dir/CXXDeleteChecker.cpp.o
[2619/3418] Building CXX object tools/clang/lib/StaticAnalyzer/Checkers/CMakeFiles/obj.clangStaticAnalyzerCheckers.dir/CXXSelfAssignmentChecker.cpp.o
[2620/3418] Building CXX object tools/clang/lib/StaticAnalyzer/Checkers/CMakeFiles/obj.clangStaticAnalyzerCheckers.dir/ContainerModeling.cpp.o
[2621/3418] Building CXX object tools/clang/lib/StaticAnalyzer/Checkers/CMakeFiles/obj.clangStaticAnalyzerCheckers.dir/DeadStoresChecker.cpp.o
[2622/3418] Building CXX object tools/clang/lib/StaticAnalyzer/Checkers/CMakeFiles/obj.clangStaticAnalyzerCheckers.dir/DebugContainerModeling.cpp.o
[2623/3418] Building CXX object tools/clang/lib/StaticAnalyzer/Checkers/CMakeFiles/obj.clangStaticAnalyzerCheckers.dir/DebugIteratorModeling.cpp.o
[2624/3418] Building CXX object tools/clang/lib/StaticAnalyzer/Checkers/CMakeFiles/obj.clangStaticAnalyzerCheckers.dir/DebugCheckers.cpp.o
[2625/3418] Building CXX object tools/clang/lib/StaticAnalyzer/Checkers/CMakeFiles/obj.clangStaticAnalyzerCheckers.dir/DereferenceChecker.cpp.o
[2626/3418] Building CXX object tools/clang/lib/StaticAnalyzer/Checkers/CMakeFiles/obj.clangStaticAnalyzerCheckers.dir/DirectIvarAssignment.cpp.o
[2627/3418] Building CXX object tools/clang/lib/StaticAnalyzer/Checkers/CMakeFiles/obj.clangStaticAnalyzerCheckers.dir/DivZeroChecker.cpp.o
[2628/3418] Building CXX object tools/clang/lib/StaticAnalyzer/Checkers/CMakeFiles/obj.clangStaticAnalyzerCheckers.dir/DynamicTypePropagation.cpp.o
[2629/3418] Building CXX object tools/clang/lib/StaticAnalyzer/Checkers/CMakeFiles/obj.clangStaticAnalyzerCheckers.dir/DynamicTypeChecker.cpp.o
[2630/3418] Building CXX object tools/clang/lib/StaticAnalyzer/Checkers/CMakeFiles/obj.clangStaticAnalyzerCheckers.dir/EnumCastOutOfRangeChecker.cpp.o
[2631/3418] Building CXX object tools/clang/lib/StaticAnalyzer/Checkers/CMakeFiles/obj.clangStaticAnalyzerCheckers.dir/ErrnoChecker.cpp.o
[2632/3418] Building CXX object tools/clang/lib/StaticAnalyzer/Checkers/CMakeFiles/obj.clangStaticAnalyzerCheckers.dir/ErrnoModeling.cpp.o
[2633/3418] Building CXX object tools/clang/lib/StaticAnalyzer/Checkers/CMakeFiles/obj.clangStaticAnalyzerCheckers.dir/ErrnoTesterChecker.cpp.o
[2634/3418] Building CXX object tools/clang/lib/StaticAnalyzer/Checkers/CMakeFiles/obj.clangStaticAnalyzerCheckers.dir/FuchsiaHandleChecker.cpp.o
[2635/3418] Building CXX object tools/clang/lib/StaticAnalyzer/Checkers/CMakeFiles/obj.clangStaticAnalyzerCheckers.dir/ExprInspectionChecker.cpp.o
[2636/3418] Building CXX object tools/clang/lib/StaticAnalyzer/Checkers/CMakeFiles/obj.clangStaticAnalyzerCheckers.dir/GCDAntipatternChecker.cpp.o
[2637/3418] Building CXX object tools/clang/lib/StaticAnalyzer/Checkers/CMakeFiles/obj.clangStaticAnalyzerCheckers.dir/GTestChecker.cpp.o
[2638/3418] Building CXX object tools/clang/lib/StaticAnalyzer/Checkers/CMakeFiles/obj.clangStaticAnalyzerCheckers.dir/InnerPointerChecker.cpp.o
[2639/3418] Building CXX object tools/clang/lib/StaticAnalyzer/Checkers/CMakeFiles/obj.clangStaticAnalyzerCheckers.dir/GenericTaintChecker.cpp.o
[2640/3418] Building CXX object tools/clang/lib/StaticAnalyzer/Checkers/CMakeFiles/obj.clangStaticAnalyzerCheckers.dir/InvalidatedIteratorChecker.cpp.o
[2641/3418] Building CXX object tools/clang/lib/StaticAnalyzer/Checkers/CMakeFiles/obj.clangStaticAnalyzerCheckers.dir/Iterator.cpp.o
[2642/3418] Building CXX object tools/clang/lib/StaticAnalyzer/Checkers/CMakeFiles/obj.clangStaticAnalyzerCheckers.dir/cert/InvalidPtrChecker.cpp.o
[2643/3418] Building CXX object tools/clang/lib/StaticAnalyzer/Checkers/CMakeFiles/obj.clangStaticAnalyzerCheckers.dir/IteratorModeling.cpp.o
[2644/3418] Building CXX object tools/clang/lib/StaticAnalyzer/Checkers/CMakeFiles/obj.clangStaticAnalyzerCheckers.dir/IteratorRangeChecker.cpp.o
[2645/3418] Building CXX object tools/clang/lib/StaticAnalyzer/Checkers/CMakeFiles/obj.clangStaticAnalyzerCheckers.dir/IvarInvalidationChecker.cpp.o
[2646/3418] Building CXX object tools/clang/lib/StaticAnalyzer/Checkers/CMakeFiles/obj.clangStaticAnalyzerCheckers.dir/LLVMConventionsChecker.cpp.o
[2647/3418] Building CXX object tools/clang/lib/StaticAnalyzer/Checkers/CMakeFiles/obj.clangStaticAnalyzerCheckers.dir/MacOSKeychainAPIChecker.cpp.o
[2648/3418] Building CXX object tools/clang/lib/StaticAnalyzer/Checkers/CMakeFiles/obj.clangStaticAnalyzerCheckers.dir/LocalizationChecker.cpp.o
[2649/3418] Building CXX object tools/clang/lib/StaticAnalyzer/Checkers/CMakeFiles/obj.clangStaticAnalyzerCheckers.dir/MacOSXAPIChecker.cpp.o
[2650/3418] Building CXX object tools/clang/lib/StaticAnalyzer/Checkers/CMakeFiles/obj.clangStaticAnalyzerCheckers.dir/MallocSizeofChecker.cpp.o
[2651/3418] Building CXX object tools/clang/lib/StaticAnalyzer/Checkers/CMakeFiles/obj.clangStaticAnalyzerCheckers.dir/MismatchedIteratorChecker.cpp.o
[2652/3418] Building CXX object tools/clang/lib/StaticAnalyzer/Checkers/CMakeFiles/obj.clangStaticAnalyzerCheckers.dir/MmapWriteExecChecker.cpp.o
[2653/3418] Building CXX object tools/clang/lib/StaticAnalyzer/Checkers/CMakeFiles/obj.clangStaticAnalyzerCheckers.dir/MallocChecker.cpp.o
[2654/3418] Building CXX object tools/clang/lib/StaticAnalyzer/Checkers/CMakeFiles/obj.clangStaticAnalyzerCheckers.dir/MIGChecker.cpp.o
[2655/3418] Building CXX object tools/clang/lib/StaticAnalyzer/Checkers/CMakeFiles/obj.clangStaticAnalyzerCheckers.dir/MPI-Checker/MPIBugReporter.cpp.o
[2656/3418] Building CXX object tools/clang/lib/StaticAnalyzer/Checkers/CMakeFiles/obj.clangStaticAnalyzerCheckers.dir/MoveChecker.cpp.o
[2657/3418] Building CXX object tools/clang/lib/StaticAnalyzer/Checkers/CMakeFiles/obj.clangStaticAnalyzerCheckers.dir/MPI-Checker/MPIChecker.cpp.o
[2658/3418] Building CXX object tools/clang/lib/StaticAnalyzer/Checkers/CMakeFiles/obj.clangStaticAnalyzerCheckers.dir/MPI-Checker/MPIFunctionClassifier.cpp.o
[2659/3418] Building CXX object tools/clang/lib/StaticAnalyzer/Checkers/CMakeFiles/obj.clangStaticAnalyzerCheckers.dir/NSAutoreleasePoolChecker.cpp.o
[2660/3418] Building CXX object tools/clang/lib/StaticAnalyzer/Checkers/CMakeFiles/obj.clangStaticAnalyzerCheckers.dir/NSErrorChecker.cpp.o
[2661/3418] Building CXX object tools/clang/lib/StaticAnalyzer/Checkers/CMakeFiles/obj.clangStaticAnalyzerCheckers.dir/NoReturnFunctionChecker.cpp.o
[2662/3418] Building CXX object tools/clang/lib/StaticAnalyzer/Checkers/CMakeFiles/obj.clangStaticAnalyzerCheckers.dir/NonnullGlobalConstantsChecker.cpp.o
[2663/3418] Building CXX object tools/clang/lib/StaticAnalyzer/Checkers/CMakeFiles/obj.clangStaticAnalyzerCheckers.dir/NonNullParamChecker.cpp.o
[2664/3418] Building CXX object tools/clang/lib/StaticAnalyzer/Checkers/CMakeFiles/obj.clangStaticAnalyzerCheckers.dir/NoOwnershipChangeVisitor.cpp.o
[2665/3418] Building CXX object tools/clang/lib/StaticAnalyzer/Checkers/CMakeFiles/obj.clangStaticAnalyzerCheckers.dir/NullabilityChecker.cpp.o
[2666/3418] Building CXX object tools/clang/lib/StaticAnalyzer/Checkers/CMakeFiles/obj.clangStaticAnalyzerCheckers.dir/ObjCAtSyncChecker.cpp.o
[2667/3418] Building CXX object tools/clang/lib/StaticAnalyzer/Checkers/CMakeFiles/obj.clangStaticAnalyzerCheckers.dir/ObjCContainersASTChecker.cpp.o
[2668/3418] Building CXX object tools/clang/lib/StaticAnalyzer/Checkers/CMakeFiles/obj.clangStaticAnalyzerCheckers.dir/NumberObjectConversionChecker.cpp.o
[2669/3418] Building CXX object tools/clang/lib/StaticAnalyzer/Checkers/CMakeFiles/obj.clangStaticAnalyzerCheckers.dir/ObjCAutoreleaseWriteChecker.cpp.o
[2670/3418] Building CXX object tools/clang/lib/StaticAnalyzer/Checkers/CMakeFiles/obj.clangStaticAnalyzerCheckers.dir/ObjCContainersChecker.cpp.o
[2671/3418] Building CXX object tools/clang/lib/StaticAnalyzer/Checkers/CMakeFiles/obj.clangStaticAnalyzerCheckers.dir/ObjCPropertyChecker.cpp.o
[2672/3418] Building CXX object tools/clang/lib/StaticAnalyzer/Checkers/CMakeFiles/obj.clangStaticAnalyzerCheckers.dir/ObjCMissingSuperCallChecker.cpp.o
[2673/3418] Building CXX object tools/clang/lib/StaticAnalyzer/Checkers/CMakeFiles/obj.clangStaticAnalyzerCheckers.dir/ObjCSelfInitChecker.cpp.o
[2674/3418] Building CXX object tools/clang/lib/StaticAnalyzer/Checkers/CMakeFiles/obj.clangStaticAnalyzerCheckers.dir/ObjCSuperDeallocChecker.cpp.o
[2675/3418] Building CXX object tools/clang/lib/StaticAnalyzer/Checkers/CMakeFiles/obj.clangStaticAnalyzerCheckers.dir/OpaqueSTLFunctionsModeling.cpp.o
[2676/3418] Building CXX object tools/clang/lib/StaticAnalyzer/Checkers/CMakeFiles/obj.clangStaticAnalyzerCheckers.dir/ObjCUnusedIVarsChecker.cpp.o
[2677/3418] Building CXX object tools/clang/lib/StaticAnalyzer/Checkers/CMakeFiles/obj.clangStaticAnalyzerCheckers.dir/OSObjectCStyleCast.cpp.o
[2678/3418] Building CXX object tools/clang/lib/StaticAnalyzer/Checkers/CMakeFiles/obj.clangStaticAnalyzerCheckers.dir/PaddingChecker.cpp.o
[2679/3418] Building CXX object tools/clang/lib/StaticAnalyzer/Checkers/CMakeFiles/obj.clangStaticAnalyzerCheckers.dir/PointerSubChecker.cpp.o
[2680/3418] Building CXX object tools/clang/lib/StaticAnalyzer/Checkers/CMakeFiles/obj.clangStaticAnalyzerCheckers.dir/PointerArithChecker.cpp.o
[2681/3418] Building CXX object tools/clang/lib/StaticAnalyzer/Checkers/CMakeFiles/obj.clangStaticAnalyzerCheckers.dir/PutenvStackArrayChecker.cpp.o
[2682/3418] Building CXX object tools/clang/lib/StaticAnalyzer/Checkers/CMakeFiles/obj.clangStaticAnalyzerCheckers.dir/PthreadLockChecker.cpp.o
[2683/3418] Building CXX object tools/clang/lib/StaticAnalyzer/Checkers/CMakeFiles/obj.clangStaticAnalyzerCheckers.dir/RetainCountChecker/RetainCountDiagnostics.cpp.o
[2684/3418] Building CXX object tools/clang/lib/StaticAnalyzer/Checkers/CMakeFiles/obj.clangStaticAnalyzerCheckers.dir/RetainCountChecker/RetainCountChecker.cpp.o
[2685/3418] Building CXX object tools/clang/lib/StaticAnalyzer/Checkers/CMakeFiles/obj.clangStaticAnalyzerCheckers.dir/ReturnPointerRangeChecker.cpp.o
[2686/3418] Building CXX object tools/clang/lib/StaticAnalyzer/Checkers/CMakeFiles/obj.clangStaticAnalyzerCheckers.dir/ReturnUndefChecker.cpp.o
[2687/3418] Building CXX object tools/clang/lib/StaticAnalyzer/Checkers/CMakeFiles/obj.clangStaticAnalyzerCheckers.dir/ReturnValueChecker.cpp.o
[2688/3418] Building CXX object tools/clang/lib/StaticAnalyzer/Checkers/CMakeFiles/obj.clangStaticAnalyzerCheckers.dir/SetgidSetuidOrderChecker.cpp.o
[2689/3418] Building CXX object tools/clang/lib/StaticAnalyzer/Checkers/CMakeFiles/obj.clangStaticAnalyzerCheckers.dir/RunLoopAutoreleaseLeakChecker.cpp.o
[2690/3418] Building CXX object tools/clang/lib/StaticAnalyzer/Checkers/CMakeFiles/obj.clangStaticAnalyzerCheckers.dir/SimpleStreamChecker.cpp.o
[2691/3418] Building CXX object tools/clang/lib/StaticAnalyzer/Checkers/CMakeFiles/obj.clangStaticAnalyzerCheckers.dir/SmartPtrChecker.cpp.o
[2692/3418] Building CXX object tools/clang/lib/StaticAnalyzer/Checkers/CMakeFiles/obj.clangStaticAnalyzerCheckers.dir/StackAddrEscapeChecker.cpp.o
[2693/3418] Building CXX object tools/clang/lib/StaticAnalyzer/Checkers/CMakeFiles/obj.clangStaticAnalyzerCheckers.dir/StoreToImmutableChecker.cpp.o
[2694/3418] Building CXX object tools/clang/lib/StaticAnalyzer/Checkers/CMakeFiles/obj.clangStaticAnalyzerCheckers.dir/SmartPtrModeling.cpp.o
[2695/3418] Building CXX object tools/clang/lib/StaticAnalyzer/Checkers/CMakeFiles/obj.clangStaticAnalyzerCheckers.dir/StdVariantChecker.cpp.o
[2696/3418] Building CXX object tools/clang/lib/StaticAnalyzer/Checkers/CMakeFiles/obj.clangStaticAnalyzerCheckers.dir/STLAlgorithmModeling.cpp.o
[2697/3418] Building CXX object tools/clang/lib/StaticAnalyzer/Checkers/CMakeFiles/obj.clangStaticAnalyzerCheckers.dir/StreamChecker.cpp.o
[2698/3418] Building CXX object tools/clang/lib/StaticAnalyzer/Checkers/CMakeFiles/obj.clangStaticAnalyzerCheckers.dir/StdLibraryFunctionsChecker.cpp.o
[2699/3418] Building CXX object tools/clang/lib/StaticAnalyzer/Checkers/CMakeFiles/obj.clangStaticAnalyzerCheckers.dir/StringChecker.cpp.o
[2700/3418] Building CXX object tools/clang/lib/StaticAnalyzer/Checkers/CMakeFiles/obj.clangStaticAnalyzerCheckers.dir/Taint.cpp.o
[2701/3418] Building CXX object tools/clang/lib/StaticAnalyzer/Checkers/CMakeFiles/obj.clangStaticAnalyzerCheckers.dir/TaintTesterChecker.cpp.o
[2702/3418] Building CXX object tools/clang/lib/StaticAnalyzer/Checkers/CMakeFiles/obj.clangStaticAnalyzerCheckers.dir/TestAfterDivZeroChecker.cpp.o
[2703/3418] Building CXX object tools/clang/lib/StaticAnalyzer/Checkers/CMakeFiles/obj.clangStaticAnalyzerCheckers.dir/TraversalChecker.cpp.o
[2704/3418] Building CXX object tools/clang/lib/StaticAnalyzer/Checkers/CMakeFiles/obj.clangStaticAnalyzerCheckers.dir/TrustNonnullChecker.cpp.o
[2705/3418] Building CXX object tools/clang/lib/StaticAnalyzer/Checkers/CMakeFiles/obj.clangStaticAnalyzerCheckers.dir/TrustReturnsNonnullChecker.cpp.o
[2706/3418] Building CXX object tools/clang/lib/StaticAnalyzer/Checkers/CMakeFiles/obj.clangStaticAnalyzerCheckers.dir/UnconditionalVAArgChecker.cpp.o
[2707/3418] Building CXX object tools/clang/lib/StaticAnalyzer/Checkers/CMakeFiles/obj.clangStaticAnalyzerCheckers.dir/UndefBranchChecker.cpp.o
[2708/3418] Building CXX object tools/clang/lib/StaticAnalyzer/Checkers/CMakeFiles/obj.clangStaticAnalyzerCheckers.dir/UndefCapturedBlockVarChecker.cpp.o
[2709/3418] Building CXX object tools/clang/lib/StaticAnalyzer/Checkers/CMakeFiles/obj.clangStaticAnalyzerCheckers.dir/UndefResultChecker.cpp.o
[2710/3418] Building CXX object tools/clang/lib/StaticAnalyzer/Checkers/CMakeFiles/obj.clangStaticAnalyzerCheckers.dir/UndefinedArraySubscriptChecker.cpp.o
[2711/3418] Building CXX object tools/clang/lib/StaticAnalyzer/Checkers/CMakeFiles/obj.clangStaticAnalyzerCheckers.dir/UndefinedAssignmentChecker.cpp.o
[2712/3418] Building CXX object tools/clang/lib/StaticAnalyzer/Checkers/CMakeFiles/obj.clangStaticAnalyzerCheckers.dir/UndefinedNewArraySizeChecker.cpp.o
[2713/3418] Building CXX object tools/clang/lib/StaticAnalyzer/Checkers/CMakeFiles/obj.clangStaticAnalyzerCheckers.dir/UninitializedObject/UninitializedPointee.cpp.o
[2714/3418] Building CXX object tools/clang/lib/StaticAnalyzer/Checkers/CMakeFiles/obj.clangStaticAnalyzerCheckers.dir/UnixAPIChecker.cpp.o
[2715/3418] Building CXX object tools/clang/lib/StaticAnalyzer/Checkers/CMakeFiles/obj.clangStaticAnalyzerCheckers.dir/UninitializedObject/UninitializedObjectChecker.cpp.o
[2716/3418] Building CXX object tools/clang/lib/StaticAnalyzer/Checkers/CMakeFiles/obj.clangStaticAnalyzerCheckers.dir/UnreachableCodeChecker.cpp.o
[2717/3418] Building CXX object tools/clang/lib/StaticAnalyzer/Checkers/CMakeFiles/obj.clangStaticAnalyzerCheckers.dir/VforkChecker.cpp.o
[2718/3418] Building CXX object tools/clang/lib/StaticAnalyzer/Checkers/CMakeFiles/obj.clangStaticAnalyzerCheckers.dir/VLASizeChecker.cpp.o
[2719/3418] Building CXX object tools/clang/lib/StaticAnalyzer/Checkers/CMakeFiles/obj.clangStaticAnalyzerCheckers.dir/VAListChecker.cpp.o
[2720/3418] Building CXX object tools/clang/lib/StaticAnalyzer/Checkers/CMakeFiles/obj.clangStaticAnalyzerCheckers.dir/VirtualCallChecker.cpp.o
[2721/3418] Building CXX object tools/clang/lib/StaticAnalyzer/Checkers/CMakeFiles/obj.clangStaticAnalyzerCheckers.dir/WebKit/ASTUtils.cpp.o
[2722/3418] Building CXX object tools/clang/lib/StaticAnalyzer/Checkers/CMakeFiles/obj.clangStaticAnalyzerCheckers.dir/WebKit/NoDeleteChecker.cpp.o
[2723/3418] Building CXX object tools/clang/lib/StaticAnalyzer/Checkers/CMakeFiles/obj.clangStaticAnalyzerCheckers.dir/WebKit/MemoryUnsafeCastChecker.cpp.o
[2724/3418] Building CXX object tools/clang/lib/StaticAnalyzer/Checkers/CMakeFiles/obj.clangStaticAnalyzerCheckers.dir/WebKit/PtrTypesSemantics.cpp.o
[2725/3418] Building CXX object tools/clang/lib/StaticAnalyzer/Checkers/CMakeFiles/obj.clangStaticAnalyzerCheckers.dir/WebKit/ForwardDeclChecker.cpp.o
[2726/3418] Building CXX object tools/clang/lib/StaticAnalyzer/Checkers/CMakeFiles/obj.clangStaticAnalyzerCheckers.dir/WebKit/RefCntblBaseVirtualDtorChecker.cpp.o
[2727/3418] Building CXX object tools/clang/lib/StaticAnalyzer/Checkers/CMakeFiles/obj.clangStaticAnalyzerCheckers.dir/WebKit/RawPtrRefCallArgsChecker.cpp.o
[2728/3418] Building CXX object tools/clang/lib/StaticAnalyzer/Checkers/CMakeFiles/obj.clangStaticAnalyzerCheckers.dir/WebKit/RawPtrRefLambdaCapturesChecker.cpp.o
[2729/3418] Building InstallNameToolOpts.inc...
[2730/3418] Linking CXX static library lib/libLLVMABI.a
[2731/3418] Linking CXX static library lib/libLLVMAsmPrinter.a
[2732/3418] Linking CXX static library lib/libLLVMFrontendDriver.a
[2733/3418] Building CXX object tools/clang/lib/StaticAnalyzer/Checkers/CMakeFiles/obj.clangStaticAnalyzerCheckers.dir/WebKit/RawPtrRefLocalVarsChecker.cpp.o
[2734/3418] Building CXX object tools/clang/lib/StaticAnalyzer/Checkers/CMakeFiles/obj.clangStaticAnalyzerCheckers.dir/WebKit/RawPtrRefMemberChecker.cpp.o
[2735/3418] Building CXX object tools/clang/lib/StaticAnalyzer/Checkers/CMakeFiles/obj.clangStaticAnalyzerCheckers.dir/WebKit/RetainPtrCtorAdoptChecker.cpp.o
[2736/3418] Linking CXX static library lib/libLLVMLTO.a
[2737/3418] Linking CXX static library lib/libLLVMMCDisassembler.a
[2738/3418] Building CXX object lib/DTLTO/CMakeFiles/LLVMDTLTO.dir/DTLTOInputFiles.cpp.o
[2739/3418] Building CXX object lib/DTLTO/CMakeFiles/LLVMDTLTO.dir/DTLTO.cpp.o
[2740/3418] Building CXX object lib/Target/Z80/CMakeFiles/LLVMZ80CodeGen.dir/SM83CallLowering.cpp.o
/Users/ravn/z80/llvm-z80-pre-upstream-merge/llvm/lib/Target/Z80/SM83CallLowering.cpp:37:29: warning: missing field 'First_I8' initializer [-Wmissing-field-initializers]
   37 |                             },
      |                             ^
/Users/ravn/z80/llvm-z80-pre-upstream-merge/llvm/lib/Target/Z80/SM83CallLowering.cpp:53:29: warning: missing field 'First_I8' initializer [-Wmissing-field-initializers]
   53 |                             },
      |                             ^
2 warnings generated.
[2741/3418] Building CXX object lib/DTLTO/CMakeFiles/LLVMDTLTO.dir/DTLTODistributionDriver.cpp.o
[2742/3418] Building CXX object lib/Target/Z80/CMakeFiles/LLVMZ80CodeGen.dir/Z80CallingConv.cpp.o
[2743/3418] Building CXX object lib/Target/Z80/CMakeFiles/LLVMZ80CodeGen.dir/Z80BranchCleanup.cpp.o
/Users/ravn/z80/llvm-z80-pre-upstream-merge/llvm/lib/Target/Z80/Z80BranchCleanup.cpp:63:17: warning: unused function 'invertBranchToCondRET' [-Wunused-function]
   63 | static unsigned invertBranchToCondRET(unsigned Opc) {
      |                 ^~~~~~~~~~~~~~~~~~~~~
1 warning generated.
[2744/3418] Building CXX object lib/Target/Z80/CMakeFiles/LLVMZ80CodeGen.dir/Z80AsmPrinter.cpp.o
[2745/3418] Building CXX object lib/Target/Z80/CMakeFiles/LLVMZ80CodeGen.dir/Z80CallLowering.cpp.o
/Users/ravn/z80/llvm-z80-pre-upstream-merge/llvm/lib/Target/Z80/Z80CallLowering.cpp:270:29: warning: missing field 'First_I8' initializer [-Wmissing-field-initializers]
  270 |                             },
      |                             ^
/Users/ravn/z80/llvm-z80-pre-upstream-merge/llvm/lib/Target/Z80/Z80CallLowering.cpp:286:29: warning: missing field 'First_I8' initializer [-Wmissing-field-initializers]
  286 |                             },
      |                             ^
2 warnings generated.
[2746/3418] Building CXX object lib/Target/Z80/CMakeFiles/LLVMZ80CodeGen.dir/Z80FixupImplicitDefs.cpp.o
[2747/3418] Building CXX object lib/Target/Z80/CMakeFiles/LLVMZ80CodeGen.dir/Z80ExpandPseudo.cpp.o
[2748/3418] Building CXX object lib/Target/Z80/CMakeFiles/LLVMZ80CodeGen.dir/Z80PostLegalizerCombiner.cpp.o
[2749/3418] Building CXX object lib/Target/Z80/CMakeFiles/LLVMZ80CodeGen.dir/Z80PreLegalizerCombiner.cpp.o
[2750/3418] Building CXX object lib/Target/Z80/CMakeFiles/LLVMZ80CodeGen.dir/Z80FuseCarryChain.cpp.o
[2751/3418] Building CXX object lib/Target/Z80/CMakeFiles/LLVMZ80CodeGen.dir/Z80FrameLowering.cpp.o
[2752/3418] Building CXX object lib/Target/Z80/CMakeFiles/LLVMZ80CodeGen.dir/Z80AutoStaticStack.cpp.o
[2753/3418] Building CXX object lib/Target/Z80/CMakeFiles/LLVMZ80CodeGen.dir/Z80ISelLowering.cpp.o
[2754/3418] Building CXX object lib/Target/Z80/CMakeFiles/LLVMZ80CodeGen.dir/Z80IndexIV.cpp.o
[2755/3418] Building CXX object lib/Target/Z80/CMakeFiles/LLVMZ80CodeGen.dir/Z80LoopRotate.cpp.o
[2756/3418] Building CXX object lib/Target/Z80/CMakeFiles/LLVMZ80CodeGen.dir/Z80PatternFillRecognize.cpp.o
[2757/3418] Building CXX object lib/Target/Z80/CMakeFiles/LLVMZ80CodeGen.dir/Z80SinkColdLoopIV.cpp.o
[2758/3418] Building CXX object lib/Target/Z80/CMakeFiles/LLVMZ80CodeGen.dir/Z80LoopInstrFormPrep.cpp.o
[2759/3418] Building CXX object lib/Target/Z80/CMakeFiles/LLVMZ80CodeGen.dir/Z80InlineAsmLowering.cpp.o
[2760/3418] Building CXX object lib/Target/Z80/CMakeFiles/LLVMZ80CodeGen.dir/Z80InstrInfo.cpp.o
/Users/ravn/z80/llvm-z80-pre-upstream-merge/llvm/lib/Target/Z80/Z80InstrInfo.cpp:166:17: warning: unused function 'getCPOpcode' [-Wunused-function]
  166 | static unsigned getCPOpcode(Register Reg) {
      |                 ^~~~~~~~~~~
1 warning generated.
[2761/3418] Building CXX object lib/Target/Z80/CMakeFiles/LLVMZ80CodeGen.dir/Z80InstructionSelector.cpp.o
[2762/3418] Building CXX object lib/Target/Z80/CMakeFiles/LLVMZ80CodeGen.dir/Z80LegalizerInfo.cpp.o
[2763/3418] Building CXX object lib/Target/Z80/CMakeFiles/LLVMZ80CodeGen.dir/Z80LowerSelect.cpp.o
[2764/3418] Building CXX object lib/Target/Z80/CMakeFiles/LLVMZ80CodeGen.dir/Z80PostRACompareMerge.cpp.o
[2765/3418] Building CXX object lib/Target/Z80/CMakeFiles/LLVMZ80CodeGen.dir/Z80NarrowNoIndex.cpp.o
[2766/3418] Building CXX object lib/Target/Z80/CMakeFiles/LLVMZ80CodeGen.dir/Z80MCInstLower.cpp.o
[2767/3418] Building CXX object lib/Target/Z80/CMakeFiles/LLVMZ80CodeGen.dir/Z80LateOptimization.cpp.o
[2768/3418] Building CXX object lib/Target/Z80/CMakeFiles/LLVMZ80CodeGen.dir/Z80PostRAScavenging.cpp.o
[2769/3418] Building CXX object lib/Target/Z80/CMakeFiles/LLVMZ80CodeGen.dir/Z80RegisterBankInfo.cpp.o
[2770/3418] Building CXX object lib/Target/Z80/CMakeFiles/LLVMZ80CodeGen.dir/Z80ShiftRotateChain.cpp.o
[2771/3418] Building CXX object lib/Target/Z80/CMakeFiles/LLVMZ80CodeGen.dir/Z80PinAluAccumulator.cpp.o
[2772/3418] Building CXX object lib/Target/Z80/CMakeFiles/LLVMZ80CodeGen.dir/Z80RegisterInfo.cpp.o
[2773/3418] Building CXX object lib/Target/Z80/CMakeFiles/LLVMZ80CodeGen.dir/Z80KeepLoopPointerInPair.cpp.o
[2774/3418] Building CXX object lib/Target/Z80/CMakeFiles/LLVMZ80CodeGen.dir/Z80PinLoopPointer.cpp.o
[2775/3418] Building CXX object lib/Target/Z80/CMakeFiles/LLVMZ80CodeGen.dir/Z80HighByteFirstBranch.cpp.o
[2776/3418] Building CXX object lib/Target/Z80/CMakeFiles/LLVMZ80CodeGen.dir/Z80RemoveJumpToNext.cpp.o
[2777/3418] Building CXX object lib/Target/Z80/CMakeFiles/LLVMZ80CodeGen.dir/Z80PruneCallFrameDefs.cpp.o
[2778/3418] Building CXX object lib/Target/Z80/CMakeFiles/LLVMZ80CodeGen.dir/Z80ReorderTestDec.cpp.o
[2779/3418] Building CXX object lib/Target/Z80/CMakeFiles/LLVMZ80CodeGen.dir/Z80SplitDjnzCounters.cpp.o
[2780/3418] Building CXX object lib/Target/Z80/CMakeFiles/LLVMZ80CodeGen.dir/Z80TargetObjectFile.cpp.o
[2781/3418] Building CXX object lib/Target/Z80/CMakeFiles/LLVMZ80CodeGen.dir/Z80Subtarget.cpp.o
[2782/3418] Building CXX object lib/Target/Z80/AsmParser/CMakeFiles/LLVMZ80AsmParser.dir/Z80AsmParser.cpp.o
[2783/3418] Linking CXX static library lib/libLLVMZ80Desc.a
[2784/3418] Linking CXX static library lib/libLLVMCoverage.a
[2785/3418] Building CXX object lib/Target/Z80/CMakeFiles/LLVMZ80CodeGen.dir/Z80TargetMachine.cpp.o
[2786/3418] Building CXX object lib/Target/Z80/Disassembler/CMakeFiles/LLVMZ80Disassembler.dir/Z80Disassembler.cpp.o
[2787/3418] Building CXX object lib/WindowsManifest/CMakeFiles/LLVMWindowsManifest.dir/WindowsManifestMerger.cpp.o
[2788/3418] Building CXX object lib/ToolDrivers/llvm-lib/CMakeFiles/LLVMLibDriver.dir/LibDriver.cpp.o
[2789/3418] Building CXX object tools/lld/Common/CMakeFiles/lldCommon.dir/Args.cpp.o
[2790/3418] Building CXX object tools/lld/Common/CMakeFiles/lldCommon.dir/CommonLinkerContext.cpp.o
[2791/3418] Building CXX object lib/Target/Z80/CMakeFiles/LLVMZ80CodeGen.dir/Z80TargetTransformInfo.cpp.o
[2792/3418] Building CXX object tools/lld/Common/CMakeFiles/lldCommon.dir/DriverDispatcher.cpp.o
[2793/3418] Building CXX object tools/lld/Common/CMakeFiles/lldCommon.dir/DWARF.cpp.o
[2794/3418] Building CXX object tools/lld/Common/CMakeFiles/lldCommon.dir/Filesystem.cpp.o
[2795/3418] Building CXX object tools/lld/Common/CMakeFiles/lldCommon.dir/Memory.cpp.o
[2796/3418] Building CXX object tools/lld/Common/CMakeFiles/lldCommon.dir/Reproduce.cpp.o
[2797/3418] Building CXX object tools/lld/Common/CMakeFiles/lldCommon.dir/TargetOptionsCommandFlags.cpp.o
[2798/3418] Building CXX object tools/lld/Common/CMakeFiles/lldCommon.dir/Strings.cpp.o
[2799/3418] Building CXX object tools/lld/Common/CMakeFiles/lldCommon.dir/ErrorHandler.cpp.o
[2800/3418] Building Options.inc...
[2801/3418] Building hlsl/hlsl_alias_intrinsics_gen.inc...
[2802/3418] Building hlsl/hlsl_inline_intrinsics_gen.inc...
[2803/3418] Building CXX object tools/lld/Common/CMakeFiles/lldCommon.dir/Utils.cpp.o
[2804/3418] Building CXX object tools/lld/Common/CMakeFiles/lldCommon.dir/Timer.cpp.o
[2805/3418] Building CXX object tools/lld/Common/CMakeFiles/lldCommon.dir/Version.cpp.o
[2806/3418] Building CXX object tools/clang/lib/CodeGen/CMakeFiles/obj.clangCodeGen.dir/ABIInfo.cpp.o
[2807/3418] Building CXX object tools/clang/lib/CodeGen/CMakeFiles/obj.clangCodeGen.dir/ABIInfoImpl.cpp.o
[2808/3418] Building CXX object tools/clang/lib/CodeGen/CMakeFiles/obj.clangCodeGen.dir/CGAtomic.cpp.o
[2809/3418] Building CXX object tools/clang/lib/CodeGen/CMakeFiles/obj.clangCodeGen.dir/CGCUDANV.cpp.o
[2810/3418] Building CXX object tools/clang/lib/CodeGen/CMakeFiles/obj.clangCodeGen.dir/BackendUtil.cpp.o
[2811/3418] Building CXX object tools/clang/lib/CodeGen/CMakeFiles/obj.clangCodeGen.dir/CGBlocks.cpp.o
[2812/3418] Building CXX object tools/clang/lib/CodeGen/CMakeFiles/obj.clangCodeGen.dir/CGBuiltin.cpp.o
[2813/3418] Building CXX object tools/clang/lib/CodeGen/CMakeFiles/obj.clangCodeGen.dir/CGCUDARuntime.cpp.o
[2814/3418] Building CXX object tools/clang/lib/CodeGen/CMakeFiles/obj.clangCodeGen.dir/CGCXX.cpp.o
[2815/3418] Building CXX object tools/clang/lib/CodeGen/CMakeFiles/obj.clangCodeGen.dir/CGCXXABI.cpp.o
[2816/3418] Building CXX object tools/clang/lib/CodeGen/CMakeFiles/obj.clangCodeGen.dir/CGCleanup.cpp.o
[2817/3418] Building CXX object tools/clang/lib/CodeGen/CMakeFiles/obj.clangCodeGen.dir/CGClass.cpp.o
[2818/3418] Building CXX object tools/clang/lib/CodeGen/CMakeFiles/obj.clangCodeGen.dir/CGCoroutine.cpp.o
[2819/3418] Building CXX object tools/clang/lib/CodeGen/CMakeFiles/obj.clangCodeGen.dir/CGCall.cpp.o
[2820/3418] Building CXX object tools/clang/lib/CodeGen/CMakeFiles/obj.clangCodeGen.dir/CGDeclCXX.cpp.o
[2821/3418] Building CXX object tools/clang/lib/CodeGen/CMakeFiles/obj.clangCodeGen.dir/CGException.cpp.o
[2822/3418] Building CXX object tools/clang/lib/CodeGen/CMakeFiles/obj.clangCodeGen.dir/CGDecl.cpp.o
[2823/3418] Building CXX object tools/clang/lib/CodeGen/CMakeFiles/obj.clangCodeGen.dir/CGExprAgg.cpp.o
[2824/3418] Building CXX object tools/clang/lib/CodeGen/CMakeFiles/obj.clangCodeGen.dir/CGExprCXX.cpp.o
[2825/3418] Building CXX object tools/clang/lib/CodeGen/CMakeFiles/obj.clangCodeGen.dir/CGDebugInfo.cpp.o
/Users/ravn/z80/llvm-z80-pre-upstream-merge/clang/lib/CodeGen/CGDebugInfo.cpp:1798:11: warning: 6 enumeration values not handled in switch: 'CC_Z80SDCCCall0', 'CC_Z80AllReg', 'CC_Z80FastCall'... [-Wswitch]
 1798 |   switch (CC) {
      |           ^~
/Users/ravn/z80/llvm-z80-pre-upstream-merge/clang/lib/CodeGen/CGDebugInfo.cpp:1798:11: note: add missing switch cases
 1798 |   switch (CC) {
      |           ^
1 warning generated.
[2826/3418] Building CXX object tools/clang/lib/CodeGen/CMakeFiles/obj.clangCodeGen.dir/CGExpr.cpp.o
[2827/3418] Building CXX object tools/clang/lib/CodeGen/CMakeFiles/obj.clangCodeGen.dir/CGExprComplex.cpp.o
[2828/3418] Building CXX object tools/clang/lib/CodeGen/CMakeFiles/obj.clangCodeGen.dir/CGExprConstant.cpp.o
[2829/3418] Building CXX object tools/clang/lib/CodeGen/CMakeFiles/obj.clangCodeGen.dir/CGGPUBuiltin.cpp.o
[2830/3418] Building CXX object tools/clang/lib/CodeGen/CMakeFiles/obj.clangCodeGen.dir/CGExprScalar.cpp.o
[2831/3418] Building CXX object tools/clang/lib/CodeGen/CMakeFiles/obj.clangCodeGen.dir/CGLoopInfo.cpp.o
[2832/3418] Building CXX object tools/clang/lib/CodeGen/CMakeFiles/obj.clangCodeGen.dir/CGHLSLBuiltins.cpp.o
[2833/3418] Building CXX object tools/clang/lib/CodeGen/CMakeFiles/obj.clangCodeGen.dir/CGNonTrivialStruct.cpp.o
[2834/3418] Building CXX object tools/clang/lib/CodeGen/CMakeFiles/obj.clangCodeGen.dir/CGHLSLRuntime.cpp.o
[2835/3418] Building CXX object tools/clang/lib/CodeGen/CMakeFiles/obj.clangCodeGen.dir/CGObjC.cpp.o
[2836/3418] Building CXX object tools/clang/lib/CodeGen/CMakeFiles/obj.clangCodeGen.dir/CGObjCGNU.cpp.o
[2837/3418] Building CXX object tools/clang/lib/CodeGen/CMakeFiles/obj.clangCodeGen.dir/CGObjCRuntime.cpp.o
[2838/3418] Building CXX object tools/clang/lib/CodeGen/CMakeFiles/obj.clangCodeGen.dir/CGOpenCLRuntime.cpp.o
[2839/3418] Building CXX object tools/clang/lib/CodeGen/CMakeFiles/obj.clangCodeGen.dir/CGObjCMac.cpp.o
[2840/3418] Building CXX object tools/clang/lib/CodeGen/CMakeFiles/obj.clangCodeGen.dir/CGPointerAuth.cpp.o
[2841/3418] Building CXX object tools/clang/lib/CodeGen/CMakeFiles/obj.clangCodeGen.dir/CGOpenMPRuntimeGPU.cpp.o
[2842/3418] Building CXX object tools/clang/lib/CodeGen/CMakeFiles/obj.clangCodeGen.dir/CGRecordLayoutBuilder.cpp.o
[2843/3418] Building CXX object tools/clang/lib/CodeGen/CMakeFiles/obj.clangCodeGen.dir/CGVTT.cpp.o
[2844/3418] Building CXX object tools/clang/lib/CodeGen/CMakeFiles/obj.clangCodeGen.dir/CGStmt.cpp.o
[2845/3418] Building CXX object tools/clang/lib/CodeGen/CMakeFiles/obj.clangCodeGen.dir/CGOpenMPRuntime.cpp.o
[2846/3418] Building CXX object tools/clang/lib/CodeGen/CMakeFiles/obj.clangCodeGen.dir/CodeGenABITypes.cpp.o
[2847/3418] Building CXX object tools/clang/lib/CodeGen/CMakeFiles/obj.clangCodeGen.dir/CGVTables.cpp.o
[2848/3418] Building CXX object tools/clang/lib/CodeGen/CMakeFiles/obj.clangCodeGen.dir/CGStmtOpenMP.cpp.o
[2849/3418] Building CXX object tools/clang/lib/CodeGen/CMakeFiles/obj.clangCodeGen.dir/CodeGenAction.cpp.o
[2850/3418] Building CXX object tools/clang/lib/CodeGen/CMakeFiles/obj.clangCodeGen.dir/CodeGenFunction.cpp.o
[2851/3418] Building CXX object tools/clang/lib/CodeGen/CMakeFiles/obj.clangCodeGen.dir/CodeGenSYCL.cpp.o
[2852/3418] Building CXX object tools/clang/lib/CodeGen/CMakeFiles/obj.clangCodeGen.dir/CodeGenTBAA.cpp.o
[2853/3418] Building CXX object tools/clang/lib/CodeGen/CMakeFiles/obj.clangCodeGen.dir/CodeGenTypes.cpp.o
[2854/3418] Building CXX object tools/clang/lib/CodeGen/CMakeFiles/obj.clangCodeGen.dir/CodeGenPGO.cpp.o
[2855/3418] Building CXX object tools/clang/lib/CodeGen/CMakeFiles/obj.clangCodeGen.dir/ConstantInitBuilder.cpp.o
[2856/3418] Building CXX object tools/clang/lib/CodeGen/CMakeFiles/obj.clangCodeGen.dir/CodeGenModule.cpp.o
[2857/3418] Building CXX object tools/clang/lib/CodeGen/CMakeFiles/obj.clangCodeGen.dir/HLSLBufferLayoutBuilder.cpp.o
[2858/3418] Building CXX object tools/clang/lib/CodeGen/CMakeFiles/obj.clangCodeGen.dir/ItaniumCXXABI.cpp.o
[2859/3418] Building CXX object tools/clang/lib/CodeGen/CMakeFiles/obj.clangCodeGen.dir/CoverageMappingGen.cpp.o
[2860/3418] Building CXX object tools/clang/lib/CodeGen/CMakeFiles/obj.clangCodeGen.dir/LinkInModulesPass.cpp.o
[2861/3418] Building CXX object tools/clang/lib/CodeGen/CMakeFiles/obj.clangCodeGen.dir/MacroPPCallbacks.cpp.o
[2862/3418] Building CXX object tools/clang/lib/CodeGen/CMakeFiles/obj.clangCodeGen.dir/ModuleBuilder.cpp.o
[2863/3418] Building CXX object tools/clang/lib/CodeGen/CMakeFiles/obj.clangCodeGen.dir/ModuleLinker.cpp.o
[2864/3418] Building CXX object tools/clang/lib/CodeGen/CMakeFiles/obj.clangCodeGen.dir/MicrosoftCXXABI.cpp.o
[2865/3418] Building CXX object tools/clang/lib/CodeGen/CMakeFiles/obj.clangCodeGen.dir/QualTypeMapper.cpp.o
[2866/3418] Building CXX object tools/clang/lib/CodeGen/CMakeFiles/obj.clangCodeGen.dir/PatternInit.cpp.o
[2867/3418] Building CXX object tools/clang/lib/CodeGen/CMakeFiles/obj.clangCodeGen.dir/SanitizerMetadata.cpp.o
[2868/3418] Building CXX object tools/clang/lib/CodeGen/CMakeFiles/obj.clangCodeGen.dir/SwiftCallingConv.cpp.o
[2869/3418] Building CXX object tools/clang/lib/CodeGen/CMakeFiles/obj.clangCodeGen.dir/ObjectFilePCHContainerWriter.cpp.o
[2870/3418] Building CXX object tools/clang/lib/CodeGen/CMakeFiles/obj.clangCodeGen.dir/TargetBuiltins/AMDGPU.cpp.o
[2871/3418] Building CXX object tools/clang/lib/CodeGen/CMakeFiles/obj.clangCodeGen.dir/TargetBuiltins/DirectX.cpp.o
[2872/3418] Building CXX object tools/clang/lib/CodeGen/CMakeFiles/obj.clangCodeGen.dir/TargetBuiltins/ARM.cpp.o
[2873/3418] Building CXX object tools/clang/lib/CodeGen/CMakeFiles/obj.clangCodeGen.dir/TargetBuiltins/Hexagon.cpp.o
[2874/3418] Building CXX object tools/clang/lib/CodeGen/CMakeFiles/obj.clangCodeGen.dir/TargetBuiltins/NVPTX.cpp.o
[2875/3418] Building CXX object tools/clang/lib/CodeGen/CMakeFiles/obj.clangCodeGen.dir/TargetBuiltins/PPC.cpp.o
[2876/3418] Building CXX object tools/clang/lib/CodeGen/CMakeFiles/obj.clangCodeGen.dir/TargetBuiltins/SPIR.cpp.o
[2877/3418] Building CXX object tools/clang/lib/CodeGen/CMakeFiles/obj.clangCodeGen.dir/TargetBuiltins/SystemZ.cpp.o
[2878/3418] Building CXX object tools/clang/lib/CodeGen/CMakeFiles/obj.clangCodeGen.dir/TargetBuiltins/WebAssembly.cpp.o
[2879/3418] Building CXX object tools/clang/lib/CodeGen/CMakeFiles/obj.clangCodeGen.dir/TargetBuiltins/RISCV.cpp.o
[2880/3418] Building CXX object tools/clang/lib/CodeGen/CMakeFiles/obj.clangCodeGen.dir/TargetBuiltins/Z80.cpp.o
[2881/3418] Building CXX object tools/clang/lib/CodeGen/CMakeFiles/obj.clangCodeGen.dir/TargetBuiltins/X86.cpp.o
[2882/3418] Building CXX object tools/clang/lib/CodeGen/CMakeFiles/obj.clangCodeGen.dir/TargetInfo.cpp.o
[2883/3418] Building CXX object tools/clang/lib/CodeGen/CMakeFiles/obj.clangCodeGen.dir/Targets/ARC.cpp.o
[2884/3418] Building CXX object tools/clang/lib/CodeGen/CMakeFiles/obj.clangCodeGen.dir/Targets/AArch64.cpp.o
[2885/3418] Building CXX object tools/clang/lib/CodeGen/CMakeFiles/obj.clangCodeGen.dir/Targets/AMDGPU.cpp.o
[2886/3418] Building CXX object tools/clang/lib/CodeGen/CMakeFiles/obj.clangCodeGen.dir/Targets/ARM.cpp.o
[2887/3418] Building CXX object tools/clang/lib/CodeGen/CMakeFiles/obj.clangCodeGen.dir/Targets/AVR.cpp.o
[2888/3418] Building CXX object tools/clang/lib/CodeGen/CMakeFiles/obj.clangCodeGen.dir/Targets/BPF.cpp.o
[2889/3418] Building CXX object tools/clang/lib/CodeGen/CMakeFiles/obj.clangCodeGen.dir/Targets/CSKY.cpp.o
[2890/3418] Building CXX object tools/clang/lib/CodeGen/CMakeFiles/obj.clangCodeGen.dir/Targets/DirectX.cpp.o
[2891/3418] Building CXX object tools/clang/lib/CodeGen/CMakeFiles/obj.clangCodeGen.dir/Targets/Lanai.cpp.o
[2892/3418] Building CXX object tools/clang/lib/CodeGen/CMakeFiles/obj.clangCodeGen.dir/Targets/Hexagon.cpp.o
[2893/3418] Building CXX object tools/clang/lib/CodeGen/CMakeFiles/obj.clangCodeGen.dir/Targets/LoongArch.cpp.o
[2894/3418] Building CXX object tools/clang/lib/CodeGen/CMakeFiles/obj.clangCodeGen.dir/Targets/M68k.cpp.o
[2895/3418] Building CXX object tools/clang/lib/CodeGen/CMakeFiles/obj.clangCodeGen.dir/Targets/MSP430.cpp.o
[2896/3418] Building CXX object tools/clang/lib/CodeGen/CMakeFiles/obj.clangCodeGen.dir/Targets/Mips.cpp.o
[2897/3418] Building CXX object tools/clang/lib/CodeGen/CMakeFiles/obj.clangCodeGen.dir/Targets/NVPTX.cpp.o
[2898/3418] Building CXX object tools/clang/lib/CodeGen/CMakeFiles/obj.clangCodeGen.dir/Targets/PPC.cpp.o
[2899/3418] Building CXX object tools/clang/lib/CodeGen/CMakeFiles/obj.clangCodeGen.dir/Targets/SPIR.cpp.o
[2900/3418] Building CXX object tools/clang/lib/CodeGen/CMakeFiles/obj.clangCodeGen.dir/Targets/RISCV.cpp.o
[2901/3418] Building CXX object tools/clang/lib/CodeGen/CMakeFiles/obj.clangCodeGen.dir/Targets/Sparc.cpp.o
[2902/3418] Building CXX object tools/clang/lib/CodeGen/CMakeFiles/obj.clangCodeGen.dir/Targets/SystemZ.cpp.o
[2903/3418] Building CXX object tools/clang/lib/CodeGen/CMakeFiles/obj.clangCodeGen.dir/Targets/TCE.cpp.o
[2904/3418] Building CXX object tools/clang/lib/CodeGen/CMakeFiles/obj.clangCodeGen.dir/Targets/VE.cpp.o
[2905/3418] Building CXX object tools/clang/lib/CodeGen/CMakeFiles/obj.clangCodeGen.dir/Targets/WebAssembly.cpp.o
[2906/3418] Building CXX object tools/clang/lib/CodeGen/CMakeFiles/obj.clangCodeGen.dir/TrapReasonBuilder.cpp.o
[2907/3418] Building CXX object tools/clang/lib/CodeGen/CMakeFiles/obj.clangCodeGen.dir/Targets/Z80.cpp.o
[2908/3418] Building CXX object tools/clang/lib/CodeGen/CMakeFiles/obj.clangCodeGen.dir/Targets/X86.cpp.o
[2909/3418] Building CXX object tools/clang/lib/CodeGen/CMakeFiles/obj.clangCodeGen.dir/Targets/XCore.cpp.o
[2910/3418] Building CXX object tools/clang/lib/CodeGen/CMakeFiles/obj.clangCodeGen.dir/VarBypassDetector.cpp.o
[2911/3418] Building CXX object tools/clang/lib/ExtractAPI/CMakeFiles/obj.clangExtractAPI.dir/APIIgnoresList.cpp.o
[2912/3418] Building CXX object tools/clang/lib/ExtractAPI/CMakeFiles/obj.clangExtractAPI.dir/API.cpp.o
[2913/3418] Building CXX object tools/clang/lib/ExtractAPI/CMakeFiles/obj.clangExtractAPI.dir/DeclarationFragments.cpp.o
[2914/3418] Building CXX object tools/clang/lib/ExtractAPI/CMakeFiles/obj.clangExtractAPI.dir/TypedefUnderlyingTypeResolver.cpp.o
[2915/3418] Building CXX object tools/clang/lib/ExtractAPI/CMakeFiles/obj.clangExtractAPI.dir/Serialization/SymbolGraphSerializer.cpp.o
[2916/3418] Building CXX object tools/clang/lib/Frontend/Rewrite/CMakeFiles/obj.clangRewriteFrontend.dir/FixItRewriter.cpp.o
[2917/3418] Building CXX object tools/clang/lib/Frontend/Rewrite/CMakeFiles/obj.clangRewriteFrontend.dir/InclusionRewriter.cpp.o
[2918/3418] Building CXX object tools/clang/lib/Frontend/Rewrite/CMakeFiles/obj.clangRewriteFrontend.dir/HTMLPrint.cpp.o
[2919/3418] Building CXX object tools/clang/lib/Frontend/Rewrite/CMakeFiles/obj.clangRewriteFrontend.dir/RewriteMacros.cpp.o
[2920/3418] Building CXX object tools/clang/lib/Frontend/Rewrite/CMakeFiles/obj.clangRewriteFrontend.dir/FrontendActions.cpp.o
[2921/3418] Building CXX object tools/clang/lib/Frontend/Rewrite/CMakeFiles/obj.clangRewriteFrontend.dir/RewriteModernObjC.cpp.o
[2922/3418] Linking CXX static library lib/libclangInstallAPI.a
[2923/3418] Building CXX object tools/clang/lib/Frontend/Rewrite/CMakeFiles/obj.clangRewriteFrontend.dir/RewriteTest.cpp.o
[2924/3418] Building CXX object tools/clang/lib/Frontend/Rewrite/CMakeFiles/obj.clangRewriteFrontend.dir/RewriteObjC.cpp.o
[2925/3418] Linking CXX static library lib/libclangStaticAnalyzerCheckers.a
[2926/3418] Building CXX object tools/clang/lib/StaticAnalyzer/Frontend/CMakeFiles/obj.clangStaticAnalyzerFrontend.dir/AnalyzerHelpFlags.cpp.o
[2927/3418] Building CXX object tools/clang/lib/StaticAnalyzer/Frontend/CMakeFiles/obj.clangStaticAnalyzerFrontend.dir/AnalysisConsumer.cpp.o
[2928/3418] Building CXX object tools/clang/lib/ExtractAPI/CMakeFiles/obj.clangExtractAPI.dir/ExtractAPIConsumer.cpp.o
[2929/3418] Building CXX object tools/clang/lib/StaticAnalyzer/Frontend/CMakeFiles/obj.clangStaticAnalyzerFrontend.dir/CheckerRegistry.cpp.o
[2930/3418] Building CXX object tools/clang/lib/StaticAnalyzer/Frontend/CMakeFiles/obj.clangStaticAnalyzerFrontend.dir/ModelConsumer.cpp.o
[2931/3418] Building BitcodeStripOpts.inc...
[2932/3418] Linking CXX static library lib/libLLVMDTLTO.a
[2933/3418] Building CXX object lib/HTTP/CMakeFiles/LLVMHTTP.dir/HTTPClient.cpp.o
[2934/3418] Building CXX object tools/clang/lib/StaticAnalyzer/Frontend/CMakeFiles/obj.clangStaticAnalyzerFrontend.dir/CreateCheckerManager.cpp.o
[2935/3418] Building CXX object lib/HTTP/CMakeFiles/LLVMHTTP.dir/HTTPServer.cpp.o
[2936/3418] Building CXX object lib/HTTP/CMakeFiles/LLVMHTTP.dir/StreamedHTTPResponseHandler.cpp.o
[2937/3418] Linking CXX static library lib/libLLVMZ80AsmParser.a
[2938/3418] Linking CXX static library lib/libLLVMZ80Disassembler.a
[2939/3418] Linking CXX static library lib/libLLVMLibDriver.a
[2940/3418] Linking CXX static library lib/libLLVMWindowsManifest.a
[2941/3418] Linking CXX static library lib/libLLVMZ80CodeGen.a
[2942/3418] Linking CXX static library lib/liblldCommon.a
[2943/3418] Building CXX object tools/clang/lib/StaticAnalyzer/Frontend/CMakeFiles/obj.clangStaticAnalyzerFrontend.dir/FrontendActions.cpp.o
[2944/3418] Building CXX object tools/clang/lib/StaticAnalyzer/Frontend/CMakeFiles/obj.clangStaticAnalyzerFrontend.dir/ModelInjector.cpp.o
[2945/3418] Building CXX object tools/lld/COFF/CMakeFiles/lldCOFF.dir/CallGraphSort.cpp.o
[2946/3418] Building CXX object tools/lld/COFF/CMakeFiles/lldCOFF.dir/COFFLinkerContext.cpp.o
[2947/3418] Building CXX object tools/lld/COFF/CMakeFiles/lldCOFF.dir/Chunks.cpp.o
[2948/3418] Building CXX object tools/lld/COFF/CMakeFiles/lldCOFF.dir/DLL.cpp.o
[2949/3418] Building CXX object tools/lld/COFF/CMakeFiles/lldCOFF.dir/DebugTypes.cpp.o
[2950/3418] Building CXX object tools/lld/COFF/CMakeFiles/lldCOFF.dir/DriverUtils.cpp.o
[2951/3418] Building CXX object tools/lld/COFF/CMakeFiles/lldCOFF.dir/ICF.cpp.o
[2952/3418] Building CXX object tools/lld/COFF/CMakeFiles/lldCOFF.dir/LLDMapFile.cpp.o
[2953/3418] Building CXX object tools/lld/COFF/CMakeFiles/lldCOFF.dir/MapFile.cpp.o
[2954/3418] Building CXX object tools/lld/COFF/CMakeFiles/lldCOFF.dir/Driver.cpp.o
[2955/3418] Building CXX object tools/lld/COFF/CMakeFiles/lldCOFF.dir/MarkLive.cpp.o
[2956/3418] Building CXX object tools/lld/COFF/CMakeFiles/lldCOFF.dir/InputFiles.cpp.o
[2957/3418] Building CXX object tools/lld/COFF/CMakeFiles/lldCOFF.dir/LTO.cpp.o
[2958/3418] Building CXX object tools/lld/COFF/CMakeFiles/lldCOFF.dir/MinGW.cpp.o
[2959/3418] Building CXX object tools/lld/COFF/CMakeFiles/lldCOFF.dir/Symbols.cpp.o
[2960/3418] Building Options.inc...
[2961/3418] Building Options.inc...
[2962/3418] Building Options.inc...
[2963/3418] Building Options.inc...
[2964/3418] Copying clang's builtins.h...
[2965/3418] Copying clang's endian.h...
[2966/3418] Copying clang's float.h...
[2967/3418] Copying clang's __float_float.h...
[2968/3418] Copying clang's __float_header_macro.h...
[2969/3418] Copying clang's __float_infinity_nan.h...
[2970/3418] Copying clang's inttypes.h...
[2971/3418] Copying clang's iso646.h...
[2972/3418] Copying clang's limits.h...
[2973/3418] Copying clang's module.modulemap...
[2974/3418] Copying clang's stdalign.h...
[2975/3418] Copying clang's stdarg.h...
[2976/3418] Copying clang's __stdarg___gnuc_va_list.h...
[2977/3418] Copying clang's __stdarg___va_copy.h...
[2978/3418] Copying clang's __stdarg_header_macro.h...
[2979/3418] Copying clang's __stdarg_va_arg.h...
[2980/3418] Copying clang's __stdarg_va_copy.h...
[2981/3418] Copying clang's __stdarg_va_list.h...
[2982/3418] Copying clang's stdatomic.h...
[2983/3418] Copying clang's stdbool.h...
[2984/3418] Copying clang's stdcountof.h...
[2985/3418] Copying clang's stdckdint.h...
[2986/3418] Copying clang's stddef.h...
[2987/3418] Copying clang's stddefer.h...
[2988/3418] Copying clang's __stddef_header_macro.h...
[2989/3418] Copying clang's __stddef_max_align_t.h...
[2990/3418] Copying clang's __stddef_null.h...
[2991/3418] Copying clang's __stddef_nullptr_t.h...
[2992/3418] Copying clang's __stddef_offsetof.h...
[2993/3418] Copying clang's __stddef_ptrdiff_t.h...
[2994/3418] Copying clang's __stddef_rsize_t.h...
[2995/3418] Copying clang's __stddef_size_t.h...
[2996/3418] Copying clang's __stddef_unreachable.h...
[2997/3418] Copying clang's __stddef_wchar_t.h...
[2998/3418] Copying clang's __stddef_wint_t.h...
[2999/3418] Copying clang's stdint.h...
[3000/3418] Copying clang's stdnoreturn.h...
[3001/3418] Copying clang's tgmath.h...
[3002/3418] Copying clang's unwind.h...
[3003/3418] Copying clang's varargs.h...
[3004/3418] Copying clang's arm_acle.h...
[3005/3418] Copying clang's arm_cmse.h...
[3006/3418] Copying clang's armintr.h...
[3007/3418] Copying clang's arm64_neon.h...
[3008/3418] Copying clang's arm64intr.h...
[3009/3418] Copying clang's arm_neon_sve_bridge.h...
[3010/3418] Copying clang's __clang_cuda_builtin_vars.h...
[3011/3418] Copying clang's __clang_cuda_math.h...
[3012/3418] Copying clang's __clang_cuda_cmath.h...
[3013/3418] Copying clang's __clang_cuda_complex_builtins.h...
[3014/3418] Copying clang's __clang_cuda_device_functions.h...
[3015/3418] Copying clang's __clang_cuda_intrinsics.h...
[3016/3418] Copying clang's __clang_cuda_texture_intrinsics.h...
[3017/3418] Copying clang's __clang_cuda_libdevice_declares.h...
[3018/3418] Copying clang's __clang_cuda_math_forward_declares.h...
[3019/3418] Copying clang's __clang_cuda_runtime_wrapper.h...
[3020/3418] Copying clang's hexagon_circ_brev_intrinsics.h...
[3021/3418] Copying clang's hexagon_protos.h...
[3022/3418] Copying clang's hexagon_types.h...
[3023/3418] Copying clang's hvx_hexagon_protos.h...
[3024/3418] Copying clang's __clang_hip_libdevice_declares.h...
[3025/3418] Copying clang's __clang_hip_cmath.h...
[3026/3418] Copying clang's __clang_hip_math.h...
[3027/3418] Copying clang's __clang_hip_stdlib.h...
[3028/3418] Copying clang's __clang_hip_runtime_wrapper.h...
[3029/3418] Copying clang's larchintrin.h...
[3030/3418] Copying clang's lasxintrin.h...
[3031/3418] Copying clang's lsxintrin.h...
[3032/3418] Copying clang's msa.h...
[3033/3418] Copying clang's opencl-c.h...
[3034/3418] Copying clang's opencl-c-base.h...
[3035/3418] Copying clang's altivec.h...
[3036/3418] Copying clang's amo.h...
[3037/3418] Copying clang's htmintrin.h...
[3038/3418] Copying clang's htmxlintrin.h...
[3039/3418] Copying clang's riscv_bitmanip.h...
[3040/3418] Copying clang's riscv_crypto.h...
[3041/3418] Copying clang's riscv_ntlh.h...
[3042/3418] Copying clang's andes_vector.h...
[3043/3418] Copying clang's riscv_corev_alu.h...
[3044/3418] Copying clang's riscv_mips.h...
[3045/3418] Copying clang's riscv_nds.h...
[3046/3418] Copying clang's sifive_vector.h...
[3047/3418] Copying clang's __clang_spirv_builtins.h...
[3048/3418] Copying clang's __clang_spirv_libdevice_declares.h...
[3049/3418] Copying clang's __clang_spirv_math.h...
[3050/3418] Copying clang's s390intrin.h...
[3051/3418] Copying clang's vecintrin.h...
[3052/3418] Copying clang's velintrin.h...
[3053/3418] Copying clang's velintrin_gen.h...
[3054/3418] Copying clang's velintrin_approx.h...
[3055/3418] Copying clang's adcintrin.h...
[3056/3418] Copying clang's adxintrin.h...
[3057/3418] Copying clang's ammintrin.h...
[3058/3418] Copying clang's amxavx512intrin.h...
[3059/3418] Copying clang's amxcomplexintrin.h...
[3060/3418] Copying clang's amxfp16intrin.h...
[3061/3418] Copying clang's amxfp8intrin.h...
[3062/3418] Copying clang's amxintrin.h...
[3063/3418] Copying clang's amxmovrsintrin.h...
[3064/3418] Copying clang's amxtf32intrin.h...
[3065/3418] Copying clang's avx10_2_512bf16intrin.h...
[3066/3418] Copying clang's avx10_2_512convertintrin.h...
[3067/3418] Copying clang's avx10_2_512minmaxintrin.h...
[3068/3418] Copying clang's avx10_2_512niintrin.h...
[3069/3418] Copying clang's avx10_2_512satcvtdsintrin.h...
[3070/3418] Copying clang's avx10_2_512satcvtintrin.h...
[3071/3418] Copying clang's avx10_2bf16intrin.h...
[3072/3418] Copying clang's avx10_2convertintrin.h...
[3073/3418] Copying clang's avx10_2copyintrin.h...
[3074/3418] Copying clang's avx10_2minmaxintrin.h...
[3075/3418] Building CXX object tools/lld/COFF/CMakeFiles/lldCOFF.dir/PDB.cpp.o
[3076/3418] Copying clang's avx10_2niintrin.h...
[3077/3418] Copying clang's avx10_2satcvtdsintrin.h...
[3078/3418] Copying clang's avx10_2satcvtintrin.h...
[3079/3418] Copying clang's avx2intrin.h...
[3080/3418] Copying clang's avx512bf16intrin.h...
[3081/3418] Copying clang's avx512bitalgintrin.h...
[3082/3418] Copying clang's avx512bwintrin.h...
[3083/3418] Copying clang's avx512cdintrin.h...
[3084/3418] Copying clang's avx512dqintrin.h...
[3085/3418] Copying clang's avx512fintrin.h...
[3086/3418] Copying clang's avx512fp16intrin.h...
[3087/3418] Copying clang's avx512ifmaintrin.h...
[3088/3418] Copying clang's avx512ifmavlintrin.h...
[3089/3418] Copying clang's avx512vbmi2intrin.h...
[3090/3418] Copying clang's avx512vbmiintrin.h...
[3091/3418] Copying clang's avx512vbmivlintrin.h...
[3092/3418] Copying clang's avx512vlbf16intrin.h...
[3093/3418] Copying clang's avx512vlbitalgintrin.h...
[3094/3418] Copying clang's avx512vlbwintrin.h...
[3095/3418] Copying clang's avx512vlcdintrin.h...
[3096/3418] Copying clang's avx512vldqintrin.h...
[3097/3418] Copying clang's avx512vlfp16intrin.h...
[3098/3418] Copying clang's avx512vlintrin.h...
[3099/3418] Copying clang's avx512vlvnniintrin.h...
[3100/3418] Copying clang's avx512vlvbmi2intrin.h...
[3101/3418] Copying clang's avx512vlvp2intersectintrin.h...
[3102/3418] Copying clang's avx512vnniintrin.h...
[3103/3418] Copying clang's avx512vpopcntdqintrin.h...
[3104/3418] Copying clang's avx512vp2intersectintrin.h...
[3105/3418] Copying clang's avx512vpopcntdqvlintrin.h...
[3106/3418] Copying clang's avxifmaintrin.h...
[3107/3418] Copying clang's avxneconvertintrin.h...
[3108/3418] Copying clang's avxintrin.h...
[3109/3418] Copying clang's avxvnniint16intrin.h...
[3110/3418] Copying clang's avxvnniint8intrin.h...
[3111/3418] Copying clang's avxvnniintrin.h...
[3112/3418] Copying clang's bmi2intrin.h...
[3113/3418] Copying clang's cetintrin.h...
[3114/3418] Copying clang's bmiintrin.h...
[3115/3418] Copying clang's cldemoteintrin.h...
[3116/3418] Copying clang's clflushoptintrin.h...
[3117/3418] Copying clang's clzerointrin.h...
[3118/3418] Copying clang's clwbintrin.h...
[3119/3418] Copying clang's cmpccxaddintrin.h...
[3120/3418] Copying clang's crc32intrin.h...
[3121/3418] Copying clang's enqcmdintrin.h...
[3122/3418] Copying clang's emmintrin.h...
[3123/3418] Copying clang's f16cintrin.h...
[3124/3418] Copying clang's fma4intrin.h...
[3125/3418] Copying clang's fxsrintrin.h...
[3126/3418] Copying clang's fmaintrin.h...
[3127/3418] Copying clang's gfniintrin.h...
[3128/3418] Copying clang's hresetintrin.h...
[3129/3418] Copying clang's ia32intrin.h...
[3130/3418] Copying clang's immintrin.h...
[3131/3418] Copying clang's invpcidintrin.h...
[3132/3418] Copying clang's keylockerintrin.h...
[3133/3418] Copying clang's lzcntintrin.h...
[3134/3418] Copying clang's lwpintrin.h...
[3135/3418] Copying clang's mm3dnow.h...
[3136/3418] Copying clang's mmintrin.h...
[3137/3418] Copying clang's movrs_avx10_2_512intrin.h...
[3138/3418] Copying clang's movdirintrin.h...
[3139/3418] Copying clang's movrsintrin.h...
[3140/3418] Copying clang's movrs_avx10_2intrin.h...
[3141/3418] Copying clang's mwaitxintrin.h...
[3142/3418] Copying clang's nmmintrin.h...
[3143/3418] Copying clang's pconfigintrin.h...
[3144/3418] Copying clang's pkuintrin.h...
[3145/3418] Copying clang's popcntintrin.h...
[3146/3418] Copying clang's pmmintrin.h...
[3147/3418] Copying clang's prfchwintrin.h...
[3148/3418] Copying clang's prfchiintrin.h...
[3149/3418] Copying clang's ptwriteintrin.h...
[3150/3418] Copying clang's ptrauth.h...
[3151/3418] Copying clang's rdpruintrin.h...
[3152/3418] Copying clang's raointintrin.h...
[3153/3418] Copying clang's rdseedintrin.h...
[3154/3418] Copying clang's rtmintrin.h...
[3155/3418] Copying clang's sgxintrin.h...
[3156/3418] Copying clang's serializeintrin.h...
[3157/3418] Copying clang's shaintrin.h...
[3158/3418] Copying clang's sha512intrin.h...
[3159/3418] Copying clang's sm3intrin.h...
[3160/3418] Copying clang's sm4intrin.h...
[3161/3418] Copying clang's sm4evexintrin.h...
[3162/3418] Copying clang's smmintrin.h...
[3163/3418] Copying clang's tbmintrin.h...
[3164/3418] Copying clang's tmmintrin.h...
[3165/3418] Copying clang's uintrintrin.h...
[3166/3418] Copying clang's tsxldtrkintrin.h...
[3167/3418] Copying clang's usermsrintrin.h...
[3168/3418] Copying clang's vaesintrin.h...
[3169/3418] Copying clang's waitpkgintrin.h...
[3170/3418] Copying clang's vpclmulqdqintrin.h...
[3171/3418] Copying clang's wbnoinvdintrin.h...
[3172/3418] Copying clang's __wmmintrin_aes.h...
[3173/3418] Copying clang's wmmintrin.h...
[3174/3418] Copying clang's __wmmintrin_pclmul.h...
[3175/3418] Copying clang's x86intrin.h...
[3176/3418] Copying clang's x86gprintrin.h...
[3177/3418] Copying clang's xopintrin.h...
[3178/3418] Copying clang's xmmintrin.h...
[3179/3418] Copying clang's xsavecintrin.h...
[3180/3418] Copying clang's xsaveintrin.h...
[3181/3418] Copying clang's xsavesintrin.h...
[3182/3418] Copying clang's xsaveoptintrin.h...
[3183/3418] Copying clang's xtestintrin.h...
[3184/3418] Copying clang's cet.h...
[3185/3418] Copying clang's amdhsa_abi.h...
[3186/3418] Copying clang's cpuid.h...
[3187/3418] Copying clang's nvptxintrin.h...
[3188/3418] Copying clang's gpuintrin.h...
[3189/3418] Copying clang's amdgpuintrin.h...
[3190/3418] Copying clang's spirvintrin.h...
[3191/3418] Copying clang's intrinsic.h...
[3192/3418] Copying clang's wasm_simd128.h...
[3193/3418] Copying clang's intrin0.h...
[3194/3418] Copying clang's intrin.h...
[3195/3418] Copying clang's yvals_core.h...
[3196/3418] Copying clang's vadefs.h...
[3197/3418] Copying clang's mm_malloc.h...
[3198/3418] Copying clang's cuda_wrappers/algorithm...
[3199/3418] Copying clang's cuda_wrappers/cmath...
[3200/3418] Copying clang's cuda_wrappers/complex...
[3201/3418] Copying clang's cuda_wrappers/bits/c++config.h...
[3202/3418] Copying clang's cuda_wrappers/new...
[3203/3418] Copying clang's cuda_wrappers/bits/shared_ptr_base.h...
[3204/3418] Copying clang's cuda_wrappers/bits/basic_string.h...
[3205/3418] Copying clang's cuda_wrappers/bits/basic_string.tcc...
[3206/3418] Copying clang's cuda_wrappers/__utility/declval.h...
[3207/3418] Copying clang's ppc_wrappers/mmintrin.h...
[3208/3418] Copying clang's ppc_wrappers/xmmintrin.h...
[3209/3418] Copying clang's ppc_wrappers/mm_malloc.h...
[3210/3418] Copying clang's ppc_wrappers/emmintrin.h...
[3211/3418] Copying clang's ppc_wrappers/tmmintrin.h...
[3212/3418] Copying clang's ppc_wrappers/pmmintrin.h...
[3213/3418] Copying clang's ppc_wrappers/smmintrin.h...
[3214/3418] Copying clang's ppc_wrappers/nmmintrin.h...
[3215/3418] Copying clang's ppc_wrappers/bmiintrin.h...
[3216/3418] Copying clang's ppc_wrappers/bmi2intrin.h...
[3217/3418] Copying clang's ppc_wrappers/immintrin.h...
[3218/3418] Copying clang's ppc_wrappers/x86intrin.h...
[3219/3418] Copying clang's openmp_wrappers/math.h...
[3220/3418] Copying clang's ppc_wrappers/x86gprintrin.h...
[3221/3418] Copying clang's openmp_wrappers/cmath...
[3222/3418] Copying clang's openmp_wrappers/complex...
[3223/3418] Copying clang's openmp_wrappers/complex.h...
[3224/3418] Copying clang's openmp_wrappers/__clang_openmp_device_functions.h...
[3225/3418] Copying clang's openmp_wrappers/complex_cmath.h...
[3226/3418] Copying clang's openmp_wrappers/new...
[3227/3418] Copying clang's zos_wrappers/builtins.h...
[3228/3418] Copying clang's hlsl.h...
[3229/3418] Copying clang's hlsl/hlsl_basic_types.h...
[3230/3418] Copying clang's hlsl/hlsl_alias_intrinsics.h...
[3231/3418] Copying clang's hlsl/hlsl_intrinsic_helpers.h...
[3232/3418] Copying clang's hlsl/hlsl_compat_overloads.h...
[3233/3418] Copying clang's hlsl/hlsl_intrinsics.h...
[3234/3418] Copying clang's hlsl/hlsl_detail.h...
[3235/3418] Copying clang's llvm_libc_wrappers/assert.h...
[3236/3418] Copying clang's hlsl/hlsl_spirv.h...
[3237/3418] Copying clang's llvm_libc_wrappers/stdio.h...
[3238/3418] Copying clang's llvm_libc_wrappers/stdlib.h...
[3239/3418] Copying clang's llvm_libc_wrappers/string.h...
[3240/3418] Copying clang's llvm_libc_wrappers/ctype.h...
[3241/3418] Copying clang's llvm_libc_wrappers/inttypes.h...
[3242/3418] Copying clang's llvm_libc_wrappers/time.h...
[3243/3418] Copying clang's llvm_offload_wrappers/__llvm_offload.h...
[3244/3418] Copying clang's llvm_offload_wrappers/__llvm_offload_host.h...
[3245/3418] Copying clang's llvm_offload_wrappers/__llvm_offload_device.h...
[3246/3418] Copying clang's hlsl/hlsl_alias_intrinsics_gen.inc...
[3247/3418] Copying clang's hlsl/hlsl_inline_intrinsics_gen.inc...
[3248/3418] Linking CXX static library lib/libclangExtractAPI.a
[3249/3418] Linking CXX static library lib/libclangRewriteFrontend.a
[3250/3418] Building CXX object tools/lld/COFF/CMakeFiles/lldCOFF.dir/SymbolTable.cpp.o
[3251/3418] Linking CXX static library lib/libclangStaticAnalyzerFrontend.a
[3252/3418] Building StripOpts.inc...
[3253/3418] Building ObjdumpOpts.inc...
[3254/3418] Building CXX object tools/lld/COFF/CMakeFiles/lldCOFF.dir/Writer.cpp.o
[3255/3418] Building CXX object lib/CodeGen/MIRParser/CMakeFiles/LLVMMIRParser.dir/MILexer.cpp.o
[3256/3418] Linking CXX static library lib/libclangCodeGen.a
[3257/3418] Building CXX object lib/ObjCopy/CMakeFiles/LLVMObjCopy.dir/Archive.cpp.o
[3258/3418] Building CXX object lib/ObjCopy/CMakeFiles/LLVMObjCopy.dir/DXContainer/DXContainerObjcopy.cpp.o
[3259/3418] Building CXX object tools/clang/lib/FrontendTool/CMakeFiles/obj.clangFrontendTool.dir/ExecuteCompilerInvocation.cpp.o
[3260/3418] Building CXX object lib/ObjCopy/CMakeFiles/LLVMObjCopy.dir/DXContainer/DXContainerObject.cpp.o
[3261/3418] Building CXX object lib/ObjCopy/CMakeFiles/LLVMObjCopy.dir/DXContainer/DXContainerReader.cpp.o
[3262/3418] Building CXX object lib/CodeGen/MIRParser/CMakeFiles/LLVMMIRParser.dir/MIParser.cpp.o
[3263/3418] Building CXX object lib/ObjCopy/CMakeFiles/LLVMObjCopy.dir/DXContainer/DXContainerWriter.cpp.o
[3264/3418] Building CXX object lib/ObjCopy/CMakeFiles/LLVMObjCopy.dir/CommonConfig.cpp.o
[3265/3418] Building CXX object lib/ObjCopy/CMakeFiles/LLVMObjCopy.dir/ConfigManager.cpp.o
[3266/3418] Building CXX object lib/ObjCopy/CMakeFiles/LLVMObjCopy.dir/ObjCopy.cpp.o
[3267/3418] Building CXX object lib/CodeGen/MIRParser/CMakeFiles/LLVMMIRParser.dir/MIRParser.cpp.o
[3268/3418] Building CXX object lib/ObjCopy/CMakeFiles/LLVMObjCopy.dir/COFF/COFFObjcopy.cpp.o
[3269/3418] Building CXX object lib/ObjCopy/CMakeFiles/LLVMObjCopy.dir/COFF/COFFObject.cpp.o
[3270/3418] Building CXX object lib/ObjCopy/CMakeFiles/LLVMObjCopy.dir/COFF/COFFReader.cpp.o
[3271/3418] Building CXX object lib/ObjCopy/CMakeFiles/LLVMObjCopy.dir/COFF/COFFWriter.cpp.o
[3272/3418] Building CXX object lib/ObjCopy/CMakeFiles/LLVMObjCopy.dir/MachO/MachOReader.cpp.o
[3273/3418] Building CXX object lib/ObjCopy/CMakeFiles/LLVMObjCopy.dir/ELF/ELFObjcopy.cpp.o
[3274/3418] Building CXX object lib/ObjCopy/CMakeFiles/LLVMObjCopy.dir/MachO/MachOObjcopy.cpp.o
[3275/3418] Building CXX object lib/ObjCopy/CMakeFiles/LLVMObjCopy.dir/MachO/MachOLayoutBuilder.cpp.o
[3276/3418] Building CXX object lib/ObjCopy/CMakeFiles/LLVMObjCopy.dir/MachO/MachOWriter.cpp.o
[3277/3418] Building CXX object lib/ObjCopy/CMakeFiles/LLVMObjCopy.dir/MachO/MachOObject.cpp.o
[3278/3418] Building CXX object lib/ObjCopy/CMakeFiles/LLVMObjCopy.dir/wasm/WasmObject.cpp.o
[3279/3418] Building CXX object lib/ObjCopy/CMakeFiles/LLVMObjCopy.dir/wasm/WasmReader.cpp.o
[3280/3418] Building CXX object lib/ObjCopy/CMakeFiles/LLVMObjCopy.dir/wasm/WasmWriter.cpp.o
[3281/3418] Building CXX object lib/ObjCopy/CMakeFiles/LLVMObjCopy.dir/XCOFF/XCOFFObjcopy.cpp.o
[3282/3418] Building CXX object lib/ObjCopy/CMakeFiles/LLVMObjCopy.dir/wasm/WasmObjcopy.cpp.o
[3283/3418] Linking CXX static library lib/libLLVMHTTP.a
[3284/3418] Building CXX object lib/ObjCopy/CMakeFiles/LLVMObjCopy.dir/XCOFF/XCOFFReader.cpp.o
[3285/3418] Building CXX object lib/ObjCopy/CMakeFiles/LLVMObjCopy.dir/XCOFF/XCOFFWriter.cpp.o
[3286/3418] Linking CXX static library lib/liblldCOFF.a
[3287/3418] Building CXX object lib/Debuginfod/CMakeFiles/LLVMDebuginfod.dir/BuildIDFetcher.cpp.o
[3288/3418] Building CXX object lib/ObjCopy/CMakeFiles/LLVMObjCopy.dir/ELF/ELFObject.cpp.o
[3289/3418] Building CXX object tools/lld/ELF/CMakeFiles/lldELF.dir/Arch/AMDGPU.cpp.o
[3290/3418] Building CXX object tools/lld/ELF/CMakeFiles/lldELF.dir/AArch64ErrataFix.cpp.o
[3291/3418] Building CXX object lib/Debuginfod/CMakeFiles/LLVMDebuginfod.dir/Debuginfod.cpp.o
[3292/3418] Building CXX object tools/lld/ELF/CMakeFiles/lldELF.dir/Arch/AArch64.cpp.o
[3293/3418] Building CXX object tools/lld/ELF/CMakeFiles/lldELF.dir/Arch/AVR.cpp.o
[3294/3418] Building CXX object tools/lld/ELF/CMakeFiles/lldELF.dir/Arch/Hexagon.cpp.o
[3295/3418] Building CXX object tools/lld/ELF/CMakeFiles/lldELF.dir/Arch/ARM.cpp.o
[3296/3418] Building CXX object tools/lld/ELF/CMakeFiles/lldELF.dir/Arch/LoongArch.cpp.o
[3297/3418] Building CXX object tools/lld/ELF/CMakeFiles/lldELF.dir/Arch/MipsArchTree.cpp.o
[3298/3418] Building CXX object tools/lld/ELF/CMakeFiles/lldELF.dir/Arch/Mips.cpp.o
[3299/3418] Building CXX object tools/lld/ELF/CMakeFiles/lldELF.dir/Arch/MSP430.cpp.o
[3300/3418] Building CXX object tools/lld/ELF/CMakeFiles/lldELF.dir/Arch/PPC.cpp.o
[3301/3418] Building CXX object tools/lld/ELF/CMakeFiles/lldELF.dir/Arch/SPARCV9.cpp.o
[3302/3418] Building CXX object tools/lld/ELF/CMakeFiles/lldELF.dir/Arch/PPC64.cpp.o
[3303/3418] Building CXX object tools/lld/ELF/CMakeFiles/lldELF.dir/Arch/SystemZ.cpp.o
[3304/3418] Building CXX object tools/lld/ELF/CMakeFiles/lldELF.dir/Arch/RISCV.cpp.o
[3305/3418] Building CXX object tools/lld/ELF/CMakeFiles/lldELF.dir/Arch/X86.cpp.o
[3306/3418] Building CXX object tools/lld/ELF/CMakeFiles/lldELF.dir/Arch/Z80.cpp.o
[3307/3418] Building CXX object tools/lld/ELF/CMakeFiles/lldELF.dir/Arch/X86_64.cpp.o
[3308/3418] Building CXX object tools/lld/ELF/CMakeFiles/lldELF.dir/ARMErrataFix.cpp.o
[3309/3418] Building CXX object tools/lld/ELF/CMakeFiles/lldELF.dir/CallGraphSort.cpp.o
[3310/3418] Building CXX object tools/lld/ELF/CMakeFiles/lldELF.dir/DWARF.cpp.o
[3311/3418] Building CXX object tools/lld/ELF/CMakeFiles/lldELF.dir/EhFrame.cpp.o
[3312/3418] Building CXX object tools/lld/ELF/CMakeFiles/lldELF.dir/DriverUtils.cpp.o
[3313/3418] Building CXX object tools/lld/ELF/CMakeFiles/lldELF.dir/BPSectionOrderer.cpp.o
[3314/3418] Building CXX object tools/lld/ELF/CMakeFiles/lldELF.dir/ICF.cpp.o
[3315/3418] Building CXX object tools/lld/ELF/CMakeFiles/lldELF.dir/InputSection.cpp.o
[3316/3418] Building CXX object tools/lld/ELF/CMakeFiles/lldELF.dir/LTO.cpp.o
[3317/3418] Building CXX object tools/lld/ELF/CMakeFiles/lldELF.dir/Driver.cpp.o
[3318/3418] Building CXX object tools/lld/ELF/CMakeFiles/lldELF.dir/LinkerScript.cpp.o
[3319/3418] Building CXX object tools/lld/ELF/CMakeFiles/lldELF.dir/InputFiles.cpp.o
[3320/3418] Building CXX object tools/lld/ELF/CMakeFiles/lldELF.dir/MapFile.cpp.o
[3321/3418] Building CXX object tools/lld/ELF/CMakeFiles/lldELF.dir/MarkLive.cpp.o
[3322/3418] Building CXX object tools/lld/ELF/CMakeFiles/lldELF.dir/ScriptLexer.cpp.o
[3323/3418] Building CXX object tools/lld/ELF/CMakeFiles/lldELF.dir/OutputSections.cpp.o
[3324/3418] Building CXX object tools/lld/ELF/CMakeFiles/lldELF.dir/Relocations.cpp.o
[3325/3418] Building CXX object tools/lld/ELF/CMakeFiles/lldELF.dir/SymbolTable.cpp.o
[3326/3418] Building CXX object tools/lld/ELF/CMakeFiles/lldELF.dir/Symbols.cpp.o
[3327/3418] Building CXX object tools/lld/ELF/CMakeFiles/lldELF.dir/Target.cpp.o
[3328/3418] Building CXX object tools/lld/ELF/CMakeFiles/lldELF.dir/ScriptParser.cpp.o
[3329/3418] Building CXX object tools/lld/ELF/CMakeFiles/lldELF.dir/Thunks.cpp.o
[3330/3418] Building CXX object tools/lld/MachO/CMakeFiles/lldMachO.dir/Arch/ARM64.cpp.o
[3331/3418] Building CXX object tools/lld/MachO/CMakeFiles/lldMachO.dir/Arch/ARM64Common.cpp.o
[3332/3418] Building CXX object tools/lld/MachO/CMakeFiles/lldMachO.dir/Arch/ARM64_32.cpp.o
[3333/3418] Building CXX object tools/lld/MachO/CMakeFiles/lldMachO.dir/Arch/X86_64.cpp.o
[3334/3418] Building CXX object tools/lld/MachO/CMakeFiles/lldMachO.dir/ConcatOutputSection.cpp.o
[3335/3418] Building CXX object tools/lld/ELF/CMakeFiles/lldELF.dir/Writer.cpp.o
[3336/3418] Building CXX object tools/lld/MachO/CMakeFiles/lldMachO.dir/Dwarf.cpp.o
[3337/3418] Building CXX object tools/lld/MachO/CMakeFiles/lldMachO.dir/EhFrame.cpp.o
[3338/3418] Building CXX object tools/lld/ELF/CMakeFiles/lldELF.dir/SyntheticSections.cpp.o
[3339/3418] Building CXX object tools/lld/MachO/CMakeFiles/lldMachO.dir/DriverUtils.cpp.o
[3340/3418] Building CXX object tools/lld/MachO/CMakeFiles/lldMachO.dir/ExportTrie.cpp.o
[3341/3418] Building CXX object tools/lld/MachO/CMakeFiles/lldMachO.dir/Driver.cpp.o
[3342/3418] Building CXX object tools/lld/MachO/CMakeFiles/lldMachO.dir/ICF.cpp.o
[3343/3418] Building CXX object tools/lld/MachO/CMakeFiles/lldMachO.dir/LinkerOptimizationHints.cpp.o
[3344/3418] Building CXX object tools/lld/MachO/CMakeFiles/lldMachO.dir/InputSection.cpp.o
[3345/3418] Building CXX object tools/lld/MachO/CMakeFiles/lldMachO.dir/MarkLive.cpp.o
[3346/3418] Building CXX object tools/lld/MachO/CMakeFiles/lldMachO.dir/MapFile.cpp.o
[3347/3418] Building CXX object tools/lld/MachO/CMakeFiles/lldMachO.dir/OutputSection.cpp.o
[3348/3418] Building CXX object tools/lld/MachO/CMakeFiles/lldMachO.dir/LTO.cpp.o
[3349/3418] Building CXX object tools/lld/MachO/CMakeFiles/lldMachO.dir/InputFiles.cpp.o
[3350/3418] Building CXX object tools/lld/MachO/CMakeFiles/lldMachO.dir/ObjC.cpp.o
[3351/3418] Building CXX object tools/lld/MachO/CMakeFiles/lldMachO.dir/Relocations.cpp.o
[3352/3418] Building CXX object tools/lld/MachO/CMakeFiles/lldMachO.dir/OutputSegment.cpp.o
[3353/3418] Building CXX object tools/lld/MachO/CMakeFiles/lldMachO.dir/Sections.cpp.o
[3354/3418] Building CXX object tools/lld/MachO/CMakeFiles/lldMachO.dir/SectionPriorities.cpp.o
[3355/3418] Building CXX object tools/lld/MachO/CMakeFiles/lldMachO.dir/SymbolTable.cpp.o
[3356/3418] Building CXX object tools/lld/MachO/CMakeFiles/lldMachO.dir/Symbols.cpp.o
[3357/3418] Building CXX object tools/lld/MachO/CMakeFiles/lldMachO.dir/BPSectionOrderer.cpp.o
[3358/3418] Building CXX object tools/lld/MachO/CMakeFiles/lldMachO.dir/Target.cpp.o
[3359/3418] Building CXX object tools/lld/MinGW/CMakeFiles/lldMinGW.dir/Driver.cpp.o
[3360/3418] Building CXX object tools/lld/MachO/CMakeFiles/lldMachO.dir/UnwindInfoSection.cpp.o
[3361/3418] Building CXX object tools/lld/MachO/CMakeFiles/lldMachO.dir/Writer.cpp.o
[3362/3418] Building CXX object tools/lld/MachO/CMakeFiles/lldMachO.dir/SyntheticSections.cpp.o
[3363/3418] Building CXX object tools/lld/wasm/CMakeFiles/lldWasm.dir/InputChunks.cpp.o
[3364/3418] Building CXX object tools/lld/wasm/CMakeFiles/lldWasm.dir/Driver.cpp.o
[3365/3418] Building CXX object tools/lld/wasm/CMakeFiles/lldWasm.dir/LTO.cpp.o
[3366/3418] Building CXX object tools/lld/wasm/CMakeFiles/lldWasm.dir/InputFiles.cpp.o
[3367/3418] Building CXX object tools/lld/wasm/CMakeFiles/lldWasm.dir/MapFile.cpp.o
[3368/3418] Building CXX object tools/lld/wasm/CMakeFiles/lldWasm.dir/MarkLive.cpp.o
[3369/3418] Building CXX object tools/lld/wasm/CMakeFiles/lldWasm.dir/OutputSections.cpp.o
[3370/3418] Building CXX object tools/lld/wasm/CMakeFiles/lldWasm.dir/OutputSegment.cpp.o
[3371/3418] Building CXX object tools/lld/wasm/CMakeFiles/lldWasm.dir/Relocations.cpp.o
[3372/3418] Building CXX object tools/lld/wasm/CMakeFiles/lldWasm.dir/SymbolTable.cpp.o
[3373/3418] Building CXX object tools/lld/wasm/CMakeFiles/lldWasm.dir/Symbols.cpp.o
[3374/3418] Linking CXX static library lib/libclangFrontendTool.a
[3375/3418] Building CXX object tools/lld/wasm/CMakeFiles/lldWasm.dir/WriterUtils.cpp.o
[3376/3418] Building CXX object tools/lld/wasm/CMakeFiles/lldWasm.dir/SyntheticSections.cpp.o
[3377/3418] Building CXX object tools/lld/wasm/CMakeFiles/lldWasm.dir/Writer.cpp.o
[3378/3418] Building CXX object tools/clang/tools/driver/CMakeFiles/clang.dir/driver.cpp.o
[3379/3418] Building CXX object tools/clang/tools/driver/CMakeFiles/clang.dir/clang-driver.cpp.o
[3380/3418] Building CXX object tools/clang/tools/driver/CMakeFiles/clang.dir/cc1as_main.cpp.o
[3381/3418] Building Opts.inc...
[3382/3418] Building ExtractBundleEntryOpts.inc...
[3383/3418] Building OtoolOpts.inc...
[3384/3418] Linking CXX static library lib/libLLVMMIRParser.a
[3385/3418] Linking CXX static library lib/libLLVMDebuginfod.a
[3386/3418] Linking CXX static library lib/libLLVMObjCopy.a
[3387/3418] Building CXX object tools/lld/tools/lld/CMakeFiles/lld.dir/lld-driver.cpp.o
[3388/3418] Linking CXX static library lib/liblldELF.a
[3389/3418] Building CXX object tools/lld/tools/lld/CMakeFiles/lld.dir/lld.cpp.o
[3390/3418] Linking CXX static library lib/liblldMinGW.a
[3391/3418] Linking CXX static library lib/liblldMachO.a
[3392/3418] Linking CXX static library lib/liblldWasm.a
[3393/3418] Building CXX object tools/clang/tools/driver/CMakeFiles/clang.dir/cc1gen_reproducer_main.cpp.o
[3394/3418] Building CXX object tools/clang/tools/driver/CMakeFiles/clang.dir/cc1_main.cpp.o
[3395/3418] Linking CXX executable bin/clang-24
[3396/3418] Building CXX object tools/llvm-nm/CMakeFiles/llvm-nm.dir/llvm-nm-driver.cpp.o
[3397/3418] Building CXX object tools/llc/CMakeFiles/llc.dir/llc.cpp.o
[3398/3418] Building CXX object tools/llvm-nm/CMakeFiles/llvm-nm.dir/llvm-nm.cpp.o
[3399/3418] Building CXX object tools/llc/CMakeFiles/llc.dir/NewPMDriver.cpp.o
[3400/3418] Building CXX object tools/llvm-objcopy/CMakeFiles/llvm-objcopy.dir/llvm-objcopy-driver.cpp.o
[3401/3418] Building CXX object tools/llvm-objcopy/CMakeFiles/llvm-objcopy.dir/llvm-objcopy.cpp.o
[3402/3418] Building CXX object tools/llvm-objcopy/CMakeFiles/llvm-objcopy.dir/ObjcopyOptions.cpp.o
[3403/3418] Building CXX object tools/llvm-objdump/CMakeFiles/llvm-objdump.dir/COFFDump.cpp.o
[3404/3418] Building CXX object tools/llvm-objdump/CMakeFiles/llvm-objdump.dir/SourcePrinter.cpp.o
[3405/3418] Building CXX object tools/llvm-objdump/CMakeFiles/llvm-objdump.dir/DXContainerDump.cpp.o
[3406/3418] Building CXX object tools/llvm-objdump/CMakeFiles/llvm-objdump.dir/OffloadDump.cpp.o
[3407/3418] Building CXX object tools/llvm-objdump/CMakeFiles/llvm-objdump.dir/ELFDump.cpp.o
[3408/3418] Building CXX object tools/llvm-objdump/CMakeFiles/llvm-objdump.dir/WasmDump.cpp.o
[3409/3418] Building CXX object tools/llvm-objdump/CMakeFiles/llvm-objdump.dir/llvm-objdump-driver.cpp.o
[3410/3418] Linking CXX executable bin/lld
[3411/3418] Creating executable symlink bin/clang
[3412/3418] Building CXX object tools/llvm-objdump/CMakeFiles/llvm-objdump.dir/llvm-objdump.cpp.o
[3413/3418] Building CXX object tools/llvm-objdump/CMakeFiles/llvm-objdump.dir/XCOFFDump.cpp.o
[3414/3418] Linking CXX executable bin/llvm-nm
[3415/3418] Linking CXX executable bin/llvm-objcopy
[3416/3418] Linking CXX executable bin/llc
[3417/3418] Building CXX object tools/llvm-objdump/CMakeFiles/llvm-objdump.dir/MachODump.cpp.o
[3418/3418] Linking CXX executable bin/llvm-objdump
